id_a,id_b,jaccard_estimado,title_a,title_b,date_a,date_b,category_a,category_b
120,72821,0.9765625,"Fechamos o ano com grave dívida moral, reclama leitor","Fechamos o ano com grande dívida moral, reclama leitor",2015-01-01,2016-01-01,paineldoleitor,paineldoleitor
151,159,0.9375,"Governo vai defender Petrobras de 'inimigos externos', diz Dilma","Em discurso, Dilma prioriza educação e defende Petrobras; veja a íntegra",2015-01-01,2015-01-01,poder,poder
155,159,0.8984375,Análise: Dilma tenta responder à crise,"Em discurso, Dilma prioriza educação e defende Petrobras; veja a íntegra",2015-01-01,2015-01-01,poder,poder
659,19046,0.9453125,Forças Armadas começam a deixar Complexo da Maré no Rio,"No Rio, UPP da Maré será instalada em área controlada por milícia",2015-01-04,2015-03-30,cotidiano,cotidiano
835,847,1.0,Aviso,Aviso,2015-01-05,2015-01-05,colunas,colunas
835,20962,0.8515625,Aviso,Aviso,2015-01-05,2015-04-09,colunas,colunas
847,20962,0.8515625,Aviso,Aviso,2015-01-05,2015-04-09,colunas,colunas
1153,2513,0.984375,Confira a tampa de privada luminescente e outras bugigangas,Confira a jaqueta com luzes de LED e outras bugigangas tecnológicas,2015-01-06,2015-01-13,tec,tec
1153,4078,0.984375,Confira a tampa de privada luminescente e outras bugigangas,Confira a 'carteira playstation' e outras bugigangas tecnológicas,2015-01-06,2015-01-20,tec,tec
1153,5757,0.984375,Confira a tampa de privada luminescente e outras bugigangas,Confira o mouse com entrada USB e outras bugigangas tecnológicas,2015-01-06,2015-01-27,tec,tec
1153,10072,0.984375,Confira a tampa de privada luminescente e outras bugigangas,Confira os disquetes porta-copos e outras bugigangas tecnológicas,2015-01-06,2015-02-17,tec,tec
1153,11663,0.984375,Confira a tampa de privada luminescente e outras bugigangas,Confira o 'botão Bluetooth' e outras bugigangas tecnológicas,2015-01-06,2015-02-24,tec,tec
1153,13067,0.984375,Confira a tampa de privada luminescente e outras bugigangas,Confira a capa de concreto para iPhone e outras bugigangas tecnológicas,2015-01-06,2015-03-02,tec,tec
1153,13341,0.984375,Confira a tampa de privada luminescente e outras bugigangas,Confira a 'torradeira Darth Vader' e outras bugigangas tecnológicas,2015-01-06,2015-03-03,tec,tec
1153,14221,0.953125,Confira a tampa de privada luminescente e outras bugigangas,Confira a 'máscara Doge' e outras compras tecnológicas,2015-01-06,2015-03-08,tec,tec
1153,16178,0.984375,Confira a tampa de privada luminescente e outras bugigangas,Confira tábua de carne do 'Nintendinho' e outras bugigangas tecnológicas,2015-01-06,2015-03-17,tec,tec
1153,17870,0.984375,Confira a tampa de privada luminescente e outras bugigangas,Confira colchão inteligente e outras bugigangas tecnológicas,2015-01-06,2015-03-24,tec,tec
1153,19396,0.9921875,Confira a tampa de privada luminescente e outras bugigangas,Veja cabideiro que imita controle de PS3 e outras bugigangas tecnológicas,2015-01-06,2015-03-31,tec,tec
1153,20404,1.0,Confira a tampa de privada luminescente e outras bugigangas,Confira o alto-falante 'Iron Man' e outras bugigangas tecnológicas,2015-01-06,2015-04-05,tec,tec
1153,22086,1.0,Confira a tampa de privada luminescente e outras bugigangas,Confira projetor de papelão e outras bugigangas tecnológicas,2015-01-06,2015-04-14,tec,tec
1153,23357,1.0,Confira a tampa de privada luminescente e outras bugigangas,Confira 'anzol' inteligente e outras bugigangas tecnológicas,2015-01-06,2015-04-21,tec,tec
1153,24531,0.953125,Confira a tampa de privada luminescente e outras bugigangas,Veja escova de dentes com visor e outras bugigangas tecnológicas,2015-01-06,2015-04-27,tec,tec
1153,27130,0.9375,Confira a tampa de privada luminescente e outras bugigangas,Confira o transmissor FM para carros e outras compras tecnológicas,2015-01-06,2015-05-10,tec,tec
1153,28607,1.0,Confira a tampa de privada luminescente e outras bugigangas,Confira adaptador bluetooth e outras bugigangas tecnológicas,2015-01-06,2015-05-18,tec,tec
1153,29918,1.0,Confira a tampa de privada luminescente e outras bugigangas,Confira o recarregador USB solar e outras compras tecnológicas,2015-01-06,2015-05-25,tec,tec
1153,31336,0.984375,Confira a tampa de privada luminescente e outras bugigangas,Confira a espada 'Minecraft' e outras bugigangas tecnológicas,2015-01-06,2015-06-01,tec,tec
1153,32564,0.953125,Confira a tampa de privada luminescente e outras bugigangas,Confira o suporte para celular na bike e outras compras tecnológicas,2015-01-06,2015-06-07,tec,tec
1153,34003,0.953125,Confira a tampa de privada luminescente e outras bugigangas,Veja USB que vira lanterna e outras bugigangas tecnológicas,2015-01-06,2015-06-15,tec,tec
1153,35417,0.9375,Confira a tampa de privada luminescente e outras bugigangas,Veja casaco de moletom para os fãs de wi-fi e outras compras tecnológicas,2015-01-06,2015-06-22,tec,tec
1153,36823,0.953125,Confira a tampa de privada luminescente e outras bugigangas,Confira o alto-falante canino e outras compras tecnológicas,2015-01-06,2015-06-29,tec,tec
1153,37886,1.0,Confira a tampa de privada luminescente e outras bugigangas,Confira celular de baixo custo da Sony e outras bugigangas tecnológicas,2015-01-06,2015-07-04,tec,tec
1153,38842,0.953125,Confira a tampa de privada luminescente e outras bugigangas,Confira o esterilizador de celular e outras compras tecnológicas,2015-01-06,2015-07-09,tec,tec
1153,40954,0.953125,Confira a tampa de privada luminescente e outras bugigangas,Confira o comunicador de 'Jornada nas Estrelas' e outras compras tecnológicas,2015-01-06,2015-07-20,tec,tec
1153,42225,0.953125,Confira a tampa de privada luminescente e outras bugigangas,Confira o novo celular Alcatel e outras compras tecnológicas,2015-01-06,2015-07-27,tec,tec
1153,44209,1.0,Confira a tampa de privada luminescente e outras bugigangas,Veja o alto-falante com 20 horas de bateria e outras compras tecnológicas,2015-01-06,2015-08-06,tec,tec
1153,47657,0.953125,Confira a tampa de privada luminescente e outras bugigangas,Confira o roteador 'drone' e outras compras tecnológicas,2015-01-06,2015-08-24,tec,tec
1153,49105,0.953125,Confira a tampa de privada luminescente e outras bugigangas,Confira o smartphone com Linux e outras compras tecnológicas,2015-01-06,2015-08-31,tec,tec
1153,54735,0.9375,Confira a tampa de privada luminescente e outras bugigangas,Confira a câmera disfarçada de fonte e outras compras tecnológicas,2015-01-06,2015-09-28,tec,tec
1153,55556,0.984375,Confira a tampa de privada luminescente e outras bugigangas,Confira o 'capacete Metroid' e outras bugigangas tecnológicas,2015-01-06,2015-10-02,tec,tec
1153,55807,0.984375,Confira a tampa de privada luminescente e outras bugigangas,Confira o kit de decoração de unhas tetris e outras bugigangas tecnológicas,2015-01-06,2015-10-03,tec,tec
1153,56751,0.953125,Confira a tampa de privada luminescente e outras bugigangas,Confira a lente 'profissional' para smartphone e outras compras,2015-01-06,2015-10-08,tec,tec
1153,68450,1.0,Confira a tampa de privada luminescente e outras bugigangas,Confira o tablet projetor e outras bugigangas tecnológicas,2015-01-06,2015-12-05,tec,tec
1176,1177,0.96875,Gol vai anunciar nova marca,Cristiano Araújo doou R$ 2 milhões ao Hospital do Câncer de Barretos,2015-01-07,2015-01-07,colunas,colunas
1495,8318,1.0,Domingo tem bloqueios na zona sul e festival de cerveja artesanal,Redução de velocidade no centro e na zona leste começam nesta segunda,2015-01-08,2015-02-08,saopaulo,saopaulo
1495,14220,1.0,Domingo tem bloqueios na zona sul e festival de cerveja artesanal,"SPh: Aos 93, Bibi Ferreira volta aos palcos nesta terça para cantar Sinatra",2015-01-08,2015-03-08,saopaulo,saopaulo
1836,1843,0.9140625,Bancários anunciam greve em Brasília e Porto Alegre,Bancários entram em greve na próxima terça-feira,2015-01-10,2015-01-10,mercado,mercado
1863,2040,1.0,"Omissão de deputados em pesquisa sobre cassação de Cunha é vergonha, diz leitora","Omissão de deputados em pesquisa sobre Cunha é vergonha, diz leitora",2015-01-10,2015-01-11,paineldoleitor,paineldoleitor
1994,2078,0.9921875,Cem anos de 'A Metamorfose': Bete Coelho interpreta cinco traduções,Cem anos de 'A Metamorfose': Bete Coelho interpreta cinco traduções,2015-01-11,2015-01-11,ilustrada,tv
2089,2148,1.0,Aplicativos de celular ajudam mulheres a mapear ciclo menstrual,Aplicativos de celulares ajudam mulheres a mapear ciclo menstrual,2015-01-12,2015-01-12,ciencia,equilibrioesaude
2137,67334,0.953125,Fuvest foi clássica e sem 'pegadinha' na 1ª fase; professores comentam,Fuvest foi clássica e sem 'pegadinha' na 1ª fase; professores comentam,2015-01-12,2015-11-30,educacao,tv
2244,2245,1.0,Possível encerramento da epidemia de Aids,Possível encerramento da epidemia de Aids,2015-01-12,2015-01-12,opiniao,opiniao
2513,4078,1.0,Confira a jaqueta com luzes de LED e outras bugigangas tecnológicas,Confira a 'carteira playstation' e outras bugigangas tecnológicas,2015-01-13,2015-01-20,tec,tec
2513,5757,1.0,Confira a jaqueta com luzes de LED e outras bugigangas tecnológicas,Confira o mouse com entrada USB e outras bugigangas tecnológicas,2015-01-13,2015-01-27,tec,tec
2513,10072,1.0,Confira a jaqueta com luzes de LED e outras bugigangas tecnológicas,Confira os disquetes porta-copos e outras bugigangas tecnológicas,2015-01-13,2015-02-17,tec,tec
2513,11663,1.0,Confira a jaqueta com luzes de LED e outras bugigangas tecnológicas,Confira o 'botão Bluetooth' e outras bugigangas tecnológicas,2015-01-13,2015-02-24,tec,tec
2513,13067,1.0,Confira a jaqueta com luzes de LED e outras bugigangas tecnológicas,Confira a capa de concreto para iPhone e outras bugigangas tecnológicas,2015-01-13,2015-03-02,tec,tec
2513,13341,1.0,Confira a jaqueta com luzes de LED e outras bugigangas tecnológicas,Confira a 'torradeira Darth Vader' e outras bugigangas tecnológicas,2015-01-13,2015-03-03,tec,tec
2513,14221,0.9375,Confira a jaqueta com luzes de LED e outras bugigangas tecnológicas,Confira a 'máscara Doge' e outras compras tecnológicas,2015-01-13,2015-03-08,tec,tec
2513,16178,1.0,Confira a jaqueta com luzes de LED e outras bugigangas tecnológicas,Confira tábua de carne do 'Nintendinho' e outras bugigangas tecnológicas,2015-01-13,2015-03-17,tec,tec
2513,17870,1.0,Confira a jaqueta com luzes de LED e outras bugigangas tecnológicas,Confira colchão inteligente e outras bugigangas tecnológicas,2015-01-13,2015-03-24,tec,tec
2513,19396,0.9765625,Confira a jaqueta com luzes de LED e outras bugigangas tecnológicas,Veja cabideiro que imita controle de PS3 e outras bugigangas tecnológicas,2015-01-13,2015-03-31,tec,tec
2513,20404,0.984375,Confira a jaqueta com luzes de LED e outras bugigangas tecnológicas,Confira o alto-falante 'Iron Man' e outras bugigangas tecnológicas,2015-01-13,2015-04-05,tec,tec
2513,22086,0.984375,Confira a jaqueta com luzes de LED e outras bugigangas tecnológicas,Confira projetor de papelão e outras bugigangas tecnológicas,2015-01-13,2015-04-14,tec,tec
2513,23357,0.984375,Confira a jaqueta com luzes de LED e outras bugigangas tecnológicas,Confira 'anzol' inteligente e outras bugigangas tecnológicas,2015-01-13,2015-04-21,tec,tec
2513,24531,0.9375,Confira a jaqueta com luzes de LED e outras bugigangas tecnológicas,Veja escova de dentes com visor e outras bugigangas tecnológicas,2015-01-13,2015-04-27,tec,tec
2513,27130,0.921875,Confira a jaqueta com luzes de LED e outras bugigangas tecnológicas,Confira o transmissor FM para carros e outras compras tecnológicas,2015-01-13,2015-05-10,tec,tec
2513,28607,0.984375,Confira a jaqueta com luzes de LED e outras bugigangas tecnológicas,Confira adaptador bluetooth e outras bugigangas tecnológicas,2015-01-13,2015-05-18,tec,tec
2513,29918,0.984375,Confira a jaqueta com luzes de LED e outras bugigangas tecnológicas,Confira o recarregador USB solar e outras compras tecnológicas,2015-01-13,2015-05-25,tec,tec
2513,31336,1.0,Confira a jaqueta com luzes de LED e outras bugigangas tecnológicas,Confira a espada 'Minecraft' e outras bugigangas tecnológicas,2015-01-13,2015-06-01,tec,tec
2513,32564,0.9375,Confira a jaqueta com luzes de LED e outras bugigangas tecnológicas,Confira o suporte para celular na bike e outras compras tecnológicas,2015-01-13,2015-06-07,tec,tec
2513,34003,0.9375,Confira a jaqueta com luzes de LED e outras bugigangas tecnológicas,Veja USB que vira lanterna e outras bugigangas tecnológicas,2015-01-13,2015-06-15,tec,tec
2513,35417,0.953125,Confira a jaqueta com luzes de LED e outras bugigangas tecnológicas,Veja casaco de moletom para os fãs de wi-fi e outras compras tecnológicas,2015-01-13,2015-06-22,tec,tec
2513,36823,0.9375,Confira a jaqueta com luzes de LED e outras bugigangas tecnológicas,Confira o alto-falante canino e outras compras tecnológicas,2015-01-13,2015-06-29,tec,tec
2513,37886,0.984375,Confira a jaqueta com luzes de LED e outras bugigangas tecnológicas,Confira celular de baixo custo da Sony e outras bugigangas tecnológicas,2015-01-13,2015-07-04,tec,tec
2513,38842,0.9375,Confira a jaqueta com luzes de LED e outras bugigangas tecnológicas,Confira o esterilizador de celular e outras compras tecnológicas,2015-01-13,2015-07-09,tec,tec
2513,40954,0.9375,Confira a jaqueta com luzes de LED e outras bugigangas tecnológicas,Confira o comunicador de 'Jornada nas Estrelas' e outras compras tecnológicas,2015-01-13,2015-07-20,tec,tec
2513,42225,0.9375,Confira a jaqueta com luzes de LED e outras bugigangas tecnológicas,Confira o novo celular Alcatel e outras compras tecnológicas,2015-01-13,2015-07-27,tec,tec
2513,44209,0.984375,Confira a jaqueta com luzes de LED e outras bugigangas tecnológicas,Veja o alto-falante com 20 horas de bateria e outras compras tecnológicas,2015-01-13,2015-08-06,tec,tec
2513,47657,0.9375,Confira a jaqueta com luzes de LED e outras bugigangas tecnológicas,Confira o roteador 'drone' e outras compras tecnológicas,2015-01-13,2015-08-24,tec,tec
2513,49105,0.9375,Confira a jaqueta com luzes de LED e outras bugigangas tecnológicas,Confira o smartphone com Linux e outras compras tecnológicas,2015-01-13,2015-08-31,tec,tec
2513,54735,0.921875,Confira a jaqueta com luzes de LED e outras bugigangas tecnológicas,Confira a câmera disfarçada de fonte e outras compras tecnológicas,2015-01-13,2015-09-28,tec,tec
2513,55556,1.0,Confira a jaqueta com luzes de LED e outras bugigangas tecnológicas,Confira o 'capacete Metroid' e outras bugigangas tecnológicas,2015-01-13,2015-10-02,tec,tec
2513,55807,1.0,Confira a jaqueta com luzes de LED e outras bugigangas tecnológicas,Confira o kit de decoração de unhas tetris e outras bugigangas tecnológicas,2015-01-13,2015-10-03,tec,tec
2513,56751,0.9375,Confira a jaqueta com luzes de LED e outras bugigangas tecnológicas,Confira a lente 'profissional' para smartphone e outras compras,2015-01-13,2015-10-08,tec,tec
2513,68450,0.984375,Confira a jaqueta com luzes de LED e outras bugigangas tecnológicas,Confira o tablet projetor e outras bugigangas tecnológicas,2015-01-13,2015-12-05,tec,tec
2555,67367,0.9765625,"Mega-Sena pode pagar R$ 7,5 milhões nesta quarta","Acumulada, Mega-Sena pode pagar prêmio de R$ 7,5 milhões na quarta",2015-01-14,2015-12-01,cotidiano,cotidiano
2798,3260,0.90625,"Acumulada, Mega-Sena pode pagar prêmio de R$ 20 milhões no sábado",Mega-Sena acumulada pode pagar prêmio de R$ 20 milhões neste sábado,2015-01-15,2015-01-17,cotidiano,cotidiano
2807,2808,1.0,Alalaô: Folha põe a fantasia e vai para rua,Alalaô: Folha põe a fantasia e vai para rua,2015-01-15,2015-01-15,cotidiano,cotidiano
3159,75417,1.0,Xiaomi não atinge meta de vendas de celulares em 2015,Xiaomi não atinge meta de vendas de celulares em 2015,2015-01-16,2016-01-16,mercado,mercado
3262,3457,0.8515625,"Quase sem chuva, reservatórios da Grande SP registram nova queda","Sem chuvas, nível das represas que abastecem a Grande SP volta a cair",2015-01-17,2015-01-18,cotidiano,cotidiano
3352,4955,0.9921875,Veja os livros de economia e negócios mais vendidos de 5 a 11 de janeiro,Veja os livros de economia e negócios mais vendidos de 12 a 18 de janeiro,2015-01-17,2015-01-24,mercado,mercado
3352,55253,0.984375,Veja os livros de economia e negócios mais vendidos de 5 a 11 de janeiro,Veja os livros de economia e negócios mais vendidos de 29 de dezembro a 4 de janeiro,2015-01-17,2015-10-01,mercado,mercado
3662,4124,0.9765625,"Acumulada, Mega-Sena pode pagar prêmio de R$ 27 milhões na quarta",Mega-Sena pode pagar R$ 27 milhões nesta quarta,2015-01-19,2015-01-21,cotidiano,cotidiano
3690,4397,0.96875,Inscrições para o Sisu começam hoje; entenda como a nota do Enem é usada,Inscrições para o Sisu terminam nesta quinta,2015-01-19,2015-01-22,educacao,educacao
3766,67491,1.0,"Eu invisto em: veja em que investe Fabrício Bittar, diretor de TV",Eu invisto em: veja o investimento da modelo Flávia Lucini,2015-01-19,2015-12-01,mercado,mercado
4078,5757,1.0,Confira a 'carteira playstation' e outras bugigangas tecnológicas,Confira o mouse com entrada USB e outras bugigangas tecnológicas,2015-01-20,2015-01-27,tec,tec
4078,10072,1.0,Confira a 'carteira playstation' e outras bugigangas tecnológicas,Confira os disquetes porta-copos e outras bugigangas tecnológicas,2015-01-20,2015-02-17,tec,tec
4078,11663,1.0,Confira a 'carteira playstation' e outras bugigangas tecnológicas,Confira o 'botão Bluetooth' e outras bugigangas tecnológicas,2015-01-20,2015-02-24,tec,tec
4078,13067,1.0,Confira a 'carteira playstation' e outras bugigangas tecnológicas,Confira a capa de concreto para iPhone e outras bugigangas tecnológicas,2015-01-20,2015-03-02,tec,tec
4078,13341,1.0,Confira a 'carteira playstation' e outras bugigangas tecnológicas,Confira a 'torradeira Darth Vader' e outras bugigangas tecnológicas,2015-01-20,2015-03-03,tec,tec
4078,14221,0.9375,Confira a 'carteira playstation' e outras bugigangas tecnológicas,Confira a 'máscara Doge' e outras compras tecnológicas,2015-01-20,2015-03-08,tec,tec
4078,16178,1.0,Confira a 'carteira playstation' e outras bugigangas tecnológicas,Confira tábua de carne do 'Nintendinho' e outras bugigangas tecnológicas,2015-01-20,2015-03-17,tec,tec
4078,17870,1.0,Confira a 'carteira playstation' e outras bugigangas tecnológicas,Confira colchão inteligente e outras bugigangas tecnológicas,2015-01-20,2015-03-24,tec,tec
4078,19396,0.9765625,Confira a 'carteira playstation' e outras bugigangas tecnológicas,Veja cabideiro que imita controle de PS3 e outras bugigangas tecnológicas,2015-01-20,2015-03-31,tec,tec
4078,20404,0.984375,Confira a 'carteira playstation' e outras bugigangas tecnológicas,Confira o alto-falante 'Iron Man' e outras bugigangas tecnológicas,2015-01-20,2015-04-05,tec,tec
4078,22086,0.984375,Confira a 'carteira playstation' e outras bugigangas tecnológicas,Confira projetor de papelão e outras bugigangas tecnológicas,2015-01-20,2015-04-14,tec,tec
4078,23357,0.984375,Confira a 'carteira playstation' e outras bugigangas tecnológicas,Confira 'anzol' inteligente e outras bugigangas tecnológicas,2015-01-20,2015-04-21,tec,tec
4078,24531,0.9375,Confira a 'carteira playstation' e outras bugigangas tecnológicas,Veja escova de dentes com visor e outras bugigangas tecnológicas,2015-01-20,2015-04-27,tec,tec
4078,27130,0.921875,Confira a 'carteira playstation' e outras bugigangas tecnológicas,Confira o transmissor FM para carros e outras compras tecnológicas,2015-01-20,2015-05-10,tec,tec
4078,28607,0.984375,Confira a 'carteira playstation' e outras bugigangas tecnológicas,Confira adaptador bluetooth e outras bugigangas tecnológicas,2015-01-20,2015-05-18,tec,tec
4078,29918,0.984375,Confira a 'carteira playstation' e outras bugigangas tecnológicas,Confira o recarregador USB solar e outras compras tecnológicas,2015-01-20,2015-05-25,tec,tec
4078,31336,1.0,Confira a 'carteira playstation' e outras bugigangas tecnológicas,Confira a espada 'Minecraft' e outras bugigangas tecnológicas,2015-01-20,2015-06-01,tec,tec
4078,32564,0.9375,Confira a 'carteira playstation' e outras bugigangas tecnológicas,Confira o suporte para celular na bike e outras compras tecnológicas,2015-01-20,2015-06-07,tec,tec
4078,34003,0.9375,Confira a 'carteira playstation' e outras bugigangas tecnológicas,Veja USB que vira lanterna e outras bugigangas tecnológicas,2015-01-20,2015-06-15,tec,tec
4078,35417,0.953125,Confira a 'carteira playstation' e outras bugigangas tecnológicas,Veja casaco de moletom para os fãs de wi-fi e outras compras tecnológicas,2015-01-20,2015-06-22,tec,tec
4078,36823,0.9375,Confira a 'carteira playstation' e outras bugigangas tecnológicas,Confira o alto-falante canino e outras compras tecnológicas,2015-01-20,2015-06-29,tec,tec
4078,37886,0.984375,Confira a 'carteira playstation' e outras bugigangas tecnológicas,Confira celular de baixo custo da Sony e outras bugigangas tecnológicas,2015-01-20,2015-07-04,tec,tec
4078,38842,0.9375,Confira a 'carteira playstation' e outras bugigangas tecnológicas,Confira o esterilizador de celular e outras compras tecnológicas,2015-01-20,2015-07-09,tec,tec
4078,40954,0.9375,Confira a 'carteira playstation' e outras bugigangas tecnológicas,Confira o comunicador de 'Jornada nas Estrelas' e outras compras tecnológicas,2015-01-20,2015-07-20,tec,tec
4078,42225,0.9375,Confira a 'carteira playstation' e outras bugigangas tecnológicas,Confira o novo celular Alcatel e outras compras tecnológicas,2015-01-20,2015-07-27,tec,tec
4078,44209,0.984375,Confira a 'carteira playstation' e outras bugigangas tecnológicas,Veja o alto-falante com 20 horas de bateria e outras compras tecnológicas,2015-01-20,2015-08-06,tec,tec
4078,47657,0.9375,Confira a 'carteira playstation' e outras bugigangas tecnológicas,Confira o roteador 'drone' e outras compras tecnológicas,2015-01-20,2015-08-24,tec,tec
4078,49105,0.9375,Confira a 'carteira playstation' e outras bugigangas tecnológicas,Confira o smartphone com Linux e outras compras tecnológicas,2015-01-20,2015-08-31,tec,tec
4078,54735,0.921875,Confira a 'carteira playstation' e outras bugigangas tecnológicas,Confira a câmera disfarçada de fonte e outras compras tecnológicas,2015-01-20,2015-09-28,tec,tec
4078,55556,1.0,Confira a 'carteira playstation' e outras bugigangas tecnológicas,Confira o 'capacete Metroid' e outras bugigangas tecnológicas,2015-01-20,2015-10-02,tec,tec
4078,55807,1.0,Confira a 'carteira playstation' e outras bugigangas tecnológicas,Confira o kit de decoração de unhas tetris e outras bugigangas tecnológicas,2015-01-20,2015-10-03,tec,tec
4078,56751,0.9375,Confira a 'carteira playstation' e outras bugigangas tecnológicas,Confira a lente 'profissional' para smartphone e outras compras,2015-01-20,2015-10-08,tec,tec
4078,68450,0.984375,Confira a 'carteira playstation' e outras bugigangas tecnológicas,Confira o tablet projetor e outras bugigangas tecnológicas,2015-01-20,2015-12-05,tec,tec
4232,8418,0.9453125,Entenda como a taxa básica de juros influencia a economia brasileira,Selic: entenda como a taxa básica de juros influencia a economia brasileira,2015-01-21,2015-02-09,mercado,mercado
4232,13781,0.9453125,Entenda como a taxa básica de juros influencia a economia brasileira,Selic: saiba como a taxa básica de juros influencia a economia brasileira,2015-01-21,2015-03-06,mercado,mercado
4232,19935,0.9765625,Entenda como a taxa básica de juros influencia a economia brasileira,Entenda como a taxa básica de juros influencia a economia brasileira,2015-01-21,2015-04-03,mercado,mercado
4232,24873,0.9765625,Entenda como a taxa básica de juros influencia a economia brasileira,Entenda como a taxa básica de juros influencia a economia brasileira,2015-01-21,2015-04-29,mercado,mercado
4232,42498,0.9609375,Entenda como a taxa básica de juros influencia a economia brasileira,Selic: entenda como a taxa básica de juros influencia a economia brasileira,2015-01-21,2015-07-29,mercado,mercado
4232,59198,0.9609375,Entenda como a taxa básica de juros influencia a economia brasileira,Selic: entenda como a taxa básica de juros influencia a economia brasileira,2015-01-21,2015-10-21,mercado,mercado
4232,66195,0.9609375,Entenda como a taxa básica de juros influencia a economia brasileira,Selic: entenda como a taxa básica de juros influencia a economia brasileira,2015-01-21,2015-11-25,mercado,mercado
4643,4863,0.953125,"Acumulada, Mega-Sena pode pagar prêmio de R$ 34 milhões no sábado","Acumulada, Mega-Sena pode pagar prêmio de R$ 34 milhões neste sábado",2015-01-23,2015-01-24,cotidiano,cotidiano
4665,4872,0.859375,Justiça do Rio condena motorista que matou filho de Cissa Guimarães,Condenados pela morte do filho de Cissa Guimarães são levados ao IML do Rio,2015-01-23,2015-01-24,cotidiano,cotidiano
4837,4838,1.0,Amanhã! Adversário de Sampa!,Amanhã! Adversário de Sampa!,2015-01-24,2015-01-24,colunas,colunas
4955,55253,0.9765625,Veja os livros de economia e negócios mais vendidos de 12 a 18 de janeiro,Veja os livros de economia e negócios mais vendidos de 29 de dezembro a 4 de janeiro,2015-01-24,2015-10-01,mercado,mercado
5088,5813,0.984375,Mega-Sena pode pagar prêmio de R$ 3 milhões na próxima quarta,Mega-Sena pode pagar prêmio de R$ 3 milhões nesta quarta,2015-01-25,2015-01-28,cotidiano,cotidiano
5270,12194,1.0,São Paulo não tem fim nas lentes aéreas de Cássio Vasconcellos; assista,Correnteza arrasta caçamba durante tempestade na zona leste; veja vídeo,2015-01-25,2015-02-26,tv,tv
5270,13356,1.0,São Paulo não tem fim nas lentes aéreas de Cássio Vasconcellos; assista,Tablet compete com PCs usando pacote Office e corpo à prova d'água,2015-01-25,2015-03-03,tv,tv
5270,20058,1.0,São Paulo não tem fim nas lentes aéreas de Cássio Vasconcellos; assista,"Homem terá que se adaptar a viver com menos água, dizem especialistas",2015-01-25,2015-04-03,tv,tv
5270,55569,1.0,São Paulo não tem fim nas lentes aéreas de Cássio Vasconcellos; assista,Comércio virtual é tão difícil quanto o de lojas físicas,2015-01-25,2015-10-02,tv,tv
5270,61765,1.0,São Paulo não tem fim nas lentes aéreas de Cássio Vasconcellos; assista,Menino do Acre 'bomba' na internet com brincadeira sobre seca paulista,2015-01-25,2015-11-02,tv,tv
5270,67805,1.0,São Paulo não tem fim nas lentes aéreas de Cássio Vasconcellos; assista,"Com assembleia cercada, deputados do Paraná vão de ônibus da PM para sessão",2015-01-25,2015-12-02,tv,tv
5271,5279,0.96875,"É difícil atribuir seca em SP ao aquecimento global, diz climatologista","É difícil atribuir seca em São Paulo ao aquecimento global, diz climatologista",2015-01-26,2015-01-26,ambiente,ciencia
5275,5276,0.953125,Premiê britânico cai em trote e governo revê normas de segurança,Premiê britânico cai em trote e governo revê normas de segurança,2015-01-26,2015-01-26,bbc,bbc
5288,5289,1.0,"Bonitinhos, pacifistas e jihadistas","Bonitinhos, pacifistas e jihadistas",2015-01-26,2015-01-26,colunas,colunas
5300,5463,1.0,Rogério Ortega: Manual da sátira piedosa,Rogério Ortega: Manual da sátira piedosa,2015-01-26,2015-01-26,colunas,opiniao
5478,5479,1.0,Confira a agenda desta semana,Confira a agenda desta semana,2015-01-26,2015-01-26,poder,poder
5757,10072,1.0,Confira o mouse com entrada USB e outras bugigangas tecnológicas,Confira os disquetes porta-copos e outras bugigangas tecnológicas,2015-01-27,2015-02-17,tec,tec
5757,11663,1.0,Confira o mouse com entrada USB e outras bugigangas tecnológicas,Confira o 'botão Bluetooth' e outras bugigangas tecnológicas,2015-01-27,2015-02-24,tec,tec
5757,13067,1.0,Confira o mouse com entrada USB e outras bugigangas tecnológicas,Confira a capa de concreto para iPhone e outras bugigangas tecnológicas,2015-01-27,2015-03-02,tec,tec
5757,13341,1.0,Confira o mouse com entrada USB e outras bugigangas tecnológicas,Confira a 'torradeira Darth Vader' e outras bugigangas tecnológicas,2015-01-27,2015-03-03,tec,tec
5757,14221,0.9375,Confira o mouse com entrada USB e outras bugigangas tecnológicas,Confira a 'máscara Doge' e outras compras tecnológicas,2015-01-27,2015-03-08,tec,tec
5757,16178,1.0,Confira o mouse com entrada USB e outras bugigangas tecnológicas,Confira tábua de carne do 'Nintendinho' e outras bugigangas tecnológicas,2015-01-27,2015-03-17,tec,tec
5757,17870,1.0,Confira o mouse com entrada USB e outras bugigangas tecnológicas,Confira colchão inteligente e outras bugigangas tecnológicas,2015-01-27,2015-03-24,tec,tec
5757,19396,0.9765625,Confira o mouse com entrada USB e outras bugigangas tecnológicas,Veja cabideiro que imita controle de PS3 e outras bugigangas tecnológicas,2015-01-27,2015-03-31,tec,tec
5757,20404,0.984375,Confira o mouse com entrada USB e outras bugigangas tecnológicas,Confira o alto-falante 'Iron Man' e outras bugigangas tecnológicas,2015-01-27,2015-04-05,tec,tec
5757,22086,0.984375,Confira o mouse com entrada USB e outras bugigangas tecnológicas,Confira projetor de papelão e outras bugigangas tecnológicas,2015-01-27,2015-04-14,tec,tec
5757,23357,0.984375,Confira o mouse com entrada USB e outras bugigangas tecnológicas,Confira 'anzol' inteligente e outras bugigangas tecnológicas,2015-01-27,2015-04-21,tec,tec
5757,24531,0.9375,Confira o mouse com entrada USB e outras bugigangas tecnológicas,Veja escova de dentes com visor e outras bugigangas tecnológicas,2015-01-27,2015-04-27,tec,tec
5757,27130,0.921875,Confira o mouse com entrada USB e outras bugigangas tecnológicas,Confira o transmissor FM para carros e outras compras tecnológicas,2015-01-27,2015-05-10,tec,tec
5757,28607,0.984375,Confira o mouse com entrada USB e outras bugigangas tecnológicas,Confira adaptador bluetooth e outras bugigangas tecnológicas,2015-01-27,2015-05-18,tec,tec
5757,29918,0.984375,Confira o mouse com entrada USB e outras bugigangas tecnológicas,Confira o recarregador USB solar e outras compras tecnológicas,2015-01-27,2015-05-25,tec,tec
5757,31336,1.0,Confira o mouse com entrada USB e outras bugigangas tecnológicas,Confira a espada 'Minecraft' e outras bugigangas tecnológicas,2015-01-27,2015-06-01,tec,tec
5757,32564,0.9375,Confira o mouse com entrada USB e outras bugigangas tecnológicas,Confira o suporte para celular na bike e outras compras tecnológicas,2015-01-27,2015-06-07,tec,tec
5757,34003,0.9375,Confira o mouse com entrada USB e outras bugigangas tecnológicas,Veja USB que vira lanterna e outras bugigangas tecnológicas,2015-01-27,2015-06-15,tec,tec
5757,35417,0.953125,Confira o mouse com entrada USB e outras bugigangas tecnológicas,Veja casaco de moletom para os fãs de wi-fi e outras compras tecnológicas,2015-01-27,2015-06-22,tec,tec
5757,36823,0.9375,Confira o mouse com entrada USB e outras bugigangas tecnológicas,Confira o alto-falante canino e outras compras tecnológicas,2015-01-27,2015-06-29,tec,tec
5757,37886,0.984375,Confira o mouse com entrada USB e outras bugigangas tecnológicas,Confira celular de baixo custo da Sony e outras bugigangas tecnológicas,2015-01-27,2015-07-04,tec,tec
5757,38842,0.9375,Confira o mouse com entrada USB e outras bugigangas tecnológicas,Confira o esterilizador de celular e outras compras tecnológicas,2015-01-27,2015-07-09,tec,tec
5757,40954,0.9375,Confira o mouse com entrada USB e outras bugigangas tecnológicas,Confira o comunicador de 'Jornada nas Estrelas' e outras compras tecnológicas,2015-01-27,2015-07-20,tec,tec
5757,42225,0.9375,Confira o mouse com entrada USB e outras bugigangas tecnológicas,Confira o novo celular Alcatel e outras compras tecnológicas,2015-01-27,2015-07-27,tec,tec
5757,44209,0.984375,Confira o mouse com entrada USB e outras bugigangas tecnológicas,Veja o alto-falante com 20 horas de bateria e outras compras tecnológicas,2015-01-27,2015-08-06,tec,tec
5757,47657,0.9375,Confira o mouse com entrada USB e outras bugigangas tecnológicas,Confira o roteador 'drone' e outras compras tecnológicas,2015-01-27,2015-08-24,tec,tec
5757,49105,0.9375,Confira o mouse com entrada USB e outras bugigangas tecnológicas,Confira o smartphone com Linux e outras compras tecnológicas,2015-01-27,2015-08-31,tec,tec
5757,54735,0.921875,Confira o mouse com entrada USB e outras bugigangas tecnológicas,Confira a câmera disfarçada de fonte e outras compras tecnológicas,2015-01-27,2015-09-28,tec,tec
5757,55556,1.0,Confira o mouse com entrada USB e outras bugigangas tecnológicas,Confira o 'capacete Metroid' e outras bugigangas tecnológicas,2015-01-27,2015-10-02,tec,tec
5757,55807,1.0,Confira o mouse com entrada USB e outras bugigangas tecnológicas,Confira o kit de decoração de unhas tetris e outras bugigangas tecnológicas,2015-01-27,2015-10-03,tec,tec
5757,56751,0.9375,Confira o mouse com entrada USB e outras bugigangas tecnológicas,Confira a lente 'profissional' para smartphone e outras compras,2015-01-27,2015-10-08,tec,tec
5757,68450,0.984375,Confira o mouse com entrada USB e outras bugigangas tecnológicas,Confira o tablet projetor e outras bugigangas tecnológicas,2015-01-27,2015-12-05,tec,tec
5898,6126,0.9921875,"Em entrevista a Amaury Jr., Roberto Carlos nega rixa com Tim Maia","'Sempre tive respeito por Tim', diz Roberto Carlos a Amaury Jr.",2015-01-28,2015-01-29,ilustrada,ilustrada
6009,9891,1.0,São Paulo Cia. de Dança interpreta coreografias em exposição no MAM,"Em SP, blocos de Carnaval se cruzam e evento gay sofre debandada; assista",2015-01-28,2015-02-16,tv,tv
6009,10529,1.0,São Paulo Cia. de Dança interpreta coreografias em exposição no MAM,"No quesito fantasia, as ruas merecem nota dez? Vídeo traz 'apuração'",2015-01-28,2015-02-19,tv,tv
6009,31610,1.0,São Paulo Cia. de Dança interpreta coreografias em exposição no MAM,Negros 'se travestem' de branco na busca por espaço em circuito artístico,2015-01-28,2015-06-02,tv,tv
6197,6202,1.0,Senadores dos EUA propõem acabar com restrições para viagens a Cuba,Senadores dos EUA querem fim das restrições para viagens a Cuba,2015-01-29,2015-01-29,mundo,mundo
6354,12898,0.9921875,Matrícula para os aprovados no Sisu 2015 começa nesta sexta,Matrícula para os aprovados no Sisu 2015 termina nesta terça,2015-01-30,2015-03-02,educacao,educacao
6354,31426,0.8671875,Matrícula para os aprovados no Sisu 2015 começa nesta sexta,Estudantes têm até esta sexta para incluir nome na lista de espera do Sisu,2015-01-30,2015-06-02,educacao,educacao
6749,77975,0.984375,Otimismo,Otimismo,2015-02-01,2016-02-01,colunas,colunas
6987,19637,0.8515625,Aprovado na 1ª lista da Fuvest deve fazer matrícula a partir desta terça,Aprovado na 1ª lista da Fuvest tem até hoje para fazer matrícula on-line,2015-02-02,2015-04-02,educacao,educacao
7267,12385,1.0,"Começam nesta segunda ajustes em conta de luz, com alta de de até 48%",Tarifaço sobre energia começa semana que vem e aumento chega a 48%,2015-02-03,2015-02-27,mercado,mercado
7377,7551,1.0,"'Quem tiver de pagar, vai pagar', diz Janot a manifestantes",Imagens aéreas mostram incêndio de grandes proporções em Santos,2015-02-03,2015-02-04,tv,tv
7377,10280,1.0,"'Quem tiver de pagar, vai pagar', diz Janot a manifestantes",Acidente com ônibus deixa oito mortos em São Gonçalo,2015-02-03,2015-02-18,tv,tv
7377,12675,1.0,"'Quem tiver de pagar, vai pagar', diz Janot a manifestantes","Durante crise da água, melhor evitar utensílios de madeira, diz professora",2015-02-03,2015-02-28,tv,tv
7377,13357,1.0,"'Quem tiver de pagar, vai pagar', diz Janot a manifestantes","Indústria precisa definir utilidade dos relógios inteligentes, diz especial",2015-02-03,2015-03-03,tv,tv
7377,20554,1.0,"'Quem tiver de pagar, vai pagar', diz Janot a manifestantes",Fiéis oram pelo fim da corrupção durante a Marcha para Jesus,2015-02-03,2015-04-06,tv,tv
7377,25917,1.0,"'Quem tiver de pagar, vai pagar', diz Janot a manifestantes",Reintegração da área do parque Augusta é concluída; veja imagens,2015-02-03,2015-05-03,tv,tv
7377,55821,1.0,"'Quem tiver de pagar, vai pagar', diz Janot a manifestantes","Sob holofotes e pressão, mulher de TI não pode ter medo, diz programadora",2015-02-03,2015-10-03,tv,tv
7551,10280,1.0,Imagens aéreas mostram incêndio de grandes proporções em Santos,Acidente com ônibus deixa oito mortos em São Gonçalo,2015-02-04,2015-02-18,tv,tv
7551,12675,1.0,Imagens aéreas mostram incêndio de grandes proporções em Santos,"Durante crise da água, melhor evitar utensílios de madeira, diz professora",2015-02-04,2015-02-28,tv,tv
7551,13357,1.0,Imagens aéreas mostram incêndio de grandes proporções em Santos,"Indústria precisa definir utilidade dos relógios inteligentes, diz especial",2015-02-04,2015-03-03,tv,tv
7551,20554,1.0,Imagens aéreas mostram incêndio de grandes proporções em Santos,Fiéis oram pelo fim da corrupção durante a Marcha para Jesus,2015-02-04,2015-04-06,tv,tv
7551,25917,1.0,Imagens aéreas mostram incêndio de grandes proporções em Santos,Reintegração da área do parque Augusta é concluída; veja imagens,2015-02-04,2015-05-03,tv,tv
7551,55821,1.0,Imagens aéreas mostram incêndio de grandes proporções em Santos,"Sob holofotes e pressão, mulher de TI não pode ter medo, diz programadora",2015-02-04,2015-10-03,tv,tv
7585,13522,0.921875,Folha faz debate sobre eficácia das dietas alimentares,Folha realiza debate sobre eficácia de dietas alimentares,2015-02-05,2015-03-05,cotidiano,cotidiano
7585,26078,0.9921875,Folha faz debate sobre eficácia das dietas alimentares,Folha faz debate sobre eficácia das dietas alimentares,2015-02-05,2015-05-05,cotidiano,cotidiano
7585,32061,0.9921875,Folha faz debate sobre eficácia das dietas alimentares,Folha faz debate sobre eficácia das dietas alimentares,2015-02-05,2015-06-05,cotidiano,cotidiano
7802,30193,0.8515625,Brasileiro indiciado em escândalo da Fifa é procurado pela Interpol,"Indiciado, brasileiro diz não temer prisão e quer ver Messi em Berlim",2015-02-06,2015-05-27,esporte,esporte
7824,7895,0.90625,"Com Windows 10, Microsoft quer atrair criadores de apps","Com 25% dos apps dos concorrentes, Microsoft tenta atrair desenvolvedores",2015-02-06,2015-02-06,mercado,tec
7929,8148,1.0,"'Fui depreciado por não me enquadrar no padrão de beleza', diz Osmar Prado","'Fui depreciado por não me enquadrar no padrão de beleza', diz Osmar Prado",2015-02-07,2015-02-08,colunas,colunas
8236,13597,0.8828125,Veja o cartum de Odyr na edição deste domingo,Veja o cartum de Odyr da edição deste domingo,2015-02-08,2015-03-05,ilustrissima,ilustrissima
8236,33388,0.8671875,Veja o cartum de Odyr na edição deste domingo,Veja o cartum de Odyr deste domingo,2015-02-08,2015-06-12,ilustrissima,ilustrissima
8236,101826,0.9296875,Veja o cartum de Odyr na edição deste domingo,"Veja o cartum de Odyr publicado na ""Ilustríssima"" da semana",2015-02-08,2016-06-19,ilustrissima,ilustrissima
8318,14220,1.0,Redução de velocidade no centro e na zona leste começam nesta segunda,"SPh: Aos 93, Bibi Ferreira volta aos palcos nesta terça para cantar Sinatra",2015-02-08,2015-03-08,saopaulo,saopaulo
8418,13781,0.9453125,Selic: entenda como a taxa básica de juros influencia a economia brasileira,Selic: saiba como a taxa básica de juros influencia a economia brasileira,2015-02-09,2015-03-06,mercado,mercado
8418,19935,0.9609375,Selic: entenda como a taxa básica de juros influencia a economia brasileira,Entenda como a taxa básica de juros influencia a economia brasileira,2015-02-09,2015-04-03,mercado,mercado
8418,24873,0.9609375,Selic: entenda como a taxa básica de juros influencia a economia brasileira,Entenda como a taxa básica de juros influencia a economia brasileira,2015-02-09,2015-04-29,mercado,mercado
8418,42498,0.9609375,Selic: entenda como a taxa básica de juros influencia a economia brasileira,Selic: entenda como a taxa básica de juros influencia a economia brasileira,2015-02-09,2015-07-29,mercado,mercado
8418,59198,0.9765625,Selic: entenda como a taxa básica de juros influencia a economia brasileira,Selic: entenda como a taxa básica de juros influencia a economia brasileira,2015-02-09,2015-10-21,mercado,mercado
8418,66195,0.9765625,Selic: entenda como a taxa básica de juros influencia a economia brasileira,Selic: entenda como a taxa básica de juros influencia a economia brasileira,2015-02-09,2015-11-25,mercado,mercado
8419,59201,0.9375,"Fundos mantêm vantagem sobre poupança com Selic a 14,25% ao ano","Fundos de investimento ganham da poupança com Selic a 14,25% ao ano",2015-02-09,2015-10-21,mercado,mercado
8419,66196,0.9296875,"Fundos mantêm vantagem sobre poupança com Selic a 14,25% ao ano","Com Selic a 14,25%, fundos mantêm vantagem sobre a poupança",2015-02-09,2015-11-25,mercado,mercado
8419,76054,0.9296875,"Fundos mantêm vantagem sobre poupança com Selic a 14,25% ao ano","Fundos ampliam vantagem sobre a poupança com Selic a 14,25%",2015-02-09,2016-01-20,mercado,mercado
8420,59199,0.90625,"Com a Selic em 14,25%, veja como ficam os juros dos empréstimos","Com Selic a 14,25%, saiba como ficam juros de empréstimos",2015-02-09,2015-10-21,mercado,mercado
8754,8761,0.953125,Zico se mantém neutro em eleição da Fifa e vê candidato de Blatter melhor,Zico se mantém neutro em eleição da Fifa e vê candidato de Blatter melhor,2015-02-11,2015-02-11,esporte,esporte
8858,8958,1.0,Petróleo barato deixa humanidade em um caminho perigoso,Petróleo barato deixa humanidade em um caminho perigoso,2015-02-12,2015-02-12,colunas,mercado
9361,9363,0.875,"Alalaô: Em Olinda, foliões disputam foto com sósia de Eduardo Campos",Alalaô: Sósia de Eduardo Campos é alvo de disputa por fotos em Olinda,2015-02-14,2015-02-14,cotidiano,cotidiano
9425,10006,1.0,Peça Única: Primeiro Olhar: Lacoste - Outono-Inverno 20152016,Peça Única: Primeiro Olhar: Diesel Black Gold (Nova York/inverno 2016),2015-02-14,2015-02-17,ilustrada,ilustrada
9425,10502,1.0,Peça Única: Primeiro Olhar: Lacoste - Outono-Inverno 20152016,Frederico Vasconcelos: CNJ quer transparência na mudança,2015-02-14,2015-02-19,ilustrada,poder
9736,10112,0.8671875,Rodízio de veículos está suspenso até quarta-feira em SP,Rodízio de veículos volta a vigorar somente na quinta-feira em SP,2015-02-16,2015-02-18,cotidiano,cotidiano
9891,10529,1.0,"Em SP, blocos de Carnaval se cruzam e evento gay sofre debandada; assista","No quesito fantasia, as ruas merecem nota dez? Vídeo traz 'apuração'",2015-02-16,2015-02-19,tv,tv
9891,31610,1.0,"Em SP, blocos de Carnaval se cruzam e evento gay sofre debandada; assista",Negros 'se travestem' de branco na busca por espaço em circuito artístico,2015-02-16,2015-06-02,tv,tv
9908,11436,1.0,Aviso,aviso,2015-02-17,2015-02-24,colunas,colunas
9908,19215,1.0,Aviso,Aviso,2015-02-17,2015-03-31,colunas,colunas
9908,29939,1.0,Aviso,Aviso,2015-02-17,2015-05-26,colunas,colunas
9908,36848,1.0,Aviso,Aviso,2015-02-17,2015-06-30,colunas,colunas
9908,55324,1.0,Aviso,Aviso,2015-02-17,2015-10-02,colunas,colunas
9908,94708,1.0,Aviso,Aviso,2015-02-17,2016-05-07,colunas,colunas
9908,129731,1.0,Aviso,Aviso,2015-02-17,2016-12-07,colunas,colunas
9914,9915,1.0,Aviso,Aviso,2015-02-17,2015-02-17,colunas,colunas
10006,10502,1.0,Peça Única: Primeiro Olhar: Diesel Black Gold (Nova York/inverno 2016),Frederico Vasconcelos: CNJ quer transparência na mudança,2015-02-17,2015-02-19,ilustrada,poder
10072,11663,1.0,Confira os disquetes porta-copos e outras bugigangas tecnológicas,Confira o 'botão Bluetooth' e outras bugigangas tecnológicas,2015-02-17,2015-02-24,tec,tec
10072,13067,1.0,Confira os disquetes porta-copos e outras bugigangas tecnológicas,Confira a capa de concreto para iPhone e outras bugigangas tecnológicas,2015-02-17,2015-03-02,tec,tec
10072,13341,1.0,Confira os disquetes porta-copos e outras bugigangas tecnológicas,Confira a 'torradeira Darth Vader' e outras bugigangas tecnológicas,2015-02-17,2015-03-03,tec,tec
10072,14221,0.9375,Confira os disquetes porta-copos e outras bugigangas tecnológicas,Confira a 'máscara Doge' e outras compras tecnológicas,2015-02-17,2015-03-08,tec,tec
10072,16178,1.0,Confira os disquetes porta-copos e outras bugigangas tecnológicas,Confira tábua de carne do 'Nintendinho' e outras bugigangas tecnológicas,2015-02-17,2015-03-17,tec,tec
10072,17870,1.0,Confira os disquetes porta-copos e outras bugigangas tecnológicas,Confira colchão inteligente e outras bugigangas tecnológicas,2015-02-17,2015-03-24,tec,tec
10072,19396,0.9765625,Confira os disquetes porta-copos e outras bugigangas tecnológicas,Veja cabideiro que imita controle de PS3 e outras bugigangas tecnológicas,2015-02-17,2015-03-31,tec,tec
10072,20404,0.984375,Confira os disquetes porta-copos e outras bugigangas tecnológicas,Confira o alto-falante 'Iron Man' e outras bugigangas tecnológicas,2015-02-17,2015-04-05,tec,tec
10072,22086,0.984375,Confira os disquetes porta-copos e outras bugigangas tecnológicas,Confira projetor de papelão e outras bugigangas tecnológicas,2015-02-17,2015-04-14,tec,tec
10072,23357,0.984375,Confira os disquetes porta-copos e outras bugigangas tecnológicas,Confira 'anzol' inteligente e outras bugigangas tecnológicas,2015-02-17,2015-04-21,tec,tec
10072,24531,0.9375,Confira os disquetes porta-copos e outras bugigangas tecnológicas,Veja escova de dentes com visor e outras bugigangas tecnológicas,2015-02-17,2015-04-27,tec,tec
10072,27130,0.921875,Confira os disquetes porta-copos e outras bugigangas tecnológicas,Confira o transmissor FM para carros e outras compras tecnológicas,2015-02-17,2015-05-10,tec,tec
10072,28607,0.984375,Confira os disquetes porta-copos e outras bugigangas tecnológicas,Confira adaptador bluetooth e outras bugigangas tecnológicas,2015-02-17,2015-05-18,tec,tec
10072,29918,0.984375,Confira os disquetes porta-copos e outras bugigangas tecnológicas,Confira o recarregador USB solar e outras compras tecnológicas,2015-02-17,2015-05-25,tec,tec
10072,31336,1.0,Confira os disquetes porta-copos e outras bugigangas tecnológicas,Confira a espada 'Minecraft' e outras bugigangas tecnológicas,2015-02-17,2015-06-01,tec,tec
10072,32564,0.9375,Confira os disquetes porta-copos e outras bugigangas tecnológicas,Confira o suporte para celular na bike e outras compras tecnológicas,2015-02-17,2015-06-07,tec,tec
10072,34003,0.9375,Confira os disquetes porta-copos e outras bugigangas tecnológicas,Veja USB que vira lanterna e outras bugigangas tecnológicas,2015-02-17,2015-06-15,tec,tec
10072,35417,0.953125,Confira os disquetes porta-copos e outras bugigangas tecnológicas,Veja casaco de moletom para os fãs de wi-fi e outras compras tecnológicas,2015-02-17,2015-06-22,tec,tec
10072,36823,0.9375,Confira os disquetes porta-copos e outras bugigangas tecnológicas,Confira o alto-falante canino e outras compras tecnológicas,2015-02-17,2015-06-29,tec,tec
10072,37886,0.984375,Confira os disquetes porta-copos e outras bugigangas tecnológicas,Confira celular de baixo custo da Sony e outras bugigangas tecnológicas,2015-02-17,2015-07-04,tec,tec
10072,38842,0.9375,Confira os disquetes porta-copos e outras bugigangas tecnológicas,Confira o esterilizador de celular e outras compras tecnológicas,2015-02-17,2015-07-09,tec,tec
10072,40954,0.9375,Confira os disquetes porta-copos e outras bugigangas tecnológicas,Confira o comunicador de 'Jornada nas Estrelas' e outras compras tecnológicas,2015-02-17,2015-07-20,tec,tec
10072,42225,0.9375,Confira os disquetes porta-copos e outras bugigangas tecnológicas,Confira o novo celular Alcatel e outras compras tecnológicas,2015-02-17,2015-07-27,tec,tec
10072,44209,0.984375,Confira os disquetes porta-copos e outras bugigangas tecnológicas,Veja o alto-falante com 20 horas de bateria e outras compras tecnológicas,2015-02-17,2015-08-06,tec,tec
10072,47657,0.9375,Confira os disquetes porta-copos e outras bugigangas tecnológicas,Confira o roteador 'drone' e outras compras tecnológicas,2015-02-17,2015-08-24,tec,tec
10072,49105,0.9375,Confira os disquetes porta-copos e outras bugigangas tecnológicas,Confira o smartphone com Linux e outras compras tecnológicas,2015-02-17,2015-08-31,tec,tec
10072,54735,0.921875,Confira os disquetes porta-copos e outras bugigangas tecnológicas,Confira a câmera disfarçada de fonte e outras compras tecnológicas,2015-02-17,2015-09-28,tec,tec
10072,55556,1.0,Confira os disquetes porta-copos e outras bugigangas tecnológicas,Confira o 'capacete Metroid' e outras bugigangas tecnológicas,2015-02-17,2015-10-02,tec,tec
10072,55807,1.0,Confira os disquetes porta-copos e outras bugigangas tecnológicas,Confira o kit de decoração de unhas tetris e outras bugigangas tecnológicas,2015-02-17,2015-10-03,tec,tec
10072,56751,0.9375,Confira os disquetes porta-copos e outras bugigangas tecnológicas,Confira a lente 'profissional' para smartphone e outras compras,2015-02-17,2015-10-08,tec,tec
10072,68450,0.984375,Confira os disquetes porta-copos e outras bugigangas tecnológicas,Confira o tablet projetor e outras bugigangas tecnológicas,2015-02-17,2015-12-05,tec,tec
10096,43664,0.859375,Aviso,Aviso,2015-02-18,2015-08-04,colunas,colunas
10096,43677,0.859375,Aviso,Aviso,2015-02-18,2015-08-04,colunas,colunas
10096,43678,0.859375,Aviso,Aviso,2015-02-18,2015-08-04,colunas,colunas
10112,10331,0.953125,Rodízio de veículos volta a vigorar somente na quinta-feira em SP,"Após o feriado, rodízio em SP volta a vigorar nesta quinta-feira",2015-02-18,2015-02-19,cotidiano,cotidiano
10280,12675,1.0,Acidente com ônibus deixa oito mortos em São Gonçalo,"Durante crise da água, melhor evitar utensílios de madeira, diz professora",2015-02-18,2015-02-28,tv,tv
10280,13357,1.0,Acidente com ônibus deixa oito mortos em São Gonçalo,"Indústria precisa definir utilidade dos relógios inteligentes, diz especial",2015-02-18,2015-03-03,tv,tv
10280,20554,1.0,Acidente com ônibus deixa oito mortos em São Gonçalo,Fiéis oram pelo fim da corrupção durante a Marcha para Jesus,2015-02-18,2015-04-06,tv,tv
10280,25917,1.0,Acidente com ônibus deixa oito mortos em São Gonçalo,Reintegração da área do parque Augusta é concluída; veja imagens,2015-02-18,2015-05-03,tv,tv
10280,55821,1.0,Acidente com ônibus deixa oito mortos em São Gonçalo,"Sob holofotes e pressão, mulher de TI não pode ter medo, diz programadora",2015-02-18,2015-10-03,tv,tv
10301,131852,0.953125,Aviso,Aviso,2015-02-19,2016-12-22,colunas,colunas
10301,131857,0.8515625,Aviso,Aviso,2015-02-19,2016-12-22,colunas,colunas
10304,12855,1.0,Aviso,Aviso,2015-02-19,2015-03-02,colunas,colunas
10304,40244,1.0,Aviso,Aviso,2015-02-19,2015-07-17,colunas,colunas
10304,41559,1.0,Aviso,Aviso,2015-02-19,2015-07-24,colunas,colunas
10304,42257,1.0,Aviso,Aviso,2015-02-19,2015-07-28,colunas,colunas
10304,42820,1.0,Aviso,Aviso,2015-02-19,2015-07-31,colunas,colunas
10304,58195,1.0,Aviso,Aviso,2015-02-19,2015-10-16,colunas,colunas
10304,61777,0.9296875,Aviso,Aviso,2015-02-19,2015-11-03,colunas,colunas
10304,102272,0.9765625,Aviso,Aviso,2015-02-19,2016-06-22,colunas,colunas
10304,102674,0.9765625,Aviso,Aviso,2015-02-19,2016-06-24,colunas,colunas
10304,103518,0.9765625,Aviso,Aviso,2015-02-19,2016-06-29,colunas,colunas
10304,103704,0.9765625,Aviso,Aviso,2015-02-19,2016-06-30,colunas,colunas
10304,105885,0.9765625,Aviso,Aviso,2015-02-19,2016-07-13,colunas,colunas
10304,133275,1.0,Aviso,Aviso,2015-02-19,2017-01-04,colunas,colunas
10304,143454,0.9765625,Aviso,Aviso,2015-02-19,2017-03-29,colunas,colunas
10304,148303,1.0,Aviso,Aviso,2015-02-19,2017-05-07,colunas,colunas
10304,153319,0.9765625,Aviso,Aviso,2015-02-19,2017-06-16,colunas,colunas
10304,156403,1.0,Aviso,Aviso,2015-02-19,2017-07-09,colunas,colunas
10529,31610,1.0,"No quesito fantasia, as ruas merecem nota dez? Vídeo traz 'apuração'",Negros 'se travestem' de branco na busca por espaço em circuito artístico,2015-02-19,2015-06-02,tv,tv
10543,115662,0.859375,Aviso,Aviso,2015-02-20,2016-09-09,colunas,colunas
10548,16726,1.0,Barata voa,Barata voa,2015-02-20,2015-03-20,colunas,colunas
10648,10652,1.0,"Gorilas e milícias dividem espaço em Virunga, no Congo",Gorilas e milícias dividem espaço no Congo,2015-02-20,2015-02-20,ilustrada,ilustrada
10900,12582,0.9453125,Veja os livros de negócios e economia mais vendidos entre 9 e 15 de fevereiro,Veja os livros de negócios e economia mais vendidos entre 16 e 22 de fevereiro,2015-02-21,2015-02-28,mercado,mercado
11048,11270,0.875,"Detido por injúria racial, torcedor é solto por falta de testemunhas",Árbitro citou injúrias raciais na súmula de jogo no Rio Grande do Sul,2015-02-22,2015-02-23,esporte,esporte
11436,19215,1.0,aviso,Aviso,2015-02-24,2015-03-31,colunas,colunas
11436,29939,1.0,aviso,Aviso,2015-02-24,2015-05-26,colunas,colunas
11436,36848,1.0,aviso,Aviso,2015-02-24,2015-06-30,colunas,colunas
11436,55324,1.0,aviso,Aviso,2015-02-24,2015-10-02,colunas,colunas
11436,94708,1.0,aviso,Aviso,2015-02-24,2016-05-07,colunas,colunas
11436,129731,1.0,aviso,Aviso,2015-02-24,2016-12-07,colunas,colunas
11460,12271,0.9296875,Veja as 151 linhas de ônibus de SP que começam a funcionar de madrugada,Começam a circular neste sábado 151 linhas de ônibus da madrugada,2015-02-24,2015-02-27,cotidiano,cotidiano
11663,13067,1.0,Confira o 'botão Bluetooth' e outras bugigangas tecnológicas,Confira a capa de concreto para iPhone e outras bugigangas tecnológicas,2015-02-24,2015-03-02,tec,tec
11663,13341,1.0,Confira o 'botão Bluetooth' e outras bugigangas tecnológicas,Confira a 'torradeira Darth Vader' e outras bugigangas tecnológicas,2015-02-24,2015-03-03,tec,tec
11663,14221,0.9375,Confira o 'botão Bluetooth' e outras bugigangas tecnológicas,Confira a 'máscara Doge' e outras compras tecnológicas,2015-02-24,2015-03-08,tec,tec
11663,16178,1.0,Confira o 'botão Bluetooth' e outras bugigangas tecnológicas,Confira tábua de carne do 'Nintendinho' e outras bugigangas tecnológicas,2015-02-24,2015-03-17,tec,tec
11663,17870,1.0,Confira o 'botão Bluetooth' e outras bugigangas tecnológicas,Confira colchão inteligente e outras bugigangas tecnológicas,2015-02-24,2015-03-24,tec,tec
11663,19396,0.9765625,Confira o 'botão Bluetooth' e outras bugigangas tecnológicas,Veja cabideiro que imita controle de PS3 e outras bugigangas tecnológicas,2015-02-24,2015-03-31,tec,tec
11663,20404,0.984375,Confira o 'botão Bluetooth' e outras bugigangas tecnológicas,Confira o alto-falante 'Iron Man' e outras bugigangas tecnológicas,2015-02-24,2015-04-05,tec,tec
11663,22086,0.984375,Confira o 'botão Bluetooth' e outras bugigangas tecnológicas,Confira projetor de papelão e outras bugigangas tecnológicas,2015-02-24,2015-04-14,tec,tec
11663,23357,0.984375,Confira o 'botão Bluetooth' e outras bugigangas tecnológicas,Confira 'anzol' inteligente e outras bugigangas tecnológicas,2015-02-24,2015-04-21,tec,tec
11663,24531,0.9375,Confira o 'botão Bluetooth' e outras bugigangas tecnológicas,Veja escova de dentes com visor e outras bugigangas tecnológicas,2015-02-24,2015-04-27,tec,tec
11663,27130,0.921875,Confira o 'botão Bluetooth' e outras bugigangas tecnológicas,Confira o transmissor FM para carros e outras compras tecnológicas,2015-02-24,2015-05-10,tec,tec
11663,28607,0.984375,Confira o 'botão Bluetooth' e outras bugigangas tecnológicas,Confira adaptador bluetooth e outras bugigangas tecnológicas,2015-02-24,2015-05-18,tec,tec
11663,29918,0.984375,Confira o 'botão Bluetooth' e outras bugigangas tecnológicas,Confira o recarregador USB solar e outras compras tecnológicas,2015-02-24,2015-05-25,tec,tec
11663,31336,1.0,Confira o 'botão Bluetooth' e outras bugigangas tecnológicas,Confira a espada 'Minecraft' e outras bugigangas tecnológicas,2015-02-24,2015-06-01,tec,tec
11663,32564,0.9375,Confira o 'botão Bluetooth' e outras bugigangas tecnológicas,Confira o suporte para celular na bike e outras compras tecnológicas,2015-02-24,2015-06-07,tec,tec
11663,34003,0.9375,Confira o 'botão Bluetooth' e outras bugigangas tecnológicas,Veja USB que vira lanterna e outras bugigangas tecnológicas,2015-02-24,2015-06-15,tec,tec
11663,35417,0.953125,Confira o 'botão Bluetooth' e outras bugigangas tecnológicas,Veja casaco de moletom para os fãs de wi-fi e outras compras tecnológicas,2015-02-24,2015-06-22,tec,tec
11663,36823,0.9375,Confira o 'botão Bluetooth' e outras bugigangas tecnológicas,Confira o alto-falante canino e outras compras tecnológicas,2015-02-24,2015-06-29,tec,tec
11663,37886,0.984375,Confira o 'botão Bluetooth' e outras bugigangas tecnológicas,Confira celular de baixo custo da Sony e outras bugigangas tecnológicas,2015-02-24,2015-07-04,tec,tec
11663,38842,0.9375,Confira o 'botão Bluetooth' e outras bugigangas tecnológicas,Confira o esterilizador de celular e outras compras tecnológicas,2015-02-24,2015-07-09,tec,tec
11663,40954,0.9375,Confira o 'botão Bluetooth' e outras bugigangas tecnológicas,Confira o comunicador de 'Jornada nas Estrelas' e outras compras tecnológicas,2015-02-24,2015-07-20,tec,tec
11663,42225,0.9375,Confira o 'botão Bluetooth' e outras bugigangas tecnológicas,Confira o novo celular Alcatel e outras compras tecnológicas,2015-02-24,2015-07-27,tec,tec
11663,44209,0.984375,Confira o 'botão Bluetooth' e outras bugigangas tecnológicas,Veja o alto-falante com 20 horas de bateria e outras compras tecnológicas,2015-02-24,2015-08-06,tec,tec
11663,47657,0.9375,Confira o 'botão Bluetooth' e outras bugigangas tecnológicas,Confira o roteador 'drone' e outras compras tecnológicas,2015-02-24,2015-08-24,tec,tec
11663,49105,0.9375,Confira o 'botão Bluetooth' e outras bugigangas tecnológicas,Confira o smartphone com Linux e outras compras tecnológicas,2015-02-24,2015-08-31,tec,tec
11663,54735,0.921875,Confira o 'botão Bluetooth' e outras bugigangas tecnológicas,Confira a câmera disfarçada de fonte e outras compras tecnológicas,2015-02-24,2015-09-28,tec,tec
11663,55556,1.0,Confira o 'botão Bluetooth' e outras bugigangas tecnológicas,Confira o 'capacete Metroid' e outras bugigangas tecnológicas,2015-02-24,2015-10-02,tec,tec
11663,55807,1.0,Confira o 'botão Bluetooth' e outras bugigangas tecnológicas,Confira o kit de decoração de unhas tetris e outras bugigangas tecnológicas,2015-02-24,2015-10-03,tec,tec
11663,56751,0.9375,Confira o 'botão Bluetooth' e outras bugigangas tecnológicas,Confira a lente 'profissional' para smartphone e outras compras,2015-02-24,2015-10-08,tec,tec
11663,68450,0.984375,Confira o 'botão Bluetooth' e outras bugigangas tecnológicas,Confira o tablet projetor e outras bugigangas tecnológicas,2015-02-24,2015-12-05,tec,tec
11675,11676,1.0,"Turismo de Mali aumenta com filme ""Timbuktu"", indicado ao Oscar","Turismo de Mali aumenta com filme ""Timbuktu"", indicado ao Oscar",2015-02-24,2015-02-24,turismo,turismo
12194,13356,1.0,Correnteza arrasta caçamba durante tempestade na zona leste; veja vídeo,Tablet compete com PCs usando pacote Office e corpo à prova d'água,2015-02-26,2015-03-03,tv,tv
12194,20058,1.0,Correnteza arrasta caçamba durante tempestade na zona leste; veja vídeo,"Homem terá que se adaptar a viver com menos água, dizem especialistas",2015-02-26,2015-04-03,tv,tv
12194,55569,1.0,Correnteza arrasta caçamba durante tempestade na zona leste; veja vídeo,Comércio virtual é tão difícil quanto o de lojas físicas,2015-02-26,2015-10-02,tv,tv
12194,61765,1.0,Correnteza arrasta caçamba durante tempestade na zona leste; veja vídeo,Menino do Acre 'bomba' na internet com brincadeira sobre seca paulista,2015-02-26,2015-11-02,tv,tv
12194,67805,1.0,Correnteza arrasta caçamba durante tempestade na zona leste; veja vídeo,"Com assembleia cercada, deputados do Paraná vão de ônibus da PM para sessão",2015-02-26,2015-12-02,tv,tv
12675,13357,1.0,"Durante crise da água, melhor evitar utensílios de madeira, diz professora","Indústria precisa definir utilidade dos relógios inteligentes, diz especial",2015-02-28,2015-03-03,tv,tv
12675,20554,1.0,"Durante crise da água, melhor evitar utensílios de madeira, diz professora",Fiéis oram pelo fim da corrupção durante a Marcha para Jesus,2015-02-28,2015-04-06,tv,tv
12675,25917,1.0,"Durante crise da água, melhor evitar utensílios de madeira, diz professora",Reintegração da área do parque Augusta é concluída; veja imagens,2015-02-28,2015-05-03,tv,tv
12675,55821,1.0,"Durante crise da água, melhor evitar utensílios de madeira, diz professora","Sob holofotes e pressão, mulher de TI não pode ter medo, diz programadora",2015-02-28,2015-10-03,tv,tv
12722,19442,0.984375,Mega-Sena acumula e pode pagar prêmio de R$ 5 milhões na quarta,Mega-Sena acumula e pode pagar R$ 5 milhões na próxima quarta-feira,2015-03-01,2015-04-01,cotidiano,cotidiano
12855,40244,1.0,Aviso,Aviso,2015-03-02,2015-07-17,colunas,colunas
12855,41559,1.0,Aviso,Aviso,2015-03-02,2015-07-24,colunas,colunas
12855,42257,1.0,Aviso,Aviso,2015-03-02,2015-07-28,colunas,colunas
12855,42820,1.0,Aviso,Aviso,2015-03-02,2015-07-31,colunas,colunas
12855,58195,1.0,Aviso,Aviso,2015-03-02,2015-10-16,colunas,colunas
12855,61777,0.9296875,Aviso,Aviso,2015-03-02,2015-11-03,colunas,colunas
12855,102272,0.9765625,Aviso,Aviso,2015-03-02,2016-06-22,colunas,colunas
12855,102674,0.9765625,Aviso,Aviso,2015-03-02,2016-06-24,colunas,colunas
12855,103518,0.9765625,Aviso,Aviso,2015-03-02,2016-06-29,colunas,colunas
12855,103704,0.9765625,Aviso,Aviso,2015-03-02,2016-06-30,colunas,colunas
12855,105885,0.9765625,Aviso,Aviso,2015-03-02,2016-07-13,colunas,colunas
12855,133275,1.0,Aviso,Aviso,2015-03-02,2017-01-04,colunas,colunas
12855,143454,0.9765625,Aviso,Aviso,2015-03-02,2017-03-29,colunas,colunas
12855,148303,1.0,Aviso,Aviso,2015-03-02,2017-05-07,colunas,colunas
12855,153319,0.9765625,Aviso,Aviso,2015-03-02,2017-06-16,colunas,colunas
12855,156403,1.0,Aviso,Aviso,2015-03-02,2017-07-09,colunas,colunas
13067,13341,1.0,Confira a capa de concreto para iPhone e outras bugigangas tecnológicas,Confira a 'torradeira Darth Vader' e outras bugigangas tecnológicas,2015-03-02,2015-03-03,tec,tec
13067,14221,0.9375,Confira a capa de concreto para iPhone e outras bugigangas tecnológicas,Confira a 'máscara Doge' e outras compras tecnológicas,2015-03-02,2015-03-08,tec,tec
13067,16178,1.0,Confira a capa de concreto para iPhone e outras bugigangas tecnológicas,Confira tábua de carne do 'Nintendinho' e outras bugigangas tecnológicas,2015-03-02,2015-03-17,tec,tec
13067,17870,1.0,Confira a capa de concreto para iPhone e outras bugigangas tecnológicas,Confira colchão inteligente e outras bugigangas tecnológicas,2015-03-02,2015-03-24,tec,tec
13067,19396,0.9765625,Confira a capa de concreto para iPhone e outras bugigangas tecnológicas,Veja cabideiro que imita controle de PS3 e outras bugigangas tecnológicas,2015-03-02,2015-03-31,tec,tec
13067,20404,0.984375,Confira a capa de concreto para iPhone e outras bugigangas tecnológicas,Confira o alto-falante 'Iron Man' e outras bugigangas tecnológicas,2015-03-02,2015-04-05,tec,tec
13067,22086,0.984375,Confira a capa de concreto para iPhone e outras bugigangas tecnológicas,Confira projetor de papelão e outras bugigangas tecnológicas,2015-03-02,2015-04-14,tec,tec
13067,23357,0.984375,Confira a capa de concreto para iPhone e outras bugigangas tecnológicas,Confira 'anzol' inteligente e outras bugigangas tecnológicas,2015-03-02,2015-04-21,tec,tec
13067,24531,0.9375,Confira a capa de concreto para iPhone e outras bugigangas tecnológicas,Veja escova de dentes com visor e outras bugigangas tecnológicas,2015-03-02,2015-04-27,tec,tec
13067,27130,0.921875,Confira a capa de concreto para iPhone e outras bugigangas tecnológicas,Confira o transmissor FM para carros e outras compras tecnológicas,2015-03-02,2015-05-10,tec,tec
13067,28607,0.984375,Confira a capa de concreto para iPhone e outras bugigangas tecnológicas,Confira adaptador bluetooth e outras bugigangas tecnológicas,2015-03-02,2015-05-18,tec,tec
13067,29918,0.984375,Confira a capa de concreto para iPhone e outras bugigangas tecnológicas,Confira o recarregador USB solar e outras compras tecnológicas,2015-03-02,2015-05-25,tec,tec
13067,31336,1.0,Confira a capa de concreto para iPhone e outras bugigangas tecnológicas,Confira a espada 'Minecraft' e outras bugigangas tecnológicas,2015-03-02,2015-06-01,tec,tec
13067,32564,0.9375,Confira a capa de concreto para iPhone e outras bugigangas tecnológicas,Confira o suporte para celular na bike e outras compras tecnológicas,2015-03-02,2015-06-07,tec,tec
13067,34003,0.9375,Confira a capa de concreto para iPhone e outras bugigangas tecnológicas,Veja USB que vira lanterna e outras bugigangas tecnológicas,2015-03-02,2015-06-15,tec,tec
13067,35417,0.953125,Confira a capa de concreto para iPhone e outras bugigangas tecnológicas,Veja casaco de moletom para os fãs de wi-fi e outras compras tecnológicas,2015-03-02,2015-06-22,tec,tec
13067,36823,0.9375,Confira a capa de concreto para iPhone e outras bugigangas tecnológicas,Confira o alto-falante canino e outras compras tecnológicas,2015-03-02,2015-06-29,tec,tec
13067,37886,0.984375,Confira a capa de concreto para iPhone e outras bugigangas tecnológicas,Confira celular de baixo custo da Sony e outras bugigangas tecnológicas,2015-03-02,2015-07-04,tec,tec
13067,38842,0.9375,Confira a capa de concreto para iPhone e outras bugigangas tecnológicas,Confira o esterilizador de celular e outras compras tecnológicas,2015-03-02,2015-07-09,tec,tec
13067,40954,0.9375,Confira a capa de concreto para iPhone e outras bugigangas tecnológicas,Confira o comunicador de 'Jornada nas Estrelas' e outras compras tecnológicas,2015-03-02,2015-07-20,tec,tec
13067,42225,0.9375,Confira a capa de concreto para iPhone e outras bugigangas tecnológicas,Confira o novo celular Alcatel e outras compras tecnológicas,2015-03-02,2015-07-27,tec,tec
13067,44209,0.984375,Confira a capa de concreto para iPhone e outras bugigangas tecnológicas,Veja o alto-falante com 20 horas de bateria e outras compras tecnológicas,2015-03-02,2015-08-06,tec,tec
13067,47657,0.9375,Confira a capa de concreto para iPhone e outras bugigangas tecnológicas,Confira o roteador 'drone' e outras compras tecnológicas,2015-03-02,2015-08-24,tec,tec
13067,49105,0.9375,Confira a capa de concreto para iPhone e outras bugigangas tecnológicas,Confira o smartphone com Linux e outras compras tecnológicas,2015-03-02,2015-08-31,tec,tec
13067,54735,0.921875,Confira a capa de concreto para iPhone e outras bugigangas tecnológicas,Confira a câmera disfarçada de fonte e outras compras tecnológicas,2015-03-02,2015-09-28,tec,tec
13067,55556,1.0,Confira a capa de concreto para iPhone e outras bugigangas tecnológicas,Confira o 'capacete Metroid' e outras bugigangas tecnológicas,2015-03-02,2015-10-02,tec,tec
13067,55807,1.0,Confira a capa de concreto para iPhone e outras bugigangas tecnológicas,Confira o kit de decoração de unhas tetris e outras bugigangas tecnológicas,2015-03-02,2015-10-03,tec,tec
13067,56751,0.9375,Confira a capa de concreto para iPhone e outras bugigangas tecnológicas,Confira a lente 'profissional' para smartphone e outras compras,2015-03-02,2015-10-08,tec,tec
13067,68450,0.984375,Confira a capa de concreto para iPhone e outras bugigangas tecnológicas,Confira o tablet projetor e outras bugigangas tecnológicas,2015-03-02,2015-12-05,tec,tec
13082,88809,0.875,Seis dicas para baratear sua compra de dólar,Seis dicas para baratear sua compra de dólar,2015-03-03,2016-04-03,asmais,asmais
13147,14267,0.9921875,"'Somos trabalhadores, e ele tem tudo', diz mãe de suspeito de crime na USP","'Somos trabalhadores e ele tem tudo', diz mãe de suspeito de crime na USP",2015-03-03,2015-03-09,cotidiano,cotidiano
13216,16079,0.9453125,Folha promove seminário sobre contrabando nesta quarta,Folha promove seminário sobre contrabando nestas quarta e quinta,2015-03-03,2015-03-17,mercado,mercado
13341,14221,0.9375,Confira a 'torradeira Darth Vader' e outras bugigangas tecnológicas,Confira a 'máscara Doge' e outras compras tecnológicas,2015-03-03,2015-03-08,tec,tec
13341,16178,1.0,Confira a 'torradeira Darth Vader' e outras bugigangas tecnológicas,Confira tábua de carne do 'Nintendinho' e outras bugigangas tecnológicas,2015-03-03,2015-03-17,tec,tec
13341,17870,1.0,Confira a 'torradeira Darth Vader' e outras bugigangas tecnológicas,Confira colchão inteligente e outras bugigangas tecnológicas,2015-03-03,2015-03-24,tec,tec
13341,19396,0.9765625,Confira a 'torradeira Darth Vader' e outras bugigangas tecnológicas,Veja cabideiro que imita controle de PS3 e outras bugigangas tecnológicas,2015-03-03,2015-03-31,tec,tec
13341,20404,0.984375,Confira a 'torradeira Darth Vader' e outras bugigangas tecnológicas,Confira o alto-falante 'Iron Man' e outras bugigangas tecnológicas,2015-03-03,2015-04-05,tec,tec
13341,22086,0.984375,Confira a 'torradeira Darth Vader' e outras bugigangas tecnológicas,Confira projetor de papelão e outras bugigangas tecnológicas,2015-03-03,2015-04-14,tec,tec
13341,23357,0.984375,Confira a 'torradeira Darth Vader' e outras bugigangas tecnológicas,Confira 'anzol' inteligente e outras bugigangas tecnológicas,2015-03-03,2015-04-21,tec,tec
13341,24531,0.9375,Confira a 'torradeira Darth Vader' e outras bugigangas tecnológicas,Veja escova de dentes com visor e outras bugigangas tecnológicas,2015-03-03,2015-04-27,tec,tec
13341,27130,0.921875,Confira a 'torradeira Darth Vader' e outras bugigangas tecnológicas,Confira o transmissor FM para carros e outras compras tecnológicas,2015-03-03,2015-05-10,tec,tec
13341,28607,0.984375,Confira a 'torradeira Darth Vader' e outras bugigangas tecnológicas,Confira adaptador bluetooth e outras bugigangas tecnológicas,2015-03-03,2015-05-18,tec,tec
13341,29918,0.984375,Confira a 'torradeira Darth Vader' e outras bugigangas tecnológicas,Confira o recarregador USB solar e outras compras tecnológicas,2015-03-03,2015-05-25,tec,tec
13341,31336,1.0,Confira a 'torradeira Darth Vader' e outras bugigangas tecnológicas,Confira a espada 'Minecraft' e outras bugigangas tecnológicas,2015-03-03,2015-06-01,tec,tec
13341,32564,0.9375,Confira a 'torradeira Darth Vader' e outras bugigangas tecnológicas,Confira o suporte para celular na bike e outras compras tecnológicas,2015-03-03,2015-06-07,tec,tec
13341,34003,0.9375,Confira a 'torradeira Darth Vader' e outras bugigangas tecnológicas,Veja USB que vira lanterna e outras bugigangas tecnológicas,2015-03-03,2015-06-15,tec,tec
13341,35417,0.953125,Confira a 'torradeira Darth Vader' e outras bugigangas tecnológicas,Veja casaco de moletom para os fãs de wi-fi e outras compras tecnológicas,2015-03-03,2015-06-22,tec,tec
13341,36823,0.9375,Confira a 'torradeira Darth Vader' e outras bugigangas tecnológicas,Confira o alto-falante canino e outras compras tecnológicas,2015-03-03,2015-06-29,tec,tec
13341,37886,0.984375,Confira a 'torradeira Darth Vader' e outras bugigangas tecnológicas,Confira celular de baixo custo da Sony e outras bugigangas tecnológicas,2015-03-03,2015-07-04,tec,tec
13341,38842,0.9375,Confira a 'torradeira Darth Vader' e outras bugigangas tecnológicas,Confira o esterilizador de celular e outras compras tecnológicas,2015-03-03,2015-07-09,tec,tec
13341,40954,0.9375,Confira a 'torradeira Darth Vader' e outras bugigangas tecnológicas,Confira o comunicador de 'Jornada nas Estrelas' e outras compras tecnológicas,2015-03-03,2015-07-20,tec,tec
13341,42225,0.9375,Confira a 'torradeira Darth Vader' e outras bugigangas tecnológicas,Confira o novo celular Alcatel e outras compras tecnológicas,2015-03-03,2015-07-27,tec,tec
13341,44209,0.984375,Confira a 'torradeira Darth Vader' e outras bugigangas tecnológicas,Veja o alto-falante com 20 horas de bateria e outras compras tecnológicas,2015-03-03,2015-08-06,tec,tec
13341,47657,0.9375,Confira a 'torradeira Darth Vader' e outras bugigangas tecnológicas,Confira o roteador 'drone' e outras compras tecnológicas,2015-03-03,2015-08-24,tec,tec
13341,49105,0.9375,Confira a 'torradeira Darth Vader' e outras bugigangas tecnológicas,Confira o smartphone com Linux e outras compras tecnológicas,2015-03-03,2015-08-31,tec,tec
13341,54735,0.921875,Confira a 'torradeira Darth Vader' e outras bugigangas tecnológicas,Confira a câmera disfarçada de fonte e outras compras tecnológicas,2015-03-03,2015-09-28,tec,tec
13341,55556,1.0,Confira a 'torradeira Darth Vader' e outras bugigangas tecnológicas,Confira o 'capacete Metroid' e outras bugigangas tecnológicas,2015-03-03,2015-10-02,tec,tec
13341,55807,1.0,Confira a 'torradeira Darth Vader' e outras bugigangas tecnológicas,Confira o kit de decoração de unhas tetris e outras bugigangas tecnológicas,2015-03-03,2015-10-03,tec,tec
13341,56751,0.9375,Confira a 'torradeira Darth Vader' e outras bugigangas tecnológicas,Confira a lente 'profissional' para smartphone e outras compras,2015-03-03,2015-10-08,tec,tec
13341,68450,0.984375,Confira a 'torradeira Darth Vader' e outras bugigangas tecnológicas,Confira o tablet projetor e outras bugigangas tecnológicas,2015-03-03,2015-12-05,tec,tec
13356,20058,1.0,Tablet compete com PCs usando pacote Office e corpo à prova d'água,"Homem terá que se adaptar a viver com menos água, dizem especialistas",2015-03-03,2015-04-03,tv,tv
13356,55569,1.0,Tablet compete com PCs usando pacote Office e corpo à prova d'água,Comércio virtual é tão difícil quanto o de lojas físicas,2015-03-03,2015-10-02,tv,tv
13356,61765,1.0,Tablet compete com PCs usando pacote Office e corpo à prova d'água,Menino do Acre 'bomba' na internet com brincadeira sobre seca paulista,2015-03-03,2015-11-02,tv,tv
13356,67805,1.0,Tablet compete com PCs usando pacote Office e corpo à prova d'água,"Com assembleia cercada, deputados do Paraná vão de ônibus da PM para sessão",2015-03-03,2015-12-02,tv,tv
13357,20554,1.0,"Indústria precisa definir utilidade dos relógios inteligentes, diz especial",Fiéis oram pelo fim da corrupção durante a Marcha para Jesus,2015-03-03,2015-04-06,tv,tv
13357,25917,1.0,"Indústria precisa definir utilidade dos relógios inteligentes, diz especial",Reintegração da área do parque Augusta é concluída; veja imagens,2015-03-03,2015-05-03,tv,tv
13357,55821,1.0,"Indústria precisa definir utilidade dos relógios inteligentes, diz especial","Sob holofotes e pressão, mulher de TI não pode ter medo, diz programadora",2015-03-03,2015-10-03,tv,tv
13522,26078,0.9140625,Folha realiza debate sobre eficácia de dietas alimentares,Folha faz debate sobre eficácia das dietas alimentares,2015-03-05,2015-05-05,cotidiano,cotidiano
13522,32061,0.9140625,Folha realiza debate sobre eficácia de dietas alimentares,Folha faz debate sobre eficácia das dietas alimentares,2015-03-05,2015-06-05,cotidiano,cotidiano
13781,19935,0.96875,Selic: saiba como a taxa básica de juros influencia a economia brasileira,Entenda como a taxa básica de juros influencia a economia brasileira,2015-03-06,2015-04-03,mercado,mercado
13781,24873,0.96875,Selic: saiba como a taxa básica de juros influencia a economia brasileira,Entenda como a taxa básica de juros influencia a economia brasileira,2015-03-06,2015-04-29,mercado,mercado
13781,42498,0.96875,Selic: saiba como a taxa básica de juros influencia a economia brasileira,Selic: entenda como a taxa básica de juros influencia a economia brasileira,2015-03-06,2015-07-29,mercado,mercado
13781,59198,0.96875,Selic: saiba como a taxa básica de juros influencia a economia brasileira,Selic: entenda como a taxa básica de juros influencia a economia brasileira,2015-03-06,2015-10-21,mercado,mercado
13781,66195,0.96875,Selic: saiba como a taxa básica de juros influencia a economia brasileira,Selic: entenda como a taxa básica de juros influencia a economia brasileira,2015-03-06,2015-11-25,mercado,mercado
13783,24877,0.859375,"Veja como ficam os juros dos empréstimos com a Selic em 13,75%","Veja como ficam os juros dos empréstimos com a Selic em 13,25%",2015-03-06,2015-04-29,mercado,mercado
13789,24882,0.9296875,"CDB e Fundos ampliam vantagem sobre poupança com Selic em 13,75%","CDB e Fundos ampliam vantagem sobre poupança com Selic em 13,25%",2015-03-06,2015-04-29,mercado,mercado
13880,13881,1.0,"'Eles só vão parar se forem mortos', diz em SP sobrevivente do 'Charlie Hebdo'",Derrota de Dilma no TSE em processo sobre campanha deixa PT em alerta,2015-03-07,2015-03-07,colunas,colunas
13884,30552,1.0,Aviso,Aviso,2015-03-07,2015-05-29,colunas,colunas
14088,32618,0.859375,MEC reabre prazo para renovação de contrato do Fies,Inscrição para o Fies do 2° semestre termina nesta quinta,2015-03-08,2015-06-08,educacao,educacao
14147,53872,0.875,Fazenda paulista cobra R$ 293 milhões de IPVA de 337 mil donos de veículos,Fazenda paulista cobra R$ 507 milhões de IPVA de 611 mil donos de veículos,2015-03-08,2015-09-24,mercado,mercado
14221,16178,0.9375,Confira a 'máscara Doge' e outras compras tecnológicas,Confira tábua de carne do 'Nintendinho' e outras bugigangas tecnológicas,2015-03-08,2015-03-17,tec,tec
14221,17870,0.9375,Confira a 'máscara Doge' e outras compras tecnológicas,Confira colchão inteligente e outras bugigangas tecnológicas,2015-03-08,2015-03-24,tec,tec
14221,19396,0.9453125,Confira a 'máscara Doge' e outras compras tecnológicas,Veja cabideiro que imita controle de PS3 e outras bugigangas tecnológicas,2015-03-08,2015-03-31,tec,tec
14221,20404,0.953125,Confira a 'máscara Doge' e outras compras tecnológicas,Confira o alto-falante 'Iron Man' e outras bugigangas tecnológicas,2015-03-08,2015-04-05,tec,tec
14221,22086,0.953125,Confira a 'máscara Doge' e outras compras tecnológicas,Confira projetor de papelão e outras bugigangas tecnológicas,2015-03-08,2015-04-14,tec,tec
14221,23357,0.953125,Confira a 'máscara Doge' e outras compras tecnológicas,Confira 'anzol' inteligente e outras bugigangas tecnológicas,2015-03-08,2015-04-21,tec,tec
14221,24531,1.0,Confira a 'máscara Doge' e outras compras tecnológicas,Veja escova de dentes com visor e outras bugigangas tecnológicas,2015-03-08,2015-04-27,tec,tec
14221,27130,0.984375,Confira a 'máscara Doge' e outras compras tecnológicas,Confira o transmissor FM para carros e outras compras tecnológicas,2015-03-08,2015-05-10,tec,tec
14221,28607,0.953125,Confira a 'máscara Doge' e outras compras tecnológicas,Confira adaptador bluetooth e outras bugigangas tecnológicas,2015-03-08,2015-05-18,tec,tec
14221,29918,0.953125,Confira a 'máscara Doge' e outras compras tecnológicas,Confira o recarregador USB solar e outras compras tecnológicas,2015-03-08,2015-05-25,tec,tec
14221,31336,0.9375,Confira a 'máscara Doge' e outras compras tecnológicas,Confira a espada 'Minecraft' e outras bugigangas tecnológicas,2015-03-08,2015-06-01,tec,tec
14221,32564,1.0,Confira a 'máscara Doge' e outras compras tecnológicas,Confira o suporte para celular na bike e outras compras tecnológicas,2015-03-08,2015-06-07,tec,tec
14221,34003,1.0,Confira a 'máscara Doge' e outras compras tecnológicas,Veja USB que vira lanterna e outras bugigangas tecnológicas,2015-03-08,2015-06-15,tec,tec
14221,35417,0.984375,Confira a 'máscara Doge' e outras compras tecnológicas,Veja casaco de moletom para os fãs de wi-fi e outras compras tecnológicas,2015-03-08,2015-06-22,tec,tec
14221,36823,1.0,Confira a 'máscara Doge' e outras compras tecnológicas,Confira o alto-falante canino e outras compras tecnológicas,2015-03-08,2015-06-29,tec,tec
14221,37886,0.953125,Confira a 'máscara Doge' e outras compras tecnológicas,Confira celular de baixo custo da Sony e outras bugigangas tecnológicas,2015-03-08,2015-07-04,tec,tec
14221,38842,1.0,Confira a 'máscara Doge' e outras compras tecnológicas,Confira o esterilizador de celular e outras compras tecnológicas,2015-03-08,2015-07-09,tec,tec
14221,40954,1.0,Confira a 'máscara Doge' e outras compras tecnológicas,Confira o comunicador de 'Jornada nas Estrelas' e outras compras tecnológicas,2015-03-08,2015-07-20,tec,tec
14221,42225,1.0,Confira a 'máscara Doge' e outras compras tecnológicas,Confira o novo celular Alcatel e outras compras tecnológicas,2015-03-08,2015-07-27,tec,tec
14221,44209,0.953125,Confira a 'máscara Doge' e outras compras tecnológicas,Veja o alto-falante com 20 horas de bateria e outras compras tecnológicas,2015-03-08,2015-08-06,tec,tec
14221,47657,1.0,Confira a 'máscara Doge' e outras compras tecnológicas,Confira o roteador 'drone' e outras compras tecnológicas,2015-03-08,2015-08-24,tec,tec
14221,49105,1.0,Confira a 'máscara Doge' e outras compras tecnológicas,Confira o smartphone com Linux e outras compras tecnológicas,2015-03-08,2015-08-31,tec,tec
14221,54735,0.984375,Confira a 'máscara Doge' e outras compras tecnológicas,Confira a câmera disfarçada de fonte e outras compras tecnológicas,2015-03-08,2015-09-28,tec,tec
14221,55556,0.9375,Confira a 'máscara Doge' e outras compras tecnológicas,Confira o 'capacete Metroid' e outras bugigangas tecnológicas,2015-03-08,2015-10-02,tec,tec
14221,55807,0.9375,Confira a 'máscara Doge' e outras compras tecnológicas,Confira o kit de decoração de unhas tetris e outras bugigangas tecnológicas,2015-03-08,2015-10-03,tec,tec
14221,56751,1.0,Confira a 'máscara Doge' e outras compras tecnológicas,Confira a lente 'profissional' para smartphone e outras compras,2015-03-08,2015-10-08,tec,tec
14221,68450,0.953125,Confira a 'máscara Doge' e outras compras tecnológicas,Confira o tablet projetor e outras bugigangas tecnológicas,2015-03-08,2015-12-05,tec,tec
14248,21311,1.0,Aviso,Aviso,2015-03-09,2015-04-11,colunas,colunas
14248,26614,1.0,Aviso,Aviso,2015-03-09,2015-05-08,colunas,colunas
14248,35639,1.0,Aviso,Aviso,2015-03-09,2015-06-24,colunas,colunas
14248,41161,1.0,Aviso,Aviso,2015-03-09,2015-07-22,colunas,colunas
14248,96476,1.0,Aviso,Aviso,2015-03-09,2016-05-18,colunas,colunas
14248,124688,1.0,Aviso,Aviso,2015-03-09,2016-11-05,colunas,colunas
14248,158107,1.0,Aviso,Aviso,2015-03-09,2017-07-25,colunas,colunas
14248,166842,1.0,Aviso,Aviso,2015-03-09,2017-09-30,colunas,colunas
14351,44635,0.953125,Receita libera no dia 8 consulta ao 4º lote de restituições do IR de 2015,Receita libera consulta ao 4º lote de restituições do IR de 2015,2015-03-09,2015-08-09,mercado,mercado
14480,14482,0.984375,Crise faz estudantes mudarem de escola privada para pública,Crise faz estudantes mudarem de escola privada para pública,2015-03-10,2015-03-10,cotidiano,educacao
14568,14569,1.0,Painel,Painel,2015-03-10,2015-03-10,poder,poder
14698,14773,1.0,"Para especialistas, inadimplente deve cancelar cartões para limpar nome","Para especialistas, inadimplente deve cancelar cartões para limpar nome",2015-03-11,2015-03-11,mercado,tv
14767,39394,1.0,Veja o novo celular da chinesa Meizu e outras compras tecnológicas,Veja o conversor de filme fotográfico e outras bugigangas tecnológicas,2015-03-11,2015-07-12,tec,tec
14767,51376,1.0,Veja o novo celular da chinesa Meizu e outras compras tecnológicas,Conheça o teclado para viciados em emojis e outras compras tecnológicas,2015-03-11,2015-09-11,tec,tec
14767,51973,1.0,Veja o novo celular da chinesa Meizu e outras compras tecnológicas,Câmera digital resgata elementos da Polaroid; veja outras compras,2015-03-11,2015-09-14,tec,tec
14767,53308,1.0,Veja o novo celular da chinesa Meizu e outras compras tecnológicas,HD externo protege contra fogo e água; veja outras compras tecnológicas,2015-03-11,2015-09-21,tec,tec
14767,58899,1.0,Veja o novo celular da chinesa Meizu e outras compras tecnológicas,Confira o kit de lentes para celulares e outras bugigangas tecnológicas,2015-03-11,2015-10-19,tec,tec
14767,60308,1.0,Veja o novo celular da chinesa Meizu e outras compras tecnológicas,Confira a camisinha Netflix e outras bugigangas tecnológicas,2015-03-11,2015-10-26,tec,tec
14767,64538,1.0,Veja o novo celular da chinesa Meizu e outras compras tecnológicas,Veja a pulseira fitness baratinha e outras compras tecnológicas,2015-03-11,2015-11-16,tec,tec
14767,65872,1.0,Veja o novo celular da chinesa Meizu e outras compras tecnológicas,Veja novo smartphone para crianças e outras compras tecnológicas,2015-03-11,2015-11-23,tec,tec
14767,67329,1.0,Veja o novo celular da chinesa Meizu e outras compras tecnológicas,Veja a meia conectada para monitorar bebês e outras compras tecnológicas,2015-03-11,2015-11-30,tec,tec
14767,69331,1.0,Veja o novo celular da chinesa Meizu e outras compras tecnológicas,Confira as máscaras de emoji e outras bugigangas tecnológicas,2015-03-11,2015-12-10,tec,tec
14767,70090,1.0,Veja o novo celular da chinesa Meizu e outras compras tecnológicas,Veja enfeite em formato de emoji para a árvore de Natal e outros produtos,2015-03-11,2015-12-14,tec,tec
14767,71433,1.0,Veja o novo celular da chinesa Meizu e outras compras tecnológicas,Veja a almofada para fãs de WhatsApp e outras compras tecnológicas,2015-03-11,2015-12-21,tec,tec
14767,72301,1.0,Veja o novo celular da chinesa Meizu e outras compras tecnológicas,Confira um teclado dobrável e outras bugigangas tecnológicas,2015-03-11,2015-12-28,tec,tec
14767,73016,1.0,Veja o novo celular da chinesa Meizu e outras compras tecnológicas,Veja o controle remoto com cara de smartphone e outros gadgets,2015-03-11,2016-01-02,tec,tec
14767,75776,1.0,Veja o novo celular da chinesa Meizu e outras compras tecnológicas,Veja as telas adicionais para notebook e outras compras tecnológicas,2015-03-11,2016-01-18,tec,tec
14767,76909,1.0,Veja o novo celular da chinesa Meizu e outras compras tecnológicas,Veja um skate com caixas de som e outras compras tecnológicas,2015-03-11,2016-01-25,tec,tec
14767,80320,1.0,Veja o novo celular da chinesa Meizu e outras compras tecnológicas,Veja um roteador portátil útil para viajantes e outros produtos,2015-03-11,2016-02-15,tec,tec
14767,82972,1.0,Veja o novo celular da chinesa Meizu e outras compras tecnológicas,Confira um 'mouse ambidestro' e outras compras tecnológicas,2015-03-11,2016-02-29,tec,tec
14767,85242,1.0,Veja o novo celular da chinesa Meizu e outras compras tecnológicas,Veja um smartphone com tela 4K e outros produtos tecnológicos,2015-03-11,2016-03-14,tec,tec
14767,87836,1.0,Veja o novo celular da chinesa Meizu e outras compras tecnológicas,Veja um carregador sem fio para o iPhone e outras compras tecnológicas,2015-03-11,2016-03-28,tec,tec
14767,88613,1.0,Veja o novo celular da chinesa Meizu e outras compras tecnológicas,Veja um gramofone para conectar ao celular e outras compras tecnológicas,2015-03-11,2016-04-01,tec,tec
14767,104379,1.0,Veja o novo celular da chinesa Meizu e outras compras tecnológicas,Veja o contador de seguidores de redes sociais e outras compras tecnológicas,2015-03-11,2016-07-03,tec,tec
14767,124130,1.0,Veja o novo celular da chinesa Meizu e outras compras tecnológicas,Confira o petisco wi-fi para cachorros e outras compras tecnológicas,2015-03-11,2016-11-01,tec,tec
14767,124680,1.0,Veja o novo celular da chinesa Meizu e outras compras tecnológicas,Veja um sensor de movimentos para TV e outras compras tecnológicas,2015-03-11,2016-11-04,tec,tec
14823,65229,0.8984375,Baixe o pôster do Palmeiras campeão da Copa do Brasil-2015,Baixe o pôster do Corinthians campeão do Campeonato Brasileiro,2015-03-12,2015-11-20,esporte,esporte
14823,109737,0.90625,Baixe o pôster do Palmeiras campeão da Copa do Brasil-2015,Baixe o pôster do Santos campeão do Campeonato Paulista,2015-03-12,2016-08-05,esporte,esporte
15359,17088,1.0,Veja os livros de negócios e economia mais vendidos entre 2 e 8 de março,Veja os livros de negócios e economia mais vendidos entre 9 e 15 de março,2015-03-14,2015-03-21,mercado,mercado
15359,18720,1.0,Veja os livros de negócios e economia mais vendidos entre 2 e 8 de março,Veja os livros de negócios e economia mais vendidos entre 16 e 22 de março,2015-03-14,2015-03-28,mercado,mercado
15359,20156,1.0,Veja os livros de negócios e economia mais vendidos entre 2 e 8 de março,Livro sobre negociação é novidade entre mais vendidos; confira lista,2015-03-14,2015-04-04,mercado,mercado
15359,37604,1.0,Veja os livros de negócios e economia mais vendidos entre 2 e 8 de março,Confira os livros de negócios e economia mais vendidos entre 23 de fevereiro e 1º de março,2015-03-14,2015-07-03,mercado,mercado
15359,62131,1.0,Veja os livros de negócios e economia mais vendidos entre 2 e 8 de março,Guia de finanças para casais volta a lista de livros mais vendidos na semana,2015-03-14,2015-11-04,mercado,mercado
15512,16648,0.9921875,James Brown chega às bancas no dia 22 de março,"Rei do soul, James Brown estará nas bancas no próximo domingo (22)",2015-03-15,2015-03-19,ilustrada,paineldoleitor
15606,15609,0.9609375,Idealizadores de ato contra Dilma trocam acusações,Idealizadores de ato contra Dilma trocam acusações,2015-03-15,2015-03-15,poder,poder
15948,16193,1.0,"Em ato contra governo, manifestantes divergem sobre impeachment; veja",Brincadeiras e preconceitos atrapalham alcoólatras em tratamento,2015-03-16,2015-03-17,tv,tv
15948,16458,1.0,"Em ato contra governo, manifestantes divergem sobre impeachment; veja",Pele com brilho natural é tendência e banho quente pode ressecá-la,2015-03-16,2015-03-18,tv,tv
15948,18131,1.0,"Em ato contra governo, manifestantes divergem sobre impeachment; veja",Artista lança trabalho que mistura intervenção urbana e tecnologia,2015-03-16,2015-03-25,tv,tv
15948,18364,1.0,"Em ato contra governo, manifestantes divergem sobre impeachment; veja",Humorista é levado a delegacia após 'matar' jacaré inflável em fonte,2015-03-16,2015-03-26,tv,tv
15948,49835,1.0,"Em ato contra governo, manifestantes divergem sobre impeachment; veja","Para Dilma, ""terceiro turno"" não é motivo para impeachment",2015-03-16,2015-09-03,tv,tv
16043,16050,0.9921875,Alexandre Herchcovitch e grife Ellus criam marca,Grife Ellus e Alexandre Herchcovitch se juntam para formar nova marca,2015-03-17,2015-03-17,ilustrada,ilustrada
16044,16046,0.984375,Mostra organizada por Hans Obrist traz seleção da arte brasileira atual,Mostra no instituto Tomie Ohtake traz seleção da arte brasileira atual,2015-03-17,2015-03-17,ilustrada,ilustrada
16062,18018,0.9921875,Jack White e Pharrell se apresentam no Lollapalooza no fim de semana; planeje-se,Jack White e Pharrell se apresentam no Lollapalooza no fim de semana; planeje-se,2015-03-17,2015-03-25,ilustrada,ilustrada
16178,17870,1.0,Confira tábua de carne do 'Nintendinho' e outras bugigangas tecnológicas,Confira colchão inteligente e outras bugigangas tecnológicas,2015-03-17,2015-03-24,tec,tec
16178,19396,0.9765625,Confira tábua de carne do 'Nintendinho' e outras bugigangas tecnológicas,Veja cabideiro que imita controle de PS3 e outras bugigangas tecnológicas,2015-03-17,2015-03-31,tec,tec
16178,20404,0.984375,Confira tábua de carne do 'Nintendinho' e outras bugigangas tecnológicas,Confira o alto-falante 'Iron Man' e outras bugigangas tecnológicas,2015-03-17,2015-04-05,tec,tec
16178,22086,0.984375,Confira tábua de carne do 'Nintendinho' e outras bugigangas tecnológicas,Confira projetor de papelão e outras bugigangas tecnológicas,2015-03-17,2015-04-14,tec,tec
16178,23357,0.984375,Confira tábua de carne do 'Nintendinho' e outras bugigangas tecnológicas,Confira 'anzol' inteligente e outras bugigangas tecnológicas,2015-03-17,2015-04-21,tec,tec
16178,24531,0.9375,Confira tábua de carne do 'Nintendinho' e outras bugigangas tecnológicas,Veja escova de dentes com visor e outras bugigangas tecnológicas,2015-03-17,2015-04-27,tec,tec
16178,27130,0.921875,Confira tábua de carne do 'Nintendinho' e outras bugigangas tecnológicas,Confira o transmissor FM para carros e outras compras tecnológicas,2015-03-17,2015-05-10,tec,tec
16178,28607,0.984375,Confira tábua de carne do 'Nintendinho' e outras bugigangas tecnológicas,Confira adaptador bluetooth e outras bugigangas tecnológicas,2015-03-17,2015-05-18,tec,tec
16178,29918,0.984375,Confira tábua de carne do 'Nintendinho' e outras bugigangas tecnológicas,Confira o recarregador USB solar e outras compras tecnológicas,2015-03-17,2015-05-25,tec,tec
16178,31336,1.0,Confira tábua de carne do 'Nintendinho' e outras bugigangas tecnológicas,Confira a espada 'Minecraft' e outras bugigangas tecnológicas,2015-03-17,2015-06-01,tec,tec
16178,32564,0.9375,Confira tábua de carne do 'Nintendinho' e outras bugigangas tecnológicas,Confira o suporte para celular na bike e outras compras tecnológicas,2015-03-17,2015-06-07,tec,tec
16178,34003,0.9375,Confira tábua de carne do 'Nintendinho' e outras bugigangas tecnológicas,Veja USB que vira lanterna e outras bugigangas tecnológicas,2015-03-17,2015-06-15,tec,tec
16178,35417,0.953125,Confira tábua de carne do 'Nintendinho' e outras bugigangas tecnológicas,Veja casaco de moletom para os fãs de wi-fi e outras compras tecnológicas,2015-03-17,2015-06-22,tec,tec
16178,36823,0.9375,Confira tábua de carne do 'Nintendinho' e outras bugigangas tecnológicas,Confira o alto-falante canino e outras compras tecnológicas,2015-03-17,2015-06-29,tec,tec
16178,37886,0.984375,Confira tábua de carne do 'Nintendinho' e outras bugigangas tecnológicas,Confira celular de baixo custo da Sony e outras bugigangas tecnológicas,2015-03-17,2015-07-04,tec,tec
16178,38842,0.9375,Confira tábua de carne do 'Nintendinho' e outras bugigangas tecnológicas,Confira o esterilizador de celular e outras compras tecnológicas,2015-03-17,2015-07-09,tec,tec
16178,40954,0.9375,Confira tábua de carne do 'Nintendinho' e outras bugigangas tecnológicas,Confira o comunicador de 'Jornada nas Estrelas' e outras compras tecnológicas,2015-03-17,2015-07-20,tec,tec
16178,42225,0.9375,Confira tábua de carne do 'Nintendinho' e outras bugigangas tecnológicas,Confira o novo celular Alcatel e outras compras tecnológicas,2015-03-17,2015-07-27,tec,tec
16178,44209,0.984375,Confira tábua de carne do 'Nintendinho' e outras bugigangas tecnológicas,Veja o alto-falante com 20 horas de bateria e outras compras tecnológicas,2015-03-17,2015-08-06,tec,tec
16178,47657,0.9375,Confira tábua de carne do 'Nintendinho' e outras bugigangas tecnológicas,Confira o roteador 'drone' e outras compras tecnológicas,2015-03-17,2015-08-24,tec,tec
16178,49105,0.9375,Confira tábua de carne do 'Nintendinho' e outras bugigangas tecnológicas,Confira o smartphone com Linux e outras compras tecnológicas,2015-03-17,2015-08-31,tec,tec
16178,54735,0.921875,Confira tábua de carne do 'Nintendinho' e outras bugigangas tecnológicas,Confira a câmera disfarçada de fonte e outras compras tecnológicas,2015-03-17,2015-09-28,tec,tec
16178,55556,1.0,Confira tábua de carne do 'Nintendinho' e outras bugigangas tecnológicas,Confira o 'capacete Metroid' e outras bugigangas tecnológicas,2015-03-17,2015-10-02,tec,tec
16178,55807,1.0,Confira tábua de carne do 'Nintendinho' e outras bugigangas tecnológicas,Confira o kit de decoração de unhas tetris e outras bugigangas tecnológicas,2015-03-17,2015-10-03,tec,tec
16178,56751,0.9375,Confira tábua de carne do 'Nintendinho' e outras bugigangas tecnológicas,Confira a lente 'profissional' para smartphone e outras compras,2015-03-17,2015-10-08,tec,tec
16178,68450,0.984375,Confira tábua de carne do 'Nintendinho' e outras bugigangas tecnológicas,Confira o tablet projetor e outras bugigangas tecnológicas,2015-03-17,2015-12-05,tec,tec
16193,16458,1.0,Brincadeiras e preconceitos atrapalham alcoólatras em tratamento,Pele com brilho natural é tendência e banho quente pode ressecá-la,2015-03-17,2015-03-18,tv,tv
16193,18131,1.0,Brincadeiras e preconceitos atrapalham alcoólatras em tratamento,Artista lança trabalho que mistura intervenção urbana e tecnologia,2015-03-17,2015-03-25,tv,tv
16193,18364,1.0,Brincadeiras e preconceitos atrapalham alcoólatras em tratamento,Humorista é levado a delegacia após 'matar' jacaré inflável em fonte,2015-03-17,2015-03-26,tv,tv
16193,49835,1.0,Brincadeiras e preconceitos atrapalham alcoólatras em tratamento,"Para Dilma, ""terceiro turno"" não é motivo para impeachment",2015-03-17,2015-09-03,tv,tv
16198,23848,0.9609375,Prêmio de oncologia do Icesp abre inscrições,Inscrições para prêmio de oncologia vão até dia 30,2015-03-18,2015-04-24,ciencia,equilibrioesaude
16377,16616,1.0,Sylvia Colombo: Jornalista que denunciou Peña Nieto é demitida no México,Sylvia Colombo: Jornalista que denunciou Peña Nieto é demitida no México,2015-03-18,2015-03-19,mundo,mundo
16458,18131,1.0,Pele com brilho natural é tendência e banho quente pode ressecá-la,Artista lança trabalho que mistura intervenção urbana e tecnologia,2015-03-18,2015-03-25,tv,tv
16458,18364,1.0,Pele com brilho natural é tendência e banho quente pode ressecá-la,Humorista é levado a delegacia após 'matar' jacaré inflável em fonte,2015-03-18,2015-03-26,tv,tv
16458,49835,1.0,Pele com brilho natural é tendência e banho quente pode ressecá-la,"Para Dilma, ""terceiro turno"" não é motivo para impeachment",2015-03-18,2015-09-03,tv,tv
16570,16706,0.9453125,Museu d'Orsay permite fotos após ministra da cultura desrespeitar proibição,Museu d'Orsay permite fotos após ministra desrespeitar proibição,2015-03-19,2015-03-19,ilustrada,turismo
16734,102662,0.984375,Aviso,Aviso,2015-03-20,2016-06-24,colunas,colunas
16734,152797,0.984375,Aviso,Aviso,2015-03-20,2017-06-10,colunas,colunas
16765,16998,0.8984375,"Com forte chuva, Guarapiranga supera média histórica para o mês de março","Após temporal, Cantareira supera média histórica de chuva para março",2015-03-20,2015-03-21,cotidiano,cotidiano
16765,17218,0.859375,"Com forte chuva, Guarapiranga supera média histórica para o mês de março",Reservatórios voltam a ter alta; nível do Guarapiranga chega a 83%,2015-03-20,2015-03-22,cotidiano,cotidiano
16979,17217,0.96875,"Por causa de obras, duas estações da Linha 4-amarela fecham no domingo","Em obras, duas estações da linha 4 estão fechadas neste domingo",2015-03-21,2015-03-22,cotidiano,cotidiano
16998,17218,0.9296875,"Após temporal, Cantareira supera média histórica de chuva para março",Reservatórios voltam a ter alta; nível do Guarapiranga chega a 83%,2015-03-21,2015-03-22,cotidiano,cotidiano
16999,17215,0.90625,Bombeiros voltam a buscar por idoso arrastado por enxurrada,Bombeiros buscam há 3 dias idoso levado por enxurrada na Grande SP,2015-03-21,2015-03-22,cotidiano,cotidiano
17065,17076,1.0,Crítica: Voz potente e límpida de Bethânia surpreende a novos e antigos fãs,Crítica: Voz potente de Bethânia surpreende a novos e antigos fãs,2015-03-21,2015-03-21,ilustrada,ilustrada
17088,18720,1.0,Veja os livros de negócios e economia mais vendidos entre 9 e 15 de março,Veja os livros de negócios e economia mais vendidos entre 16 e 22 de março,2015-03-21,2015-03-28,mercado,mercado
17088,20156,1.0,Veja os livros de negócios e economia mais vendidos entre 9 e 15 de março,Livro sobre negociação é novidade entre mais vendidos; confira lista,2015-03-21,2015-04-04,mercado,mercado
17088,37604,1.0,Veja os livros de negócios e economia mais vendidos entre 9 e 15 de março,Confira os livros de negócios e economia mais vendidos entre 23 de fevereiro e 1º de março,2015-03-21,2015-07-03,mercado,mercado
17088,62131,1.0,Veja os livros de negócios e economia mais vendidos entre 9 e 15 de março,Guia de finanças para casais volta a lista de livros mais vendidos na semana,2015-03-21,2015-11-04,mercado,mercado
17650,18169,0.8828125,"Mesmo sem chuvas, reservatórios de SP registram alta nesta terça-feira","Há três dias sem chuvas, nível do Cantareira volta a subir nesta quinta",2015-03-24,2015-03-26,cotidiano,cotidiano
17763,17842,0.953125,Presidente do BC defende ajuste fiscal 'focado e rápido',Presidente do Banco Central defende ajuste fiscal focado e rápido,2015-03-24,2015-03-24,mercado,poder
17870,19396,0.9765625,Confira colchão inteligente e outras bugigangas tecnológicas,Veja cabideiro que imita controle de PS3 e outras bugigangas tecnológicas,2015-03-24,2015-03-31,tec,tec
17870,20404,0.984375,Confira colchão inteligente e outras bugigangas tecnológicas,Confira o alto-falante 'Iron Man' e outras bugigangas tecnológicas,2015-03-24,2015-04-05,tec,tec
17870,22086,0.984375,Confira colchão inteligente e outras bugigangas tecnológicas,Confira projetor de papelão e outras bugigangas tecnológicas,2015-03-24,2015-04-14,tec,tec
17870,23357,0.984375,Confira colchão inteligente e outras bugigangas tecnológicas,Confira 'anzol' inteligente e outras bugigangas tecnológicas,2015-03-24,2015-04-21,tec,tec
17870,24531,0.9375,Confira colchão inteligente e outras bugigangas tecnológicas,Veja escova de dentes com visor e outras bugigangas tecnológicas,2015-03-24,2015-04-27,tec,tec
17870,27130,0.921875,Confira colchão inteligente e outras bugigangas tecnológicas,Confira o transmissor FM para carros e outras compras tecnológicas,2015-03-24,2015-05-10,tec,tec
17870,28607,0.984375,Confira colchão inteligente e outras bugigangas tecnológicas,Confira adaptador bluetooth e outras bugigangas tecnológicas,2015-03-24,2015-05-18,tec,tec
17870,29918,0.984375,Confira colchão inteligente e outras bugigangas tecnológicas,Confira o recarregador USB solar e outras compras tecnológicas,2015-03-24,2015-05-25,tec,tec
17870,31336,1.0,Confira colchão inteligente e outras bugigangas tecnológicas,Confira a espada 'Minecraft' e outras bugigangas tecnológicas,2015-03-24,2015-06-01,tec,tec
17870,32564,0.9375,Confira colchão inteligente e outras bugigangas tecnológicas,Confira o suporte para celular na bike e outras compras tecnológicas,2015-03-24,2015-06-07,tec,tec
17870,34003,0.9375,Confira colchão inteligente e outras bugigangas tecnológicas,Veja USB que vira lanterna e outras bugigangas tecnológicas,2015-03-24,2015-06-15,tec,tec
17870,35417,0.953125,Confira colchão inteligente e outras bugigangas tecnológicas,Veja casaco de moletom para os fãs de wi-fi e outras compras tecnológicas,2015-03-24,2015-06-22,tec,tec
17870,36823,0.9375,Confira colchão inteligente e outras bugigangas tecnológicas,Confira o alto-falante canino e outras compras tecnológicas,2015-03-24,2015-06-29,tec,tec
17870,37886,0.984375,Confira colchão inteligente e outras bugigangas tecnológicas,Confira celular de baixo custo da Sony e outras bugigangas tecnológicas,2015-03-24,2015-07-04,tec,tec
17870,38842,0.9375,Confira colchão inteligente e outras bugigangas tecnológicas,Confira o esterilizador de celular e outras compras tecnológicas,2015-03-24,2015-07-09,tec,tec
17870,40954,0.9375,Confira colchão inteligente e outras bugigangas tecnológicas,Confira o comunicador de 'Jornada nas Estrelas' e outras compras tecnológicas,2015-03-24,2015-07-20,tec,tec
17870,42225,0.9375,Confira colchão inteligente e outras bugigangas tecnológicas,Confira o novo celular Alcatel e outras compras tecnológicas,2015-03-24,2015-07-27,tec,tec
17870,44209,0.984375,Confira colchão inteligente e outras bugigangas tecnológicas,Veja o alto-falante com 20 horas de bateria e outras compras tecnológicas,2015-03-24,2015-08-06,tec,tec
17870,47657,0.9375,Confira colchão inteligente e outras bugigangas tecnológicas,Confira o roteador 'drone' e outras compras tecnológicas,2015-03-24,2015-08-24,tec,tec
17870,49105,0.9375,Confira colchão inteligente e outras bugigangas tecnológicas,Confira o smartphone com Linux e outras compras tecnológicas,2015-03-24,2015-08-31,tec,tec
17870,54735,0.921875,Confira colchão inteligente e outras bugigangas tecnológicas,Confira a câmera disfarçada de fonte e outras compras tecnológicas,2015-03-24,2015-09-28,tec,tec
17870,55556,1.0,Confira colchão inteligente e outras bugigangas tecnológicas,Confira o 'capacete Metroid' e outras bugigangas tecnológicas,2015-03-24,2015-10-02,tec,tec
17870,55807,1.0,Confira colchão inteligente e outras bugigangas tecnológicas,Confira o kit de decoração de unhas tetris e outras bugigangas tecnológicas,2015-03-24,2015-10-03,tec,tec
17870,56751,0.9375,Confira colchão inteligente e outras bugigangas tecnológicas,Confira a lente 'profissional' para smartphone e outras compras,2015-03-24,2015-10-08,tec,tec
17870,68450,0.984375,Confira colchão inteligente e outras bugigangas tecnológicas,Confira o tablet projetor e outras bugigangas tecnológicas,2015-03-24,2015-12-05,tec,tec
17928,18169,0.90625,"Sem chuva há dois dias, reservatórios voltam a registrar alta","Há três dias sem chuvas, nível do Cantareira volta a subir nesta quinta",2015-03-25,2015-03-26,cotidiano,cotidiano
18131,18364,1.0,Artista lança trabalho que mistura intervenção urbana e tecnologia,Humorista é levado a delegacia após 'matar' jacaré inflável em fonte,2015-03-25,2015-03-26,tv,tv
18131,49835,1.0,Artista lança trabalho que mistura intervenção urbana e tecnologia,"Para Dilma, ""terceiro turno"" não é motivo para impeachment",2015-03-25,2015-09-03,tv,tv
18173,18414,0.8671875,PMDB indica delegado do caso Farah a secretaria municipal de segurança,Haddad escolhe delegado do caso Farah para a Segurança Urbana de SP,2015-03-26,2015-03-27,cotidiano,cotidiano
18250,18265,0.984375,Saiba como fazer a declaração do IR e qual a documentação necessária,"Leão ainda não recebeu declarações de 22,5 milhões; prazo final é 30 de abril",2015-03-26,2015-03-26,mercado,mercado
18364,49835,1.0,Humorista é levado a delegacia após 'matar' jacaré inflável em fonte,"Para Dilma, ""terceiro turno"" não é motivo para impeachment",2015-03-26,2015-09-03,tv,tv
18491,61900,0.890625,Entenda os dados do PIB brasileiro e a revisão pelo IBGE,Entenda a revisão dos dados do PIB brasileiro pelo IBGE,2015-03-27,2015-11-03,mercado,mercado
18558,18778,1.0,Repórter da Folha faz palestra sobre cobertura da Lava Jato,Repórter da Folha faz palestra sobre cobertura da Lava Jato,2015-03-27,2015-03-28,poder,poder
18720,20156,1.0,Veja os livros de negócios e economia mais vendidos entre 16 e 22 de março,Livro sobre negociação é novidade entre mais vendidos; confira lista,2015-03-28,2015-04-04,mercado,mercado
18720,37604,1.0,Veja os livros de negócios e economia mais vendidos entre 16 e 22 de março,Confira os livros de negócios e economia mais vendidos entre 23 de fevereiro e 1º de março,2015-03-28,2015-07-03,mercado,mercado
18720,62131,1.0,Veja os livros de negócios e economia mais vendidos entre 16 e 22 de março,Guia de finanças para casais volta a lista de livros mais vendidos na semana,2015-03-28,2015-11-04,mercado,mercado
18923,33738,0.9296875,Veja o cartum de Odyr da edição deste domingo,Veja o cartum de Odyr da edição deste domingo,2015-03-29,2015-06-14,ilustrissima,ilustrissima
19011,19012,1.0,Otelo,Otelo,2015-03-30,2015-03-30,colunas,colunas
19011,19013,1.0,Otelo,Otelo,2015-03-30,2015-03-30,colunas,colunas
19012,19013,1.0,Otelo,Otelo,2015-03-30,2015-03-30,colunas,colunas
19168,36797,0.875,Confira a agenda desta semana,Confira a agenda desta semana,2015-03-30,2015-06-29,poder,poder
19215,29939,1.0,Aviso,Aviso,2015-03-31,2015-05-26,colunas,colunas
19215,36848,1.0,Aviso,Aviso,2015-03-31,2015-06-30,colunas,colunas
19215,55324,1.0,Aviso,Aviso,2015-03-31,2015-10-02,colunas,colunas
19215,94708,1.0,Aviso,Aviso,2015-03-31,2016-05-07,colunas,colunas
19215,129731,1.0,Aviso,Aviso,2015-03-31,2016-12-07,colunas,colunas
19396,20404,0.9921875,Veja cabideiro que imita controle de PS3 e outras bugigangas tecnológicas,Confira o alto-falante 'Iron Man' e outras bugigangas tecnológicas,2015-03-31,2015-04-05,tec,tec
19396,22086,0.9921875,Veja cabideiro que imita controle de PS3 e outras bugigangas tecnológicas,Confira projetor de papelão e outras bugigangas tecnológicas,2015-03-31,2015-04-14,tec,tec
19396,23357,0.9921875,Veja cabideiro que imita controle de PS3 e outras bugigangas tecnológicas,Confira 'anzol' inteligente e outras bugigangas tecnológicas,2015-03-31,2015-04-21,tec,tec
19396,24531,0.9453125,Veja cabideiro que imita controle de PS3 e outras bugigangas tecnológicas,Veja escova de dentes com visor e outras bugigangas tecnológicas,2015-03-31,2015-04-27,tec,tec
19396,27130,0.9453125,Veja cabideiro que imita controle de PS3 e outras bugigangas tecnológicas,Confira o transmissor FM para carros e outras compras tecnológicas,2015-03-31,2015-05-10,tec,tec
19396,28607,0.9921875,Veja cabideiro que imita controle de PS3 e outras bugigangas tecnológicas,Confira adaptador bluetooth e outras bugigangas tecnológicas,2015-03-31,2015-05-18,tec,tec
19396,29918,0.9921875,Veja cabideiro que imita controle de PS3 e outras bugigangas tecnológicas,Confira o recarregador USB solar e outras compras tecnológicas,2015-03-31,2015-05-25,tec,tec
19396,31336,0.9765625,Veja cabideiro que imita controle de PS3 e outras bugigangas tecnológicas,Confira a espada 'Minecraft' e outras bugigangas tecnológicas,2015-03-31,2015-06-01,tec,tec
19396,32564,0.9453125,Veja cabideiro que imita controle de PS3 e outras bugigangas tecnológicas,Confira o suporte para celular na bike e outras compras tecnológicas,2015-03-31,2015-06-07,tec,tec
19396,34003,0.9453125,Veja cabideiro que imita controle de PS3 e outras bugigangas tecnológicas,Veja USB que vira lanterna e outras bugigangas tecnológicas,2015-03-31,2015-06-15,tec,tec
19396,35417,0.9296875,Veja cabideiro que imita controle de PS3 e outras bugigangas tecnológicas,Veja casaco de moletom para os fãs de wi-fi e outras compras tecnológicas,2015-03-31,2015-06-22,tec,tec
19396,36823,0.9453125,Veja cabideiro que imita controle de PS3 e outras bugigangas tecnológicas,Confira o alto-falante canino e outras compras tecnológicas,2015-03-31,2015-06-29,tec,tec
19396,37886,0.9921875,Veja cabideiro que imita controle de PS3 e outras bugigangas tecnológicas,Confira celular de baixo custo da Sony e outras bugigangas tecnológicas,2015-03-31,2015-07-04,tec,tec
19396,38842,0.9453125,Veja cabideiro que imita controle de PS3 e outras bugigangas tecnológicas,Confira o esterilizador de celular e outras compras tecnológicas,2015-03-31,2015-07-09,tec,tec
19396,40954,0.9453125,Veja cabideiro que imita controle de PS3 e outras bugigangas tecnológicas,Confira o comunicador de 'Jornada nas Estrelas' e outras compras tecnológicas,2015-03-31,2015-07-20,tec,tec
19396,42225,0.9453125,Veja cabideiro que imita controle de PS3 e outras bugigangas tecnológicas,Confira o novo celular Alcatel e outras compras tecnológicas,2015-03-31,2015-07-27,tec,tec
19396,44209,0.9921875,Veja cabideiro que imita controle de PS3 e outras bugigangas tecnológicas,Veja o alto-falante com 20 horas de bateria e outras compras tecnológicas,2015-03-31,2015-08-06,tec,tec
19396,47657,0.9453125,Veja cabideiro que imita controle de PS3 e outras bugigangas tecnológicas,Confira o roteador 'drone' e outras compras tecnológicas,2015-03-31,2015-08-24,tec,tec
19396,49105,0.9453125,Veja cabideiro que imita controle de PS3 e outras bugigangas tecnológicas,Confira o smartphone com Linux e outras compras tecnológicas,2015-03-31,2015-08-31,tec,tec
19396,54735,0.9453125,Veja cabideiro que imita controle de PS3 e outras bugigangas tecnológicas,Confira a câmera disfarçada de fonte e outras compras tecnológicas,2015-03-31,2015-09-28,tec,tec
19396,55556,0.9765625,Veja cabideiro que imita controle de PS3 e outras bugigangas tecnológicas,Confira o 'capacete Metroid' e outras bugigangas tecnológicas,2015-03-31,2015-10-02,tec,tec
19396,55807,0.9765625,Veja cabideiro que imita controle de PS3 e outras bugigangas tecnológicas,Confira o kit de decoração de unhas tetris e outras bugigangas tecnológicas,2015-03-31,2015-10-03,tec,tec
19396,56751,0.9453125,Veja cabideiro que imita controle de PS3 e outras bugigangas tecnológicas,Confira a lente 'profissional' para smartphone e outras compras,2015-03-31,2015-10-08,tec,tec
19396,68450,0.9921875,Veja cabideiro que imita controle de PS3 e outras bugigangas tecnológicas,Confira o tablet projetor e outras bugigangas tecnológicas,2015-03-31,2015-12-05,tec,tec
19433,19463,0.9453125,Segunda etapa do vestibular da USP começa neste domingo,Começa na tarde deste domingo a segunda fase do vestibular da USP,2015-04-01,2015-04-01,cotidiano,educacao
19452,25217,1.0,Paulo Roberto Castro Dias (1952-2014) - Um fotógrafo 'espoleta' na imprensa gaúcha,Paulo Roberto Castro Dias (1952-2014) - Um fotógrafo 'espoleta' na imprensa gaúcha,2015-04-01,2015-05-01,cotidiano,cotidiano
19479,19482,1.0,Companheiro de brasileiros no Anzhi é assassinado a tiros na Rússia,Companheiro de brasileiros no Anzhi é assassinado a tiros na Rússia,2015-04-01,2015-04-01,esporte,esporte
19935,24873,1.0,Entenda como a taxa básica de juros influencia a economia brasileira,Entenda como a taxa básica de juros influencia a economia brasileira,2015-04-03,2015-04-29,mercado,mercado
19935,42498,0.984375,Entenda como a taxa básica de juros influencia a economia brasileira,Selic: entenda como a taxa básica de juros influencia a economia brasileira,2015-04-03,2015-07-29,mercado,mercado
19935,59198,0.984375,Entenda como a taxa básica de juros influencia a economia brasileira,Selic: entenda como a taxa básica de juros influencia a economia brasileira,2015-04-03,2015-10-21,mercado,mercado
19935,66195,0.984375,Entenda como a taxa básica de juros influencia a economia brasileira,Selic: entenda como a taxa básica de juros influencia a economia brasileira,2015-04-03,2015-11-25,mercado,mercado
19949,24877,0.8984375,"Com a Selic em 12,75%, veja como ficam os juros dos empréstimos","Veja como ficam os juros dos empréstimos com a Selic em 13,25%",2015-04-03,2015-04-29,mercado,mercado
20058,55569,1.0,"Homem terá que se adaptar a viver com menos água, dizem especialistas",Comércio virtual é tão difícil quanto o de lojas físicas,2015-04-03,2015-10-02,tv,tv
20058,61765,1.0,"Homem terá que se adaptar a viver com menos água, dizem especialistas",Menino do Acre 'bomba' na internet com brincadeira sobre seca paulista,2015-04-03,2015-11-02,tv,tv
20058,67805,1.0,"Homem terá que se adaptar a viver com menos água, dizem especialistas","Com assembleia cercada, deputados do Paraná vão de ônibus da PM para sessão",2015-04-03,2015-12-02,tv,tv
20156,37604,1.0,Livro sobre negociação é novidade entre mais vendidos; confira lista,Confira os livros de negócios e economia mais vendidos entre 23 de fevereiro e 1º de março,2015-04-04,2015-07-03,mercado,mercado
20156,62131,1.0,Livro sobre negociação é novidade entre mais vendidos; confira lista,Guia de finanças para casais volta a lista de livros mais vendidos na semana,2015-04-04,2015-11-04,mercado,mercado
20404,22086,1.0,Confira o alto-falante 'Iron Man' e outras bugigangas tecnológicas,Confira projetor de papelão e outras bugigangas tecnológicas,2015-04-05,2015-04-14,tec,tec
20404,23357,1.0,Confira o alto-falante 'Iron Man' e outras bugigangas tecnológicas,Confira 'anzol' inteligente e outras bugigangas tecnológicas,2015-04-05,2015-04-21,tec,tec
20404,24531,0.953125,Confira o alto-falante 'Iron Man' e outras bugigangas tecnológicas,Veja escova de dentes com visor e outras bugigangas tecnológicas,2015-04-05,2015-04-27,tec,tec
20404,27130,0.9375,Confira o alto-falante 'Iron Man' e outras bugigangas tecnológicas,Confira o transmissor FM para carros e outras compras tecnológicas,2015-04-05,2015-05-10,tec,tec
20404,28607,1.0,Confira o alto-falante 'Iron Man' e outras bugigangas tecnológicas,Confira adaptador bluetooth e outras bugigangas tecnológicas,2015-04-05,2015-05-18,tec,tec
20404,29918,1.0,Confira o alto-falante 'Iron Man' e outras bugigangas tecnológicas,Confira o recarregador USB solar e outras compras tecnológicas,2015-04-05,2015-05-25,tec,tec
20404,31336,0.984375,Confira o alto-falante 'Iron Man' e outras bugigangas tecnológicas,Confira a espada 'Minecraft' e outras bugigangas tecnológicas,2015-04-05,2015-06-01,tec,tec
20404,32564,0.953125,Confira o alto-falante 'Iron Man' e outras bugigangas tecnológicas,Confira o suporte para celular na bike e outras compras tecnológicas,2015-04-05,2015-06-07,tec,tec
20404,34003,0.953125,Confira o alto-falante 'Iron Man' e outras bugigangas tecnológicas,Veja USB que vira lanterna e outras bugigangas tecnológicas,2015-04-05,2015-06-15,tec,tec
20404,35417,0.9375,Confira o alto-falante 'Iron Man' e outras bugigangas tecnológicas,Veja casaco de moletom para os fãs de wi-fi e outras compras tecnológicas,2015-04-05,2015-06-22,tec,tec
20404,36823,0.953125,Confira o alto-falante 'Iron Man' e outras bugigangas tecnológicas,Confira o alto-falante canino e outras compras tecnológicas,2015-04-05,2015-06-29,tec,tec
20404,37886,1.0,Confira o alto-falante 'Iron Man' e outras bugigangas tecnológicas,Confira celular de baixo custo da Sony e outras bugigangas tecnológicas,2015-04-05,2015-07-04,tec,tec
20404,38842,0.953125,Confira o alto-falante 'Iron Man' e outras bugigangas tecnológicas,Confira o esterilizador de celular e outras compras tecnológicas,2015-04-05,2015-07-09,tec,tec
20404,40954,0.953125,Confira o alto-falante 'Iron Man' e outras bugigangas tecnológicas,Confira o comunicador de 'Jornada nas Estrelas' e outras compras tecnológicas,2015-04-05,2015-07-20,tec,tec
20404,42225,0.953125,Confira o alto-falante 'Iron Man' e outras bugigangas tecnológicas,Confira o novo celular Alcatel e outras compras tecnológicas,2015-04-05,2015-07-27,tec,tec
20404,44209,1.0,Confira o alto-falante 'Iron Man' e outras bugigangas tecnológicas,Veja o alto-falante com 20 horas de bateria e outras compras tecnológicas,2015-04-05,2015-08-06,tec,tec
20404,47657,0.953125,Confira o alto-falante 'Iron Man' e outras bugigangas tecnológicas,Confira o roteador 'drone' e outras compras tecnológicas,2015-04-05,2015-08-24,tec,tec
20404,49105,0.953125,Confira o alto-falante 'Iron Man' e outras bugigangas tecnológicas,Confira o smartphone com Linux e outras compras tecnológicas,2015-04-05,2015-08-31,tec,tec
20404,54735,0.9375,Confira o alto-falante 'Iron Man' e outras bugigangas tecnológicas,Confira a câmera disfarçada de fonte e outras compras tecnológicas,2015-04-05,2015-09-28,tec,tec
20404,55556,0.984375,Confira o alto-falante 'Iron Man' e outras bugigangas tecnológicas,Confira o 'capacete Metroid' e outras bugigangas tecnológicas,2015-04-05,2015-10-02,tec,tec
20404,55807,0.984375,Confira o alto-falante 'Iron Man' e outras bugigangas tecnológicas,Confira o kit de decoração de unhas tetris e outras bugigangas tecnológicas,2015-04-05,2015-10-03,tec,tec
20404,56751,0.953125,Confira o alto-falante 'Iron Man' e outras bugigangas tecnológicas,Confira a lente 'profissional' para smartphone e outras compras,2015-04-05,2015-10-08,tec,tec
20404,68450,1.0,Confira o alto-falante 'Iron Man' e outras bugigangas tecnológicas,Confira o tablet projetor e outras bugigangas tecnológicas,2015-04-05,2015-12-05,tec,tec
20554,25917,1.0,Fiéis oram pelo fim da corrupção durante a Marcha para Jesus,Reintegração da área do parque Augusta é concluída; veja imagens,2015-04-06,2015-05-03,tv,tv
20554,55821,1.0,Fiéis oram pelo fim da corrupção durante a Marcha para Jesus,"Sob holofotes e pressão, mulher de TI não pode ter medo, diz programadora",2015-04-06,2015-10-03,tv,tv
20760,36855,0.9375,Aviso,Aviso,2015-04-08,2015-06-30,colunas,colunas
20928,26790,1.0,SPh: Tempo seco piora nesta quarta em SP e exige cuidados,SPh: Novos nomes da MPB revisitam clássicos a partir desta quinta,2015-04-08,2015-05-08,saopaulo,saopaulo
20928,32748,1.0,SPh: Tempo seco piora nesta quarta em SP e exige cuidados,SPh: Sexta tem intervenção artística na Paulista e Glória Menezes no teatro,2015-04-08,2015-06-08,saopaulo,saopaulo
21214,69793,0.9921875,"Veja cartum da série ""Ogro"" na edição deste domingo","Veja um cartum da série ""Ogro"", de Rafa Campos",2015-04-10,2015-12-13,ilustrissima,ilustrissima
21311,26614,1.0,Aviso,Aviso,2015-04-11,2015-05-08,colunas,colunas
21311,35639,1.0,Aviso,Aviso,2015-04-11,2015-06-24,colunas,colunas
21311,41161,1.0,Aviso,Aviso,2015-04-11,2015-07-22,colunas,colunas
21311,96476,1.0,Aviso,Aviso,2015-04-11,2016-05-18,colunas,colunas
21311,124688,1.0,Aviso,Aviso,2015-04-11,2016-11-05,colunas,colunas
21311,158107,1.0,Aviso,Aviso,2015-04-11,2017-07-25,colunas,colunas
21311,166842,1.0,Aviso,Aviso,2015-04-11,2017-09-30,colunas,colunas
21482,21489,1.0,Magnoli: Pedido de impeachment de Dilma está precocemente morto,Magnoli: Pedido de impeachment de Dilma está precocemente morto,2015-04-11,2015-04-11,poder,tv
21532,21690,0.9765625,Vídeo mostra rotina em escolas ocupadas e explica plano de reorganização,Vídeo mostra rotina em escolas ocupadas e explica plano de reorganização,2015-04-12,2015-04-12,cotidiano,tv
21693,27375,0.984375,Redução de velocidade pautou debate da mobilidade de SP em 2015,Redução de velocidade pautou debate da mobilidade de SP em 2015,2015-04-12,2015-05-12,tv,cotidiano
21854,39569,0.9140625,Confira a agenda desta semana,Confira a agenda desta semana,2015-04-13,2015-07-13,poder,poder
22086,23357,1.0,Confira projetor de papelão e outras bugigangas tecnológicas,Confira 'anzol' inteligente e outras bugigangas tecnológicas,2015-04-14,2015-04-21,tec,tec
22086,24531,0.953125,Confira projetor de papelão e outras bugigangas tecnológicas,Veja escova de dentes com visor e outras bugigangas tecnológicas,2015-04-14,2015-04-27,tec,tec
22086,27130,0.9375,Confira projetor de papelão e outras bugigangas tecnológicas,Confira o transmissor FM para carros e outras compras tecnológicas,2015-04-14,2015-05-10,tec,tec
22086,28607,1.0,Confira projetor de papelão e outras bugigangas tecnológicas,Confira adaptador bluetooth e outras bugigangas tecnológicas,2015-04-14,2015-05-18,tec,tec
22086,29918,1.0,Confira projetor de papelão e outras bugigangas tecnológicas,Confira o recarregador USB solar e outras compras tecnológicas,2015-04-14,2015-05-25,tec,tec
22086,31336,0.984375,Confira projetor de papelão e outras bugigangas tecnológicas,Confira a espada 'Minecraft' e outras bugigangas tecnológicas,2015-04-14,2015-06-01,tec,tec
22086,32564,0.953125,Confira projetor de papelão e outras bugigangas tecnológicas,Confira o suporte para celular na bike e outras compras tecnológicas,2015-04-14,2015-06-07,tec,tec
22086,34003,0.953125,Confira projetor de papelão e outras bugigangas tecnológicas,Veja USB que vira lanterna e outras bugigangas tecnológicas,2015-04-14,2015-06-15,tec,tec
22086,35417,0.9375,Confira projetor de papelão e outras bugigangas tecnológicas,Veja casaco de moletom para os fãs de wi-fi e outras compras tecnológicas,2015-04-14,2015-06-22,tec,tec
22086,36823,0.953125,Confira projetor de papelão e outras bugigangas tecnológicas,Confira o alto-falante canino e outras compras tecnológicas,2015-04-14,2015-06-29,tec,tec
22086,37886,1.0,Confira projetor de papelão e outras bugigangas tecnológicas,Confira celular de baixo custo da Sony e outras bugigangas tecnológicas,2015-04-14,2015-07-04,tec,tec
22086,38842,0.953125,Confira projetor de papelão e outras bugigangas tecnológicas,Confira o esterilizador de celular e outras compras tecnológicas,2015-04-14,2015-07-09,tec,tec
22086,40954,0.953125,Confira projetor de papelão e outras bugigangas tecnológicas,Confira o comunicador de 'Jornada nas Estrelas' e outras compras tecnológicas,2015-04-14,2015-07-20,tec,tec
22086,42225,0.953125,Confira projetor de papelão e outras bugigangas tecnológicas,Confira o novo celular Alcatel e outras compras tecnológicas,2015-04-14,2015-07-27,tec,tec
22086,44209,1.0,Confira projetor de papelão e outras bugigangas tecnológicas,Veja o alto-falante com 20 horas de bateria e outras compras tecnológicas,2015-04-14,2015-08-06,tec,tec
22086,47657,0.953125,Confira projetor de papelão e outras bugigangas tecnológicas,Confira o roteador 'drone' e outras compras tecnológicas,2015-04-14,2015-08-24,tec,tec
22086,49105,0.953125,Confira projetor de papelão e outras bugigangas tecnológicas,Confira o smartphone com Linux e outras compras tecnológicas,2015-04-14,2015-08-31,tec,tec
22086,54735,0.9375,Confira projetor de papelão e outras bugigangas tecnológicas,Confira a câmera disfarçada de fonte e outras compras tecnológicas,2015-04-14,2015-09-28,tec,tec
22086,55556,0.984375,Confira projetor de papelão e outras bugigangas tecnológicas,Confira o 'capacete Metroid' e outras bugigangas tecnológicas,2015-04-14,2015-10-02,tec,tec
22086,55807,0.984375,Confira projetor de papelão e outras bugigangas tecnológicas,Confira o kit de decoração de unhas tetris e outras bugigangas tecnológicas,2015-04-14,2015-10-03,tec,tec
22086,56751,0.953125,Confira projetor de papelão e outras bugigangas tecnológicas,Confira a lente 'profissional' para smartphone e outras compras,2015-04-14,2015-10-08,tec,tec
22086,68450,1.0,Confira projetor de papelão e outras bugigangas tecnológicas,Confira o tablet projetor e outras bugigangas tecnológicas,2015-04-14,2015-12-05,tec,tec
22101,43865,1.0,França recebe 84 milhões de turistas e lidera entre destinos em 2014,França foi primeiro destino turístico em 2014 com 84 milhões de visitantes,2015-04-14,2015-08-04,turismo,turismo
23357,24531,0.953125,Confira 'anzol' inteligente e outras bugigangas tecnológicas,Veja escova de dentes com visor e outras bugigangas tecnológicas,2015-04-21,2015-04-27,tec,tec
23357,27130,0.9375,Confira 'anzol' inteligente e outras bugigangas tecnológicas,Confira o transmissor FM para carros e outras compras tecnológicas,2015-04-21,2015-05-10,tec,tec
23357,28607,1.0,Confira 'anzol' inteligente e outras bugigangas tecnológicas,Confira adaptador bluetooth e outras bugigangas tecnológicas,2015-04-21,2015-05-18,tec,tec
23357,29918,1.0,Confira 'anzol' inteligente e outras bugigangas tecnológicas,Confira o recarregador USB solar e outras compras tecnológicas,2015-04-21,2015-05-25,tec,tec
23357,31336,0.984375,Confira 'anzol' inteligente e outras bugigangas tecnológicas,Confira a espada 'Minecraft' e outras bugigangas tecnológicas,2015-04-21,2015-06-01,tec,tec
23357,32564,0.953125,Confira 'anzol' inteligente e outras bugigangas tecnológicas,Confira o suporte para celular na bike e outras compras tecnológicas,2015-04-21,2015-06-07,tec,tec
23357,34003,0.953125,Confira 'anzol' inteligente e outras bugigangas tecnológicas,Veja USB que vira lanterna e outras bugigangas tecnológicas,2015-04-21,2015-06-15,tec,tec
23357,35417,0.9375,Confira 'anzol' inteligente e outras bugigangas tecnológicas,Veja casaco de moletom para os fãs de wi-fi e outras compras tecnológicas,2015-04-21,2015-06-22,tec,tec
23357,36823,0.953125,Confira 'anzol' inteligente e outras bugigangas tecnológicas,Confira o alto-falante canino e outras compras tecnológicas,2015-04-21,2015-06-29,tec,tec
23357,37886,1.0,Confira 'anzol' inteligente e outras bugigangas tecnológicas,Confira celular de baixo custo da Sony e outras bugigangas tecnológicas,2015-04-21,2015-07-04,tec,tec
23357,38842,0.953125,Confira 'anzol' inteligente e outras bugigangas tecnológicas,Confira o esterilizador de celular e outras compras tecnológicas,2015-04-21,2015-07-09,tec,tec
23357,40954,0.953125,Confira 'anzol' inteligente e outras bugigangas tecnológicas,Confira o comunicador de 'Jornada nas Estrelas' e outras compras tecnológicas,2015-04-21,2015-07-20,tec,tec
23357,42225,0.953125,Confira 'anzol' inteligente e outras bugigangas tecnológicas,Confira o novo celular Alcatel e outras compras tecnológicas,2015-04-21,2015-07-27,tec,tec
23357,44209,1.0,Confira 'anzol' inteligente e outras bugigangas tecnológicas,Veja o alto-falante com 20 horas de bateria e outras compras tecnológicas,2015-04-21,2015-08-06,tec,tec
23357,47657,0.953125,Confira 'anzol' inteligente e outras bugigangas tecnológicas,Confira o roteador 'drone' e outras compras tecnológicas,2015-04-21,2015-08-24,tec,tec
23357,49105,0.953125,Confira 'anzol' inteligente e outras bugigangas tecnológicas,Confira o smartphone com Linux e outras compras tecnológicas,2015-04-21,2015-08-31,tec,tec
23357,54735,0.9375,Confira 'anzol' inteligente e outras bugigangas tecnológicas,Confira a câmera disfarçada de fonte e outras compras tecnológicas,2015-04-21,2015-09-28,tec,tec
23357,55556,0.984375,Confira 'anzol' inteligente e outras bugigangas tecnológicas,Confira o 'capacete Metroid' e outras bugigangas tecnológicas,2015-04-21,2015-10-02,tec,tec
23357,55807,0.984375,Confira 'anzol' inteligente e outras bugigangas tecnológicas,Confira o kit de decoração de unhas tetris e outras bugigangas tecnológicas,2015-04-21,2015-10-03,tec,tec
23357,56751,0.953125,Confira 'anzol' inteligente e outras bugigangas tecnológicas,Confira a lente 'profissional' para smartphone e outras compras,2015-04-21,2015-10-08,tec,tec
23357,68450,1.0,Confira 'anzol' inteligente e outras bugigangas tecnológicas,Confira o tablet projetor e outras bugigangas tecnológicas,2015-04-21,2015-12-05,tec,tec
23404,24576,0.8984375,Níveis do Cantareira e Alto Tietê ficam estáveis nesta quarta,Principais reservatórios de SP ficam estáveis nesta terça-feira,2015-04-22,2015-04-28,cotidiano,cotidiano
23464,23465,1.0,"Warner quer adaptar best-seller ""A Seleção"" para os cinemas","Warner quer adaptar best-seller ""A Seleção"" para os cinemas",2015-04-22,2015-04-22,ilustrada,ilustrada
23489,23494,0.9765625,Dilma aprova lei sobre licenciamento de antenas de telecomunicações,Dilma sanciona lei que estabelece regras para a instalação de antenas,2015-04-22,2015-04-22,mercado,mercado
23575,23590,1.0,Aviso,Aviso,2015-04-23,2015-04-23,colunas,colunas
23575,25439,0.8984375,Aviso,Aviso,2015-04-23,2015-05-02,colunas,colunas
23590,25439,0.8984375,Aviso,Aviso,2015-04-23,2015-05-02,colunas,colunas
23910,24111,0.9609375,"Criticada por foco em ajuste fiscal, Dilma define investimentos no sábado",Dilma se reúne com ministros para definir investimentos,2015-04-24,2015-04-25,mercado,mercado
24125,24275,0.921875,"Terremoto no Nepal de magnitude 7,8 deixa mais de 1.900 mortos","Réplica de terremoto atinge o Nepal, que já conta mais de 1.900 mortos",2015-04-25,2015-04-26,mundo,mundo
24261,36563,1.0,Veja o cartum de Rafa Campos da edição deste domingo,"Veja o cartum da série ""Ogro"" na edição deste domingo",2015-04-26,2015-06-28,ilustrissima,ilustrissima
24261,68170,1.0,Veja o cartum de Rafa Campos da edição deste domingo,Veja o cartum de Rafa Campos da edição deste domingo,2015-04-26,2015-12-04,ilustrissima,ilustrissima
24261,68757,1.0,Veja o cartum de Rafa Campos da edição deste domingo,Veja o cartum de Rafa Campos na edição deste domingo,2015-04-26,2015-12-07,ilustrissima,ilustrissima
24396,24576,0.8671875,Nível do Cantareira fica estável pelo sétimo dia consecutivo,Principais reservatórios de SP ficam estáveis nesta terça-feira,2015-04-27,2015-04-28,cotidiano,cotidiano
24523,42200,0.8515625,Confira a agenda desta semana,Confira a agenda desta semana,2015-04-27,2015-07-27,poder,poder
24531,27130,0.984375,Veja escova de dentes com visor e outras bugigangas tecnológicas,Confira o transmissor FM para carros e outras compras tecnológicas,2015-04-27,2015-05-10,tec,tec
24531,28607,0.953125,Veja escova de dentes com visor e outras bugigangas tecnológicas,Confira adaptador bluetooth e outras bugigangas tecnológicas,2015-04-27,2015-05-18,tec,tec
24531,29918,0.953125,Veja escova de dentes com visor e outras bugigangas tecnológicas,Confira o recarregador USB solar e outras compras tecnológicas,2015-04-27,2015-05-25,tec,tec
24531,31336,0.9375,Veja escova de dentes com visor e outras bugigangas tecnológicas,Confira a espada 'Minecraft' e outras bugigangas tecnológicas,2015-04-27,2015-06-01,tec,tec
24531,32564,1.0,Veja escova de dentes com visor e outras bugigangas tecnológicas,Confira o suporte para celular na bike e outras compras tecnológicas,2015-04-27,2015-06-07,tec,tec
24531,34003,1.0,Veja escova de dentes com visor e outras bugigangas tecnológicas,Veja USB que vira lanterna e outras bugigangas tecnológicas,2015-04-27,2015-06-15,tec,tec
24531,35417,0.984375,Veja escova de dentes com visor e outras bugigangas tecnológicas,Veja casaco de moletom para os fãs de wi-fi e outras compras tecnológicas,2015-04-27,2015-06-22,tec,tec
24531,36823,1.0,Veja escova de dentes com visor e outras bugigangas tecnológicas,Confira o alto-falante canino e outras compras tecnológicas,2015-04-27,2015-06-29,tec,tec
24531,37886,0.953125,Veja escova de dentes com visor e outras bugigangas tecnológicas,Confira celular de baixo custo da Sony e outras bugigangas tecnológicas,2015-04-27,2015-07-04,tec,tec
24531,38842,1.0,Veja escova de dentes com visor e outras bugigangas tecnológicas,Confira o esterilizador de celular e outras compras tecnológicas,2015-04-27,2015-07-09,tec,tec
24531,40954,1.0,Veja escova de dentes com visor e outras bugigangas tecnológicas,Confira o comunicador de 'Jornada nas Estrelas' e outras compras tecnológicas,2015-04-27,2015-07-20,tec,tec
24531,42225,1.0,Veja escova de dentes com visor e outras bugigangas tecnológicas,Confira o novo celular Alcatel e outras compras tecnológicas,2015-04-27,2015-07-27,tec,tec
24531,44209,0.953125,Veja escova de dentes com visor e outras bugigangas tecnológicas,Veja o alto-falante com 20 horas de bateria e outras compras tecnológicas,2015-04-27,2015-08-06,tec,tec
24531,47657,1.0,Veja escova de dentes com visor e outras bugigangas tecnológicas,Confira o roteador 'drone' e outras compras tecnológicas,2015-04-27,2015-08-24,tec,tec
24531,49105,1.0,Veja escova de dentes com visor e outras bugigangas tecnológicas,Confira o smartphone com Linux e outras compras tecnológicas,2015-04-27,2015-08-31,tec,tec
24531,54735,0.984375,Veja escova de dentes com visor e outras bugigangas tecnológicas,Confira a câmera disfarçada de fonte e outras compras tecnológicas,2015-04-27,2015-09-28,tec,tec
24531,55556,0.9375,Veja escova de dentes com visor e outras bugigangas tecnológicas,Confira o 'capacete Metroid' e outras bugigangas tecnológicas,2015-04-27,2015-10-02,tec,tec
24531,55807,0.9375,Veja escova de dentes com visor e outras bugigangas tecnológicas,Confira o kit de decoração de unhas tetris e outras bugigangas tecnológicas,2015-04-27,2015-10-03,tec,tec
24531,56751,1.0,Veja escova de dentes com visor e outras bugigangas tecnológicas,Confira a lente 'profissional' para smartphone e outras compras,2015-04-27,2015-10-08,tec,tec
24531,68450,0.953125,Veja escova de dentes com visor e outras bugigangas tecnológicas,Confira o tablet projetor e outras bugigangas tecnológicas,2015-04-27,2015-12-05,tec,tec
24672,93268,1.0,Celulose avança com floresta mecanizada,Indústria da celulose avança com floresta mecanizada,2015-04-28,2016-04-28,mercado,mercado
24873,42498,0.984375,Entenda como a taxa básica de juros influencia a economia brasileira,Selic: entenda como a taxa básica de juros influencia a economia brasileira,2015-04-29,2015-07-29,mercado,mercado
24873,59198,0.984375,Entenda como a taxa básica de juros influencia a economia brasileira,Selic: entenda como a taxa básica de juros influencia a economia brasileira,2015-04-29,2015-10-21,mercado,mercado
24873,66195,0.984375,Entenda como a taxa básica de juros influencia a economia brasileira,Selic: entenda como a taxa básica de juros influencia a economia brasileira,2015-04-29,2015-11-25,mercado,mercado
24885,24949,0.890625,"Para Dilma, terceirização não deve 'destruir' direitos, diz ministro","Dilma quer regular terceirização, mas sem 'destruir' direitos, diz ministro",2015-04-29,2015-04-29,mercado,poder
25208,37081,0.984375,Mega-Sena pode pagar prêmio de R$ 5 milhões na quarta,Mega-Sena pode pagar prêmio de R$ 5 milhões nesta quarta,2015-05-01,2015-07-01,cotidiano,cotidiano
25241,31193,0.96875,Candidatos respondem a 16 questões dissertativas da Fuvest nesta segunda,Estudantes entram no terceiro dia de prova da 2ª fase da Fuvest,2015-05-01,2015-06-01,educacao,educacao
25483,31427,0.8671875,Lista de 2ª chamada da Fuvest sai nesta sexta com 2.350 selecionados,Fuvest divulga 2ª chamada com 2.353 estudantes selecionados; veja,2015-05-02,2015-06-02,educacao,educacao
25726,25727,0.953125,"Casar, descasar, recasar: Sexo: o que você ganha com a separação","Casar, descasar, recasar: Sexo: o que você ganha com a separação",2015-05-03,2015-05-03,cotidiano,cotidiano
25728,25729,1.0,Mural: Universitários bolsistas enfrentam dificuldades para conseguir passe livre,Mural: Universitários bolsistas enfrentam dificuldades para conseguir passe livre,2015-05-03,2015-05-03,cotidiano,cotidiano
25917,55821,1.0,Reintegração da área do parque Augusta é concluída; veja imagens,"Sob holofotes e pressão, mulher de TI não pode ter medo, diz programadora",2015-05-03,2015-10-03,tv,tv
26078,32061,1.0,Folha faz debate sobre eficácia das dietas alimentares,Folha faz debate sobre eficácia das dietas alimentares,2015-05-05,2015-06-05,cotidiano,cotidiano
26171,26172,0.9453125,Folha promove debate sobre ajuste fiscal,Série Diálogos debate no dia 13 o ajuste fiscal,2015-05-05,2015-05-05,mercado,mercado
26279,55848,0.859375,Aviso,Aviso,2015-05-06,2015-10-04,colunas,colunas
26490,32464,0.953125,Folha promove em São Paulo bate-papo com autores da Flip,"Depois da Flip, Folha promove em São Paulo conversas com autores",2015-05-07,2015-06-07,ilustrada,ilustrada
26506,45951,1.0,Veja o cartum de Bruno Maron na edição deste domingo,Veja cartum de Bruno Maron na edição deste domingo,2015-05-07,2015-08-16,ilustrissima,ilustrissima
26506,81351,1.0,Veja o cartum de Bruno Maron na edição deste domingo,Veja o cartum de Bruno Maron na edição deste domingo,2015-05-07,2016-02-21,ilustrissima,ilustrissima
26614,35639,1.0,Aviso,Aviso,2015-05-08,2015-06-24,colunas,colunas
26614,41161,1.0,Aviso,Aviso,2015-05-08,2015-07-22,colunas,colunas
26614,96476,1.0,Aviso,Aviso,2015-05-08,2016-05-18,colunas,colunas
26614,124688,1.0,Aviso,Aviso,2015-05-08,2016-11-05,colunas,colunas
26614,158107,1.0,Aviso,Aviso,2015-05-08,2017-07-25,colunas,colunas
26614,166842,1.0,Aviso,Aviso,2015-05-08,2017-09-30,colunas,colunas
26790,32748,1.0,SPh: Novos nomes da MPB revisitam clássicos a partir desta quinta,SPh: Sexta tem intervenção artística na Paulista e Glória Menezes no teatro,2015-05-08,2015-06-08,saopaulo,saopaulo
26904,32852,0.96875,"'Não imaginei ver tantos leitores no Brasil', diz David Nicholls na Bienal","'Não imaginei ver tantos leitores no Brasil', diz David Nicholls na Bienal",2015-05-09,2015-06-09,ilustrada,ilustrada
26948,148626,1.0,Delator diz que gravou escondido conversa com procurador,Delator diz que gravou escondido conversa com procurador,2015-05-09,2017-05-09,poder,poder
27043,39286,0.8515625,"Carteira do líder do simulador de ações registra valorização de 407,1%","Ganho da carteira do líder do simulador de ações recua para 418,9%",2015-05-10,2015-07-12,mercado,mercado
27043,67227,0.8828125,"Carteira do líder do simulador de ações registra valorização de 407,1%","Líder do simulador do mercado de ações tem ganho de 452,2% na carteira",2015-05-10,2015-11-30,mercado,mercado
27043,69261,0.890625,"Carteira do líder do simulador de ações registra valorização de 407,1%","Participante obtém ganho de 489,7% em sua carteira de ações no simulador",2015-05-10,2015-12-10,mercado,mercado
27072,27137,1.0,Enviada especial relata naturalidade das crianças sírias com bombas,Enviada especial relata naturalidade das crianças sírias com bombas,2015-05-10,2015-05-10,multimidia,tv
27130,28607,0.9375,Confira o transmissor FM para carros e outras compras tecnológicas,Confira adaptador bluetooth e outras bugigangas tecnológicas,2015-05-10,2015-05-18,tec,tec
27130,29918,0.9375,Confira o transmissor FM para carros e outras compras tecnológicas,Confira o recarregador USB solar e outras compras tecnológicas,2015-05-10,2015-05-25,tec,tec
27130,31336,0.921875,Confira o transmissor FM para carros e outras compras tecnológicas,Confira a espada 'Minecraft' e outras bugigangas tecnológicas,2015-05-10,2015-06-01,tec,tec
27130,32564,0.984375,Confira o transmissor FM para carros e outras compras tecnológicas,Confira o suporte para celular na bike e outras compras tecnológicas,2015-05-10,2015-06-07,tec,tec
27130,34003,0.984375,Confira o transmissor FM para carros e outras compras tecnológicas,Veja USB que vira lanterna e outras bugigangas tecnológicas,2015-05-10,2015-06-15,tec,tec
27130,35417,0.96875,Confira o transmissor FM para carros e outras compras tecnológicas,Veja casaco de moletom para os fãs de wi-fi e outras compras tecnológicas,2015-05-10,2015-06-22,tec,tec
27130,36823,0.984375,Confira o transmissor FM para carros e outras compras tecnológicas,Confira o alto-falante canino e outras compras tecnológicas,2015-05-10,2015-06-29,tec,tec
27130,37886,0.9375,Confira o transmissor FM para carros e outras compras tecnológicas,Confira celular de baixo custo da Sony e outras bugigangas tecnológicas,2015-05-10,2015-07-04,tec,tec
27130,38842,0.984375,Confira o transmissor FM para carros e outras compras tecnológicas,Confira o esterilizador de celular e outras compras tecnológicas,2015-05-10,2015-07-09,tec,tec
27130,40954,0.984375,Confira o transmissor FM para carros e outras compras tecnológicas,Confira o comunicador de 'Jornada nas Estrelas' e outras compras tecnológicas,2015-05-10,2015-07-20,tec,tec
27130,42225,0.984375,Confira o transmissor FM para carros e outras compras tecnológicas,Confira o novo celular Alcatel e outras compras tecnológicas,2015-05-10,2015-07-27,tec,tec
27130,44209,0.9375,Confira o transmissor FM para carros e outras compras tecnológicas,Veja o alto-falante com 20 horas de bateria e outras compras tecnológicas,2015-05-10,2015-08-06,tec,tec
27130,47657,0.984375,Confira o transmissor FM para carros e outras compras tecnológicas,Confira o roteador 'drone' e outras compras tecnológicas,2015-05-10,2015-08-24,tec,tec
27130,49105,0.984375,Confira o transmissor FM para carros e outras compras tecnológicas,Confira o smartphone com Linux e outras compras tecnológicas,2015-05-10,2015-08-31,tec,tec
27130,54735,1.0,Confira o transmissor FM para carros e outras compras tecnológicas,Confira a câmera disfarçada de fonte e outras compras tecnológicas,2015-05-10,2015-09-28,tec,tec
27130,55556,0.921875,Confira o transmissor FM para carros e outras compras tecnológicas,Confira o 'capacete Metroid' e outras bugigangas tecnológicas,2015-05-10,2015-10-02,tec,tec
27130,55807,0.921875,Confira o transmissor FM para carros e outras compras tecnológicas,Confira o kit de decoração de unhas tetris e outras bugigangas tecnológicas,2015-05-10,2015-10-03,tec,tec
27130,56751,0.984375,Confira o transmissor FM para carros e outras compras tecnológicas,Confira a lente 'profissional' para smartphone e outras compras,2015-05-10,2015-10-08,tec,tec
27130,68450,0.9375,Confira o transmissor FM para carros e outras compras tecnológicas,Confira o tablet projetor e outras bugigangas tecnológicas,2015-05-10,2015-12-05,tec,tec
27355,39061,0.9609375,Aviso,Aviso,2015-05-12,2015-07-11,colunas,colunas
27355,50223,0.9609375,Aviso,Aviso de férias,2015-05-12,2015-09-06,colunas,colunas
27355,51994,0.859375,Aviso,Aviso,2015-05-12,2015-09-15,colunas,colunas
27355,54332,1.0,Aviso,Aviso,2015-05-12,2015-09-27,colunas,colunas
27355,54967,1.0,Aviso,Aviso,2015-05-12,2015-09-30,colunas,colunas
27355,56447,0.9609375,Aviso,Aviso,2015-05-12,2015-10-07,colunas,colunas
27355,63160,0.9609375,Aviso,Aviso,2015-05-12,2015-11-10,colunas,colunas
27355,69200,0.9609375,Aviso,Aviso,2015-05-12,2015-12-10,colunas,colunas
27355,70745,1.0,Aviso,Aviso,2015-05-12,2015-12-18,colunas,colunas
27355,72613,0.9609375,Aviso,Aviso,2015-05-12,2015-12-31,colunas,colunas
27355,72741,0.859375,Aviso,Aviso,2015-05-12,2016-01-01,colunas,colunas
27355,75798,0.859375,Aviso,Aviso,2015-05-12,2016-01-19,colunas,colunas
27355,77981,0.8828125,Aviso,Aviso,2015-05-12,2016-02-01,colunas,colunas
27355,93729,0.859375,Aviso,Aviso,2015-05-12,2016-05-01,colunas,colunas
27355,107483,1.0,Aviso,Aviso,2015-05-12,2016-07-23,colunas,colunas
27355,114436,0.8828125,Aviso,Aviso,2015-05-12,2016-09-01,colunas,colunas
27355,116281,0.8828125,Aviso,Aviso,2015-05-12,2016-09-13,colunas,colunas
27355,117588,0.9609375,Aviso,Aviso,2015-05-12,2016-09-21,colunas,colunas
27355,121712,0.9609375,Aviso,AVISO,2015-05-12,2016-10-18,colunas,colunas
27355,128648,0.859375,Aviso,Aviso,2015-05-12,2016-12-01,colunas,colunas
27355,136632,1.0,Aviso,Aviso,2015-05-12,2017-02-01,colunas,colunas
27355,138513,0.859375,Aviso,Aviso,2015-05-12,2017-02-17,colunas,colunas
27355,139896,0.859375,Aviso,Aviso,2015-05-12,2017-02-28,colunas,colunas
27355,147463,0.8828125,Aviso,Aviso,2015-05-12,2017-05-01,colunas,colunas
27355,148281,0.8828125,Aviso,Aviso,2015-05-12,2017-05-07,colunas,colunas
27355,155215,0.859375,Aviso,Aviso,2015-05-12,2017-06-30,colunas,colunas
27355,155558,0.859375,Aviso,Aviso,2015-05-12,2017-07-03,colunas,colunas
27355,156146,0.859375,Aviso,Aviso,2015-05-12,2017-07-07,colunas,colunas
27355,156779,0.859375,Aviso,Aviso,2015-05-12,2017-07-14,colunas,colunas
27355,157095,0.9609375,Aviso,Aviso de férias,2015-05-12,2017-07-17,colunas,colunas
27355,157634,0.859375,Aviso,Aviso de férias,2015-05-12,2017-07-21,colunas,colunas
27355,157638,0.859375,Aviso,Aviso,2015-05-12,2017-07-21,colunas,colunas
27355,157840,0.9609375,Aviso,Aviso de férias,2015-05-12,2017-07-23,colunas,colunas
27355,158955,0.9609375,Aviso,Aviso de férias,2015-05-12,2017-07-31,colunas,colunas
27355,163843,0.9609375,Aviso,Aviso de férias,2015-05-12,2017-09-07,colunas,colunas
27355,164893,0.9609375,Aviso,Aviso,2015-05-12,2017-09-17,colunas,colunas
27429,95536,0.9453125,Edição traz crítica mordaz do poeta português Antero de Quental,Edição traz crítica mordaz de Antero de Quental,2015-05-12,2016-05-12,ilustrada,ilustrada
28045,28533,0.8984375,Nem todos ganham mais com nova regra para cálculo da aposentadoria,Saiba se a nova regra da aposentadoria proposta pela Câmara afeta você,2015-05-15,2015-05-18,poder,mercado
28588,75757,0.9609375,Confira a agenda desta semana,Veja a agenda desta semana,2015-05-18,2016-01-18,poder,poder
28607,29918,1.0,Confira adaptador bluetooth e outras bugigangas tecnológicas,Confira o recarregador USB solar e outras compras tecnológicas,2015-05-18,2015-05-25,tec,tec
28607,31336,0.984375,Confira adaptador bluetooth e outras bugigangas tecnológicas,Confira a espada 'Minecraft' e outras bugigangas tecnológicas,2015-05-18,2015-06-01,tec,tec
28607,32564,0.953125,Confira adaptador bluetooth e outras bugigangas tecnológicas,Confira o suporte para celular na bike e outras compras tecnológicas,2015-05-18,2015-06-07,tec,tec
28607,34003,0.953125,Confira adaptador bluetooth e outras bugigangas tecnológicas,Veja USB que vira lanterna e outras bugigangas tecnológicas,2015-05-18,2015-06-15,tec,tec
28607,35417,0.9375,Confira adaptador bluetooth e outras bugigangas tecnológicas,Veja casaco de moletom para os fãs de wi-fi e outras compras tecnológicas,2015-05-18,2015-06-22,tec,tec
28607,36823,0.953125,Confira adaptador bluetooth e outras bugigangas tecnológicas,Confira o alto-falante canino e outras compras tecnológicas,2015-05-18,2015-06-29,tec,tec
28607,37886,1.0,Confira adaptador bluetooth e outras bugigangas tecnológicas,Confira celular de baixo custo da Sony e outras bugigangas tecnológicas,2015-05-18,2015-07-04,tec,tec
28607,38842,0.953125,Confira adaptador bluetooth e outras bugigangas tecnológicas,Confira o esterilizador de celular e outras compras tecnológicas,2015-05-18,2015-07-09,tec,tec
28607,40954,0.953125,Confira adaptador bluetooth e outras bugigangas tecnológicas,Confira o comunicador de 'Jornada nas Estrelas' e outras compras tecnológicas,2015-05-18,2015-07-20,tec,tec
28607,42225,0.953125,Confira adaptador bluetooth e outras bugigangas tecnológicas,Confira o novo celular Alcatel e outras compras tecnológicas,2015-05-18,2015-07-27,tec,tec
28607,44209,1.0,Confira adaptador bluetooth e outras bugigangas tecnológicas,Veja o alto-falante com 20 horas de bateria e outras compras tecnológicas,2015-05-18,2015-08-06,tec,tec
28607,47657,0.953125,Confira adaptador bluetooth e outras bugigangas tecnológicas,Confira o roteador 'drone' e outras compras tecnológicas,2015-05-18,2015-08-24,tec,tec
28607,49105,0.953125,Confira adaptador bluetooth e outras bugigangas tecnológicas,Confira o smartphone com Linux e outras compras tecnológicas,2015-05-18,2015-08-31,tec,tec
28607,54735,0.9375,Confira adaptador bluetooth e outras bugigangas tecnológicas,Confira a câmera disfarçada de fonte e outras compras tecnológicas,2015-05-18,2015-09-28,tec,tec
28607,55556,0.984375,Confira adaptador bluetooth e outras bugigangas tecnológicas,Confira o 'capacete Metroid' e outras bugigangas tecnológicas,2015-05-18,2015-10-02,tec,tec
28607,55807,0.984375,Confira adaptador bluetooth e outras bugigangas tecnológicas,Confira o kit de decoração de unhas tetris e outras bugigangas tecnológicas,2015-05-18,2015-10-03,tec,tec
28607,56751,0.953125,Confira adaptador bluetooth e outras bugigangas tecnológicas,Confira a lente 'profissional' para smartphone e outras compras,2015-05-18,2015-10-08,tec,tec
28607,68450,1.0,Confira adaptador bluetooth e outras bugigangas tecnológicas,Confira o tablet projetor e outras bugigangas tecnológicas,2015-05-18,2015-12-05,tec,tec
28942,28943,1.0,"Para Lula, 'defeitos' em ajuste fiscal poderiam ter sido corrigidos","Para Lula, 'defeitos' em ajuste fiscal poderiam ter sido corrigidos",2015-05-20,2015-05-20,mercado,mercado
29279,29471,0.921875,Neto de Miró comenta exposição do artista espanhol em São Paulo,Mostra com mais de cem obras de Joan Miró entra em cartaz em SP,2015-05-22,2015-05-23,ilustrada,ilustrada
29479,29480,0.9609375,"Pode ser chocante para uma atriz admitir que está acima do peso, diz Candice Bergen",Protagonista da série 'Murphy Brown' fala sobre autobiografia,2015-05-23,2015-05-23,ilustrada,ilustrada
29481,29482,0.9765625,"Prodígio, pianista de 11 anos vira astro do jazz",Menino indonésio de 11 anos vira astro do jazz nos EUA,2015-05-23,2015-05-23,ilustrada,ilustrada
29483,29484,1.0,"Filme húngaro ""Saul Fia"" leva o prêmio principal da crítica em Cannes","Filme húngaro ""Saul Fia"" leva o prêmio principal da crítica em Cannes",2015-05-23,2015-05-23,ilustrada,ilustrada
29665,38236,1.0,"Veja o cartum da série ""Ogro"" na edição deste domingo","Veja o cartum da série ""Ogro"" na edição deste domingo",2015-05-24,2015-07-06,ilustrissima,ilustrissima
29665,41959,1.0,"Veja o cartum da série ""Ogro"" na edição deste domingo","Veja o cartum da série ""Ogro"" na edição deste domingo",2015-05-24,2015-07-26,ilustrissima,ilustrissima
29665,56129,1.0,"Veja o cartum da série ""Ogro"" na edição deste domingo",Veja o cartum de Rafa Campos da edição deste domingo,2015-05-24,2015-10-05,ilustrissima,ilustrissima
29665,58637,1.0,"Veja o cartum da série ""Ogro"" na edição deste domingo","Veja o cartum da série ""Ogro"" de Rafa Campos",2015-05-24,2015-10-18,ilustrissima,ilustrissima
29665,64230,1.0,"Veja o cartum da série ""Ogro"" na edição deste domingo","Veja o cartum da série ""Ogro"", de Rafa Campos",2015-05-24,2015-11-15,ilustrissima,ilustrissima
29906,76900,1.0,Confira a agenda desta semana,Veja a agenda desta semana,2015-05-25,2016-01-25,poder,poder
29906,92755,0.984375,Confira a agenda desta semana,Confira a agenda desta semana,2015-05-25,2016-04-25,poder,poder
29918,31336,0.984375,Confira o recarregador USB solar e outras compras tecnológicas,Confira a espada 'Minecraft' e outras bugigangas tecnológicas,2015-05-25,2015-06-01,tec,tec
29918,32564,0.953125,Confira o recarregador USB solar e outras compras tecnológicas,Confira o suporte para celular na bike e outras compras tecnológicas,2015-05-25,2015-06-07,tec,tec
29918,34003,0.953125,Confira o recarregador USB solar e outras compras tecnológicas,Veja USB que vira lanterna e outras bugigangas tecnológicas,2015-05-25,2015-06-15,tec,tec
29918,35417,0.9375,Confira o recarregador USB solar e outras compras tecnológicas,Veja casaco de moletom para os fãs de wi-fi e outras compras tecnológicas,2015-05-25,2015-06-22,tec,tec
29918,36823,0.953125,Confira o recarregador USB solar e outras compras tecnológicas,Confira o alto-falante canino e outras compras tecnológicas,2015-05-25,2015-06-29,tec,tec
29918,37886,1.0,Confira o recarregador USB solar e outras compras tecnológicas,Confira celular de baixo custo da Sony e outras bugigangas tecnológicas,2015-05-25,2015-07-04,tec,tec
29918,38842,0.953125,Confira o recarregador USB solar e outras compras tecnológicas,Confira o esterilizador de celular e outras compras tecnológicas,2015-05-25,2015-07-09,tec,tec
29918,40954,0.953125,Confira o recarregador USB solar e outras compras tecnológicas,Confira o comunicador de 'Jornada nas Estrelas' e outras compras tecnológicas,2015-05-25,2015-07-20,tec,tec
29918,42225,0.953125,Confira o recarregador USB solar e outras compras tecnológicas,Confira o novo celular Alcatel e outras compras tecnológicas,2015-05-25,2015-07-27,tec,tec
29918,44209,1.0,Confira o recarregador USB solar e outras compras tecnológicas,Veja o alto-falante com 20 horas de bateria e outras compras tecnológicas,2015-05-25,2015-08-06,tec,tec
29918,47657,0.953125,Confira o recarregador USB solar e outras compras tecnológicas,Confira o roteador 'drone' e outras compras tecnológicas,2015-05-25,2015-08-24,tec,tec
29918,49105,0.953125,Confira o recarregador USB solar e outras compras tecnológicas,Confira o smartphone com Linux e outras compras tecnológicas,2015-05-25,2015-08-31,tec,tec
29918,54735,0.9375,Confira o recarregador USB solar e outras compras tecnológicas,Confira a câmera disfarçada de fonte e outras compras tecnológicas,2015-05-25,2015-09-28,tec,tec
29918,55556,0.984375,Confira o recarregador USB solar e outras compras tecnológicas,Confira o 'capacete Metroid' e outras bugigangas tecnológicas,2015-05-25,2015-10-02,tec,tec
29918,55807,0.984375,Confira o recarregador USB solar e outras compras tecnológicas,Confira o kit de decoração de unhas tetris e outras bugigangas tecnológicas,2015-05-25,2015-10-03,tec,tec
29918,56751,0.953125,Confira o recarregador USB solar e outras compras tecnológicas,Confira a lente 'profissional' para smartphone e outras compras,2015-05-25,2015-10-08,tec,tec
29918,68450,1.0,Confira o recarregador USB solar e outras compras tecnológicas,Confira o tablet projetor e outras bugigangas tecnológicas,2015-05-25,2015-12-05,tec,tec
29939,36848,1.0,Aviso,Aviso,2015-05-26,2015-06-30,colunas,colunas
29939,55324,1.0,Aviso,Aviso,2015-05-26,2015-10-02,colunas,colunas
29939,94708,1.0,Aviso,Aviso,2015-05-26,2016-05-07,colunas,colunas
29939,129731,1.0,Aviso,Aviso,2015-05-26,2016-12-07,colunas,colunas
30146,77101,1.0,Aviso,Aviso,2015-05-27,2016-01-27,colunas,colunas
30190,30198,0.8828125,"Marin, ex-presidente da CBF, é detido na Suíça acusado de corrupção",Prisão de dirigentes da Fifa repercute na imprensa internacional; veja,2015-05-27,2015-05-27,esporte,esporte
30363,30555,0.9921875,Os americanos estão chegando,Os americanos estão chegando,2015-05-28,2015-05-29,colunas,colunas
30731,34426,1.0,AVISO,Aviso,2015-05-30,2015-06-18,colunas,colunas
30731,35444,1.0,AVISO,Aviso,2015-05-30,2015-06-23,colunas,colunas
30731,40985,1.0,AVISO,Aviso,2015-05-30,2015-07-21,colunas,colunas
30731,53337,1.0,AVISO,Aviso,2015-05-30,2015-09-22,colunas,colunas
31126,67349,1.0,Aviso,Aviso,2015-06-01,2015-12-01,colunas,colunas
31336,32564,0.9375,Confira a espada 'Minecraft' e outras bugigangas tecnológicas,Confira o suporte para celular na bike e outras compras tecnológicas,2015-06-01,2015-06-07,tec,tec
31336,34003,0.9375,Confira a espada 'Minecraft' e outras bugigangas tecnológicas,Veja USB que vira lanterna e outras bugigangas tecnológicas,2015-06-01,2015-06-15,tec,tec
31336,35417,0.953125,Confira a espada 'Minecraft' e outras bugigangas tecnológicas,Veja casaco de moletom para os fãs de wi-fi e outras compras tecnológicas,2015-06-01,2015-06-22,tec,tec
31336,36823,0.9375,Confira a espada 'Minecraft' e outras bugigangas tecnológicas,Confira o alto-falante canino e outras compras tecnológicas,2015-06-01,2015-06-29,tec,tec
31336,37886,0.984375,Confira a espada 'Minecraft' e outras bugigangas tecnológicas,Confira celular de baixo custo da Sony e outras bugigangas tecnológicas,2015-06-01,2015-07-04,tec,tec
31336,38842,0.9375,Confira a espada 'Minecraft' e outras bugigangas tecnológicas,Confira o esterilizador de celular e outras compras tecnológicas,2015-06-01,2015-07-09,tec,tec
31336,40954,0.9375,Confira a espada 'Minecraft' e outras bugigangas tecnológicas,Confira o comunicador de 'Jornada nas Estrelas' e outras compras tecnológicas,2015-06-01,2015-07-20,tec,tec
31336,42225,0.9375,Confira a espada 'Minecraft' e outras bugigangas tecnológicas,Confira o novo celular Alcatel e outras compras tecnológicas,2015-06-01,2015-07-27,tec,tec
31336,44209,0.984375,Confira a espada 'Minecraft' e outras bugigangas tecnológicas,Veja o alto-falante com 20 horas de bateria e outras compras tecnológicas,2015-06-01,2015-08-06,tec,tec
31336,47657,0.9375,Confira a espada 'Minecraft' e outras bugigangas tecnológicas,Confira o roteador 'drone' e outras compras tecnológicas,2015-06-01,2015-08-24,tec,tec
31336,49105,0.9375,Confira a espada 'Minecraft' e outras bugigangas tecnológicas,Confira o smartphone com Linux e outras compras tecnológicas,2015-06-01,2015-08-31,tec,tec
31336,54735,0.921875,Confira a espada 'Minecraft' e outras bugigangas tecnológicas,Confira a câmera disfarçada de fonte e outras compras tecnológicas,2015-06-01,2015-09-28,tec,tec
31336,55556,1.0,Confira a espada 'Minecraft' e outras bugigangas tecnológicas,Confira o 'capacete Metroid' e outras bugigangas tecnológicas,2015-06-01,2015-10-02,tec,tec
31336,55807,1.0,Confira a espada 'Minecraft' e outras bugigangas tecnológicas,Confira o kit de decoração de unhas tetris e outras bugigangas tecnológicas,2015-06-01,2015-10-03,tec,tec
31336,56751,0.9375,Confira a espada 'Minecraft' e outras bugigangas tecnológicas,Confira a lente 'profissional' para smartphone e outras compras,2015-06-01,2015-10-08,tec,tec
31336,68450,0.984375,Confira a espada 'Minecraft' e outras bugigangas tecnológicas,Confira o tablet projetor e outras bugigangas tecnológicas,2015-06-01,2015-12-05,tec,tec
31730,31743,0.8828125,"Apesar de ter maniqueísmos, '118 Dias' evita ser panfletário",Crítica: Primeiro filme de Jon Stewart segue cartilha do maniqueísmo,2015-06-03,2015-06-03,ilustrada,ilustrada
31748,31749,0.953125,Plástico: Tamar Guimarães e seu herói em fluxo,Plástico: Tamar Guimarães e seu herói em fluxo,2015-06-03,2015-06-03,ilustrada,ilustrada
31900,37720,0.9375,Funcionária é estuprada dentro de estação de Metrô no centro de SP,Polícia prende suspeito de estuprar jovem em estação do metrô de SP,2015-06-04,2015-07-04,cotidiano,cotidiano
32431,35271,0.9765625,MEC divulga resultado da 2ª chamada do ProUni; confira,MEC divulga resultado da 1ª chamada do ProUni; confira,2015-06-07,2015-06-22,educacao,educacao
32512,44301,0.953125,Receita libera consulta ao 2º lote de restituições do IR na quarta,Receita libera consulta ao 2º lote de restituições do IR nesta quarta,2015-06-07,2015-08-07,mercado,mercado
32564,34003,1.0,Confira o suporte para celular na bike e outras compras tecnológicas,Veja USB que vira lanterna e outras bugigangas tecnológicas,2015-06-07,2015-06-15,tec,tec
32564,35417,0.984375,Confira o suporte para celular na bike e outras compras tecnológicas,Veja casaco de moletom para os fãs de wi-fi e outras compras tecnológicas,2015-06-07,2015-06-22,tec,tec
32564,36823,1.0,Confira o suporte para celular na bike e outras compras tecnológicas,Confira o alto-falante canino e outras compras tecnológicas,2015-06-07,2015-06-29,tec,tec
32564,37886,0.953125,Confira o suporte para celular na bike e outras compras tecnológicas,Confira celular de baixo custo da Sony e outras bugigangas tecnológicas,2015-06-07,2015-07-04,tec,tec
32564,38842,1.0,Confira o suporte para celular na bike e outras compras tecnológicas,Confira o esterilizador de celular e outras compras tecnológicas,2015-06-07,2015-07-09,tec,tec
32564,40954,1.0,Confira o suporte para celular na bike e outras compras tecnológicas,Confira o comunicador de 'Jornada nas Estrelas' e outras compras tecnológicas,2015-06-07,2015-07-20,tec,tec
32564,42225,1.0,Confira o suporte para celular na bike e outras compras tecnológicas,Confira o novo celular Alcatel e outras compras tecnológicas,2015-06-07,2015-07-27,tec,tec
32564,44209,0.953125,Confira o suporte para celular na bike e outras compras tecnológicas,Veja o alto-falante com 20 horas de bateria e outras compras tecnológicas,2015-06-07,2015-08-06,tec,tec
32564,47657,1.0,Confira o suporte para celular na bike e outras compras tecnológicas,Confira o roteador 'drone' e outras compras tecnológicas,2015-06-07,2015-08-24,tec,tec
32564,49105,1.0,Confira o suporte para celular na bike e outras compras tecnológicas,Confira o smartphone com Linux e outras compras tecnológicas,2015-06-07,2015-08-31,tec,tec
32564,54735,0.984375,Confira o suporte para celular na bike e outras compras tecnológicas,Confira a câmera disfarçada de fonte e outras compras tecnológicas,2015-06-07,2015-09-28,tec,tec
32564,55556,0.9375,Confira o suporte para celular na bike e outras compras tecnológicas,Confira o 'capacete Metroid' e outras bugigangas tecnológicas,2015-06-07,2015-10-02,tec,tec
32564,55807,0.9375,Confira o suporte para celular na bike e outras compras tecnológicas,Confira o kit de decoração de unhas tetris e outras bugigangas tecnológicas,2015-06-07,2015-10-03,tec,tec
32564,56751,1.0,Confira o suporte para celular na bike e outras compras tecnológicas,Confira a lente 'profissional' para smartphone e outras compras,2015-06-07,2015-10-08,tec,tec
32564,68450,0.953125,Confira o suporte para celular na bike e outras compras tecnológicas,Confira o tablet projetor e outras bugigangas tecnológicas,2015-06-07,2015-12-05,tec,tec
32676,56672,0.921875,Receita libera consulta ao 3º lote de restituições do IR na segunda,Receita libera consulta ao 3º lote de restituições do IR nesta segunda,2015-06-08,2015-10-08,mercado,mercado
33153,33289,1.0,"Em debate sobre aborto, pílula do dia seguinte vira ponto de discordância","Em debate sobre aborto, pílula do dia seguinte vira ponto de discordância",2015-06-11,2015-06-11,cotidiano,tv
33201,33202,1.0,Entrevista com Lula faz audiência do 'SBT Brasil' cair,Entrevista com Lula faz audiência do 'SBT Brasil' cair,2015-06-11,2015-06-11,ilustrada,ilustrada
33500,33670,0.921875,Linhas da CPTM e Metrô têm circulação alterada neste domingo,Metrô e CPTM alteram circulação em algumas linhas neste domingo,2015-06-13,2015-06-14,cotidiano,cotidiano
33712,34086,0.9140625,"Gramado da arena é 'pífio, ridículo e terrível', criticam palmeireses",Construtora culpa excesso de eventos por gramado ruim no Allianz Parque,2015-06-14,2015-06-16,esporte,esporte
33988,80293,0.984375,Confira a agenda desta semana,Confira a agenda da semana,2015-06-15,2016-02-15,poder,poder
34002,101212,0.9921875,"Judicialização da saúde é produto de um sistema mal gerido, diz advogada","Judicialização da saúde é produto de um sistema mal gerido, diz advogada",2015-06-15,2016-06-15,seminariosfolha,seminariosfolha
34003,35417,0.984375,Veja USB que vira lanterna e outras bugigangas tecnológicas,Veja casaco de moletom para os fãs de wi-fi e outras compras tecnológicas,2015-06-15,2015-06-22,tec,tec
34003,36823,1.0,Veja USB que vira lanterna e outras bugigangas tecnológicas,Confira o alto-falante canino e outras compras tecnológicas,2015-06-15,2015-06-29,tec,tec
34003,37886,0.953125,Veja USB que vira lanterna e outras bugigangas tecnológicas,Confira celular de baixo custo da Sony e outras bugigangas tecnológicas,2015-06-15,2015-07-04,tec,tec
34003,38842,1.0,Veja USB que vira lanterna e outras bugigangas tecnológicas,Confira o esterilizador de celular e outras compras tecnológicas,2015-06-15,2015-07-09,tec,tec
34003,40954,1.0,Veja USB que vira lanterna e outras bugigangas tecnológicas,Confira o comunicador de 'Jornada nas Estrelas' e outras compras tecnológicas,2015-06-15,2015-07-20,tec,tec
34003,42225,1.0,Veja USB que vira lanterna e outras bugigangas tecnológicas,Confira o novo celular Alcatel e outras compras tecnológicas,2015-06-15,2015-07-27,tec,tec
34003,44209,0.953125,Veja USB que vira lanterna e outras bugigangas tecnológicas,Veja o alto-falante com 20 horas de bateria e outras compras tecnológicas,2015-06-15,2015-08-06,tec,tec
34003,47657,1.0,Veja USB que vira lanterna e outras bugigangas tecnológicas,Confira o roteador 'drone' e outras compras tecnológicas,2015-06-15,2015-08-24,tec,tec
34003,49105,1.0,Veja USB que vira lanterna e outras bugigangas tecnológicas,Confira o smartphone com Linux e outras compras tecnológicas,2015-06-15,2015-08-31,tec,tec
34003,54735,0.984375,Veja USB que vira lanterna e outras bugigangas tecnológicas,Confira a câmera disfarçada de fonte e outras compras tecnológicas,2015-06-15,2015-09-28,tec,tec
34003,55556,0.9375,Veja USB que vira lanterna e outras bugigangas tecnológicas,Confira o 'capacete Metroid' e outras bugigangas tecnológicas,2015-06-15,2015-10-02,tec,tec
34003,55807,0.9375,Veja USB que vira lanterna e outras bugigangas tecnológicas,Confira o kit de decoração de unhas tetris e outras bugigangas tecnológicas,2015-06-15,2015-10-03,tec,tec
34003,56751,1.0,Veja USB que vira lanterna e outras bugigangas tecnológicas,Confira a lente 'profissional' para smartphone e outras compras,2015-06-15,2015-10-08,tec,tec
34003,68450,0.953125,Veja USB que vira lanterna e outras bugigangas tecnológicas,Confira o tablet projetor e outras bugigangas tecnológicas,2015-06-15,2015-12-05,tec,tec
34073,34472,0.921875,Inscrição para ProUni do meio do ano começa nesta terça,Inscrição para ProUni do meio do ano termina nesta quinta,2015-06-16,2015-06-18,educacao,educacao
34426,35444,1.0,Aviso,Aviso,2015-06-18,2015-06-23,colunas,colunas
34426,40985,1.0,Aviso,Aviso,2015-06-18,2015-07-21,colunas,colunas
34426,53337,1.0,Aviso,Aviso,2015-06-18,2015-09-22,colunas,colunas
34539,34540,1.0,Nota de dólar terá mulher pela primeira vez,Nota de dólar terá mulher pela primeira vez,2015-06-18,2015-06-18,mercado,mercado
34690,35471,0.9609375,Matrícula para os aprovados no Sisu do meio de ano começa nesta sexta,Matrícula para os aprovados no Sisu do meio de ano termina nesta terça,2015-06-19,2015-06-23,educacao,educacao
35135,45025,1.0,"Veja ""O Pintinho"" no cartum deste domingo",O abaixo-assinado do pintinho no cartum desta semana,2015-06-21,2015-08-11,ilustrissima,ilustrissima
35135,48784,1.0,"Veja ""O Pintinho"" no cartum deste domingo","Veja ""O Pintinho"" na edição deste domingo",2015-06-21,2015-08-30,ilustrissima,ilustrissima
35135,54444,1.0,"Veja ""O Pintinho"" no cartum deste domingo","Veja ""O Pintinho"" na edição deste domingo",2015-06-21,2015-09-27,ilustrissima,ilustrissima
35135,68758,0.8515625,"Veja ""O Pintinho"" no cartum deste domingo","Veja ""O Pintinho"" na edição deste domingo",2015-06-21,2015-12-07,ilustrissima,ilustrissima
35193,35387,0.9921875,Folha e Cebrap promovem debate sobre corrupção,Folha e Cebrap promovem debate gratuito sobre corrupção,2015-06-21,2015-06-22,poder,poder
35348,35350,0.8984375,Bolsa acompanha bom humor externo sobre possível acordo grego,Bolsa sobe e dólar cai com mercado otimista sobre acordo grego,2015-06-22,2015-06-22,mercado,mercado
35391,81552,1.0,Confira a agenda desta semana,Confira a agenda desta semana,2015-06-22,2016-02-22,poder,poder
35417,36823,0.984375,Veja casaco de moletom para os fãs de wi-fi e outras compras tecnológicas,Confira o alto-falante canino e outras compras tecnológicas,2015-06-22,2015-06-29,tec,tec
35417,37886,0.9375,Veja casaco de moletom para os fãs de wi-fi e outras compras tecnológicas,Confira celular de baixo custo da Sony e outras bugigangas tecnológicas,2015-06-22,2015-07-04,tec,tec
35417,38842,0.984375,Veja casaco de moletom para os fãs de wi-fi e outras compras tecnológicas,Confira o esterilizador de celular e outras compras tecnológicas,2015-06-22,2015-07-09,tec,tec
35417,40954,0.984375,Veja casaco de moletom para os fãs de wi-fi e outras compras tecnológicas,Confira o comunicador de 'Jornada nas Estrelas' e outras compras tecnológicas,2015-06-22,2015-07-20,tec,tec
35417,42225,0.984375,Veja casaco de moletom para os fãs de wi-fi e outras compras tecnológicas,Confira o novo celular Alcatel e outras compras tecnológicas,2015-06-22,2015-07-27,tec,tec
35417,44209,0.9375,Veja casaco de moletom para os fãs de wi-fi e outras compras tecnológicas,Veja o alto-falante com 20 horas de bateria e outras compras tecnológicas,2015-06-22,2015-08-06,tec,tec
35417,47657,0.984375,Veja casaco de moletom para os fãs de wi-fi e outras compras tecnológicas,Confira o roteador 'drone' e outras compras tecnológicas,2015-06-22,2015-08-24,tec,tec
35417,49105,0.984375,Veja casaco de moletom para os fãs de wi-fi e outras compras tecnológicas,Confira o smartphone com Linux e outras compras tecnológicas,2015-06-22,2015-08-31,tec,tec
35417,54735,0.96875,Veja casaco de moletom para os fãs de wi-fi e outras compras tecnológicas,Confira a câmera disfarçada de fonte e outras compras tecnológicas,2015-06-22,2015-09-28,tec,tec
35417,55556,0.953125,Veja casaco de moletom para os fãs de wi-fi e outras compras tecnológicas,Confira o 'capacete Metroid' e outras bugigangas tecnológicas,2015-06-22,2015-10-02,tec,tec
35417,55807,0.953125,Veja casaco de moletom para os fãs de wi-fi e outras compras tecnológicas,Confira o kit de decoração de unhas tetris e outras bugigangas tecnológicas,2015-06-22,2015-10-03,tec,tec
35417,56751,0.984375,Veja casaco de moletom para os fãs de wi-fi e outras compras tecnológicas,Confira a lente 'profissional' para smartphone e outras compras,2015-06-22,2015-10-08,tec,tec
35417,68450,0.9375,Veja casaco de moletom para os fãs de wi-fi e outras compras tecnológicas,Confira o tablet projetor e outras bugigangas tecnológicas,2015-06-22,2015-12-05,tec,tec
35444,40985,1.0,Aviso,Aviso,2015-06-23,2015-07-21,colunas,colunas
35444,53337,1.0,Aviso,Aviso,2015-06-23,2015-09-22,colunas,colunas
35639,41161,1.0,Aviso,Aviso,2015-06-24,2015-07-22,colunas,colunas
35639,96476,1.0,Aviso,Aviso,2015-06-24,2016-05-18,colunas,colunas
35639,124688,1.0,Aviso,Aviso,2015-06-24,2016-11-05,colunas,colunas
35639,158107,1.0,Aviso,Aviso,2015-06-24,2017-07-25,colunas,colunas
35639,166842,1.0,Aviso,Aviso,2015-06-24,2017-09-30,colunas,colunas
35843,35974,0.9765625,O caldeirão do PMDB-RJ,O caldeirão do PMDB-RJ,2015-06-25,2015-06-25,colunas,opiniao
36078,36670,0.8828125,Radares da Régis Bittencourt começam a multar a partir do dia 29,Radares da Régis Bittencourt começam a multar a partir desta segunda,2015-06-26,2015-06-29,cotidiano,cotidiano
36499,36500,1.0,"Faltava vontade política para implantar ciclovias, diz urbanista","Faltava vontade política para implantar ciclovias, diz urbanista",2015-06-28,2015-06-28,cotidiano,cotidiano
36519,36698,0.875,Comitê da Rio-2016 prorroga prazo para pagamento de ingressos,Prazo para pagamento de ingressos da Rio-2016 acaba nesta segunda,2015-06-28,2015-06-29,esporte,esporte
36563,68170,1.0,"Veja o cartum da série ""Ogro"" na edição deste domingo",Veja o cartum de Rafa Campos da edição deste domingo,2015-06-28,2015-12-04,ilustrissima,ilustrissima
36563,68757,1.0,"Veja o cartum da série ""Ogro"" na edição deste domingo",Veja o cartum de Rafa Campos na edição deste domingo,2015-06-28,2015-12-07,ilustrissima,ilustrissima
36823,37886,0.953125,Confira o alto-falante canino e outras compras tecnológicas,Confira celular de baixo custo da Sony e outras bugigangas tecnológicas,2015-06-29,2015-07-04,tec,tec
36823,38842,1.0,Confira o alto-falante canino e outras compras tecnológicas,Confira o esterilizador de celular e outras compras tecnológicas,2015-06-29,2015-07-09,tec,tec
36823,40954,1.0,Confira o alto-falante canino e outras compras tecnológicas,Confira o comunicador de 'Jornada nas Estrelas' e outras compras tecnológicas,2015-06-29,2015-07-20,tec,tec
36823,42225,1.0,Confira o alto-falante canino e outras compras tecnológicas,Confira o novo celular Alcatel e outras compras tecnológicas,2015-06-29,2015-07-27,tec,tec
36823,44209,0.953125,Confira o alto-falante canino e outras compras tecnológicas,Veja o alto-falante com 20 horas de bateria e outras compras tecnológicas,2015-06-29,2015-08-06,tec,tec
36823,47657,1.0,Confira o alto-falante canino e outras compras tecnológicas,Confira o roteador 'drone' e outras compras tecnológicas,2015-06-29,2015-08-24,tec,tec
36823,49105,1.0,Confira o alto-falante canino e outras compras tecnológicas,Confira o smartphone com Linux e outras compras tecnológicas,2015-06-29,2015-08-31,tec,tec
36823,54735,0.984375,Confira o alto-falante canino e outras compras tecnológicas,Confira a câmera disfarçada de fonte e outras compras tecnológicas,2015-06-29,2015-09-28,tec,tec
36823,55556,0.9375,Confira o alto-falante canino e outras compras tecnológicas,Confira o 'capacete Metroid' e outras bugigangas tecnológicas,2015-06-29,2015-10-02,tec,tec
36823,55807,0.9375,Confira o alto-falante canino e outras compras tecnológicas,Confira o kit de decoração de unhas tetris e outras bugigangas tecnológicas,2015-06-29,2015-10-03,tec,tec
36823,56751,1.0,Confira o alto-falante canino e outras compras tecnológicas,Confira a lente 'profissional' para smartphone e outras compras,2015-06-29,2015-10-08,tec,tec
36823,68450,0.953125,Confira o alto-falante canino e outras compras tecnológicas,Confira o tablet projetor e outras bugigangas tecnológicas,2015-06-29,2015-12-05,tec,tec
36848,55324,1.0,Aviso,Aviso,2015-06-30,2015-10-02,colunas,colunas
36848,94708,1.0,Aviso,Aviso,2015-06-30,2016-05-07,colunas,colunas
36848,129731,1.0,Aviso,Aviso,2015-06-30,2016-12-07,colunas,colunas
36884,40814,0.8828125,MEC prorroga de novo prazo para estudante renovar contrato do Fies,Prazo para estudante renovar contrato do Fies termina nesta segunda,2015-06-30,2015-07-20,educacao,educacao
37266,37267,1.0,"Novo Código de Processo Civil será positivo para o país, diz leitor","Novo Código de Processo Civil será positivo para o país, diz leitor",2015-07-01,2015-07-01,paineldoleitor,paineldoleitor
37399,37413,1.0,Série reúne clássicos da literatura indiana em inglês,Série de Harvard reúne clássicos da literatura indiana,2015-07-02,2015-07-02,ilustrada,ilustrada
37404,37408,0.9609375,Crítica: Obra de Caicedo é pedra angular da ficção hispano-americana,Obra de colombiano é pedra angular da ficção hispano-americana recente,2015-07-02,2015-07-02,ilustrada,ilustrada
37604,62131,1.0,Confira os livros de negócios e economia mais vendidos entre 23 de fevereiro e 1º de março,Guia de finanças para casais volta a lista de livros mais vendidos na semana,2015-07-03,2015-11-04,mercado,mercado
37615,37616,1.0,Exportador quer dobrar frigoríficos aptos a exportar,Exportador quer dobrar frigoríficos aptos a exportar,2015-07-03,2015-07-03,mercado,mercado
37741,43720,0.9765625,"De volta dos EUA, ex-barbeiro diz em escolas: 'Estudar fora não é só pra rico'","De volta dos EUA, ex-barbeiro diz em escolas: 'Estudar fora não é só pra rico'",2015-07-04,2015-08-04,empreendedorsocial,empreendedorsocial
37745,104427,0.984375,Cirurgia rara expande tórax de menina em hospital de São Paulo,Cirurgia rara expande tórax de menina em hospital de SP,2015-07-04,2016-07-04,equilibrioesaude,equilibrioesaude
37886,38842,0.953125,Confira celular de baixo custo da Sony e outras bugigangas tecnológicas,Confira o esterilizador de celular e outras compras tecnológicas,2015-07-04,2015-07-09,tec,tec
37886,40954,0.953125,Confira celular de baixo custo da Sony e outras bugigangas tecnológicas,Confira o comunicador de 'Jornada nas Estrelas' e outras compras tecnológicas,2015-07-04,2015-07-20,tec,tec
37886,42225,0.953125,Confira celular de baixo custo da Sony e outras bugigangas tecnológicas,Confira o novo celular Alcatel e outras compras tecnológicas,2015-07-04,2015-07-27,tec,tec
37886,44209,1.0,Confira celular de baixo custo da Sony e outras bugigangas tecnológicas,Veja o alto-falante com 20 horas de bateria e outras compras tecnológicas,2015-07-04,2015-08-06,tec,tec
37886,47657,0.953125,Confira celular de baixo custo da Sony e outras bugigangas tecnológicas,Confira o roteador 'drone' e outras compras tecnológicas,2015-07-04,2015-08-24,tec,tec
37886,49105,0.953125,Confira celular de baixo custo da Sony e outras bugigangas tecnológicas,Confira o smartphone com Linux e outras compras tecnológicas,2015-07-04,2015-08-31,tec,tec
37886,54735,0.9375,Confira celular de baixo custo da Sony e outras bugigangas tecnológicas,Confira a câmera disfarçada de fonte e outras compras tecnológicas,2015-07-04,2015-09-28,tec,tec
37886,55556,0.984375,Confira celular de baixo custo da Sony e outras bugigangas tecnológicas,Confira o 'capacete Metroid' e outras bugigangas tecnológicas,2015-07-04,2015-10-02,tec,tec
37886,55807,0.984375,Confira celular de baixo custo da Sony e outras bugigangas tecnológicas,Confira o kit de decoração de unhas tetris e outras bugigangas tecnológicas,2015-07-04,2015-10-03,tec,tec
37886,56751,0.953125,Confira celular de baixo custo da Sony e outras bugigangas tecnológicas,Confira a lente 'profissional' para smartphone e outras compras,2015-07-04,2015-10-08,tec,tec
37886,68450,1.0,Confira celular de baixo custo da Sony e outras bugigangas tecnológicas,Confira o tablet projetor e outras bugigangas tecnológicas,2015-07-04,2015-12-05,tec,tec
38167,38168,0.859375,Ativistas fazem cobranças a Alckmin e Haddad durante a Parada Gay de SP,Parada Gay tem combate a ambulantes e aluguel de banheiro no centro de SP,2015-07-06,2015-07-06,cotidiano,cotidiano
38236,41959,1.0,"Veja o cartum da série ""Ogro"" na edição deste domingo","Veja o cartum da série ""Ogro"" na edição deste domingo",2015-07-06,2015-07-26,ilustrissima,ilustrissima
38236,56129,1.0,"Veja o cartum da série ""Ogro"" na edição deste domingo",Veja o cartum de Rafa Campos da edição deste domingo,2015-07-06,2015-10-05,ilustrissima,ilustrissima
38236,58637,1.0,"Veja o cartum da série ""Ogro"" na edição deste domingo","Veja o cartum da série ""Ogro"" de Rafa Campos",2015-07-06,2015-10-18,ilustrissima,ilustrissima
38236,64230,1.0,"Veja o cartum da série ""Ogro"" na edição deste domingo","Veja o cartum da série ""Ogro"", de Rafa Campos",2015-07-06,2015-11-15,ilustrissima,ilustrissima
38344,39611,0.8984375,Aviso,Aviso,2015-07-07,2015-07-14,colunas,colunas
38376,38519,1.0,"O ""Viagra Rosa"" vem aí para resolver um problema que talvez não exista","O ""Viagra Rosa"" vem aí para resolver um problema que talvez não exista",2015-07-07,2015-07-07,equilibrioesaude,vice
38628,44499,0.9765625,"Hackers derrubam sites, sequestram dados e pedem bitcoins como resgate",Hackers exigem bitcoins em resgates,2015-07-08,2015-08-08,mercado,mercado
38777,56868,0.890625,Dólar alto acirra disputa entre corretoras de câmbio,Quem precisa comprar dólar deve pesquisar preços em corretoras,2015-07-09,2015-10-09,mercado,mercado
38822,39349,1.0,Confira a agenda desta semana,Confira a agenda desta semana,2015-07-09,2015-07-12,poder,poder
38842,40954,1.0,Confira o esterilizador de celular e outras compras tecnológicas,Confira o comunicador de 'Jornada nas Estrelas' e outras compras tecnológicas,2015-07-09,2015-07-20,tec,tec
38842,42225,1.0,Confira o esterilizador de celular e outras compras tecnológicas,Confira o novo celular Alcatel e outras compras tecnológicas,2015-07-09,2015-07-27,tec,tec
38842,44209,0.953125,Confira o esterilizador de celular e outras compras tecnológicas,Veja o alto-falante com 20 horas de bateria e outras compras tecnológicas,2015-07-09,2015-08-06,tec,tec
38842,47657,1.0,Confira o esterilizador de celular e outras compras tecnológicas,Confira o roteador 'drone' e outras compras tecnológicas,2015-07-09,2015-08-24,tec,tec
38842,49105,1.0,Confira o esterilizador de celular e outras compras tecnológicas,Confira o smartphone com Linux e outras compras tecnológicas,2015-07-09,2015-08-31,tec,tec
38842,54735,0.984375,Confira o esterilizador de celular e outras compras tecnológicas,Confira a câmera disfarçada de fonte e outras compras tecnológicas,2015-07-09,2015-09-28,tec,tec
38842,55556,0.9375,Confira o esterilizador de celular e outras compras tecnológicas,Confira o 'capacete Metroid' e outras bugigangas tecnológicas,2015-07-09,2015-10-02,tec,tec
38842,55807,0.9375,Confira o esterilizador de celular e outras compras tecnológicas,Confira o kit de decoração de unhas tetris e outras bugigangas tecnológicas,2015-07-09,2015-10-03,tec,tec
38842,56751,1.0,Confira o esterilizador de celular e outras compras tecnológicas,Confira a lente 'profissional' para smartphone e outras compras,2015-07-09,2015-10-08,tec,tec
38842,68450,0.953125,Confira o esterilizador de celular e outras compras tecnológicas,Confira o tablet projetor e outras bugigangas tecnológicas,2015-07-09,2015-12-05,tec,tec
38883,51031,0.9453125,República do Líbano e Indianópolis têm velocidade reduzida para 50 km/h,Av. Brigadeiro Faria Lima e outras oito vias têm velocidade reduzida em SP,2015-07-10,2015-09-10,cotidiano,cotidiano
39061,50223,1.0,Aviso,Aviso de férias,2015-07-11,2015-09-06,colunas,colunas
39061,51994,0.8984375,Aviso,Aviso,2015-07-11,2015-09-15,colunas,colunas
39061,54332,0.9609375,Aviso,Aviso,2015-07-11,2015-09-27,colunas,colunas
39061,54967,0.9609375,Aviso,Aviso,2015-07-11,2015-09-30,colunas,colunas
39061,56447,1.0,Aviso,Aviso,2015-07-11,2015-10-07,colunas,colunas
39061,63160,1.0,Aviso,Aviso,2015-07-11,2015-11-10,colunas,colunas
39061,69200,1.0,Aviso,Aviso,2015-07-11,2015-12-10,colunas,colunas
39061,70745,0.9609375,Aviso,Aviso,2015-07-11,2015-12-18,colunas,colunas
39061,72613,1.0,Aviso,Aviso,2015-07-11,2015-12-31,colunas,colunas
39061,72741,0.8984375,Aviso,Aviso,2015-07-11,2016-01-01,colunas,colunas
39061,75798,0.8984375,Aviso,Aviso,2015-07-11,2016-01-19,colunas,colunas
39061,77981,0.859375,Aviso,Aviso,2015-07-11,2016-02-01,colunas,colunas
39061,93729,0.8984375,Aviso,Aviso,2015-07-11,2016-05-01,colunas,colunas
39061,107483,0.9609375,Aviso,Aviso,2015-07-11,2016-07-23,colunas,colunas
39061,114436,0.859375,Aviso,Aviso,2015-07-11,2016-09-01,colunas,colunas
39061,116281,0.859375,Aviso,Aviso,2015-07-11,2016-09-13,colunas,colunas
39061,117588,1.0,Aviso,Aviso,2015-07-11,2016-09-21,colunas,colunas
39061,121712,1.0,Aviso,AVISO,2015-07-11,2016-10-18,colunas,colunas
39061,128648,0.8984375,Aviso,Aviso,2015-07-11,2016-12-01,colunas,colunas
39061,136632,0.9609375,Aviso,Aviso,2015-07-11,2017-02-01,colunas,colunas
39061,138513,0.8984375,Aviso,Aviso,2015-07-11,2017-02-17,colunas,colunas
39061,139896,0.8984375,Aviso,Aviso,2015-07-11,2017-02-28,colunas,colunas
39061,147463,0.859375,Aviso,Aviso,2015-07-11,2017-05-01,colunas,colunas
39061,148281,0.859375,Aviso,Aviso,2015-07-11,2017-05-07,colunas,colunas
39061,155215,0.8984375,Aviso,Aviso,2015-07-11,2017-06-30,colunas,colunas
39061,155558,0.8984375,Aviso,Aviso,2015-07-11,2017-07-03,colunas,colunas
39061,156146,0.8984375,Aviso,Aviso,2015-07-11,2017-07-07,colunas,colunas
39061,156779,0.8984375,Aviso,Aviso,2015-07-11,2017-07-14,colunas,colunas
39061,157095,1.0,Aviso,Aviso de férias,2015-07-11,2017-07-17,colunas,colunas
39061,157634,0.8984375,Aviso,Aviso de férias,2015-07-11,2017-07-21,colunas,colunas
39061,157638,0.8984375,Aviso,Aviso,2015-07-11,2017-07-21,colunas,colunas
39061,157840,1.0,Aviso,Aviso de férias,2015-07-11,2017-07-23,colunas,colunas
39061,158955,1.0,Aviso,Aviso de férias,2015-07-11,2017-07-31,colunas,colunas
39061,163843,1.0,Aviso,Aviso de férias,2015-07-11,2017-09-07,colunas,colunas
39061,164893,1.0,Aviso,Aviso,2015-07-11,2017-09-17,colunas,colunas
39147,51277,1.0,Empresas de mídia jornalística discutem em São Paulo futuro do setor,Mídia jornalística discute seu futuro em conferência realizada em SP,2015-07-11,2015-09-11,mercado,mercado
39286,51271,0.8828125,"Ganho da carteira do líder do simulador de ações recua para 418,9%","Participante obtém ganho de 479,8% em sua carteira de ações no simulador",2015-07-12,2015-09-11,mercado,mercado
39286,53204,0.8515625,"Ganho da carteira do líder do simulador de ações recua para 418,9%","Carteira do líder do simulador de ações alcança valorização de 410,4%",2015-07-12,2015-09-21,mercado,mercado
39286,54640,0.859375,"Ganho da carteira do líder do simulador de ações recua para 418,9%","Ganho da carteira do líder do simulador de ações cai para 404,9%",2015-07-12,2015-09-28,mercado,mercado
39286,67227,0.875,"Ganho da carteira do líder do simulador de ações recua para 418,9%","Líder do simulador do mercado de ações tem ganho de 452,2% na carteira",2015-07-12,2015-11-30,mercado,mercado
39286,69261,0.8671875,"Ganho da carteira do líder do simulador de ações recua para 418,9%","Participante obtém ganho de 489,7% em sua carteira de ações no simulador",2015-07-12,2015-12-10,mercado,mercado
39388,45256,0.9609375,"Em carta, Temer acusa Dilma de mentir e sabotar o PMDB","Em carta-desabafo a Dilma, Temer diz que foi desprezado",2015-07-12,2015-08-12,poder,poder
39394,51376,1.0,Veja o conversor de filme fotográfico e outras bugigangas tecnológicas,Conheça o teclado para viciados em emojis e outras compras tecnológicas,2015-07-12,2015-09-11,tec,tec
39394,51973,1.0,Veja o conversor de filme fotográfico e outras bugigangas tecnológicas,Câmera digital resgata elementos da Polaroid; veja outras compras,2015-07-12,2015-09-14,tec,tec
39394,53308,1.0,Veja o conversor de filme fotográfico e outras bugigangas tecnológicas,HD externo protege contra fogo e água; veja outras compras tecnológicas,2015-07-12,2015-09-21,tec,tec
39394,58899,1.0,Veja o conversor de filme fotográfico e outras bugigangas tecnológicas,Confira o kit de lentes para celulares e outras bugigangas tecnológicas,2015-07-12,2015-10-19,tec,tec
39394,60308,1.0,Veja o conversor de filme fotográfico e outras bugigangas tecnológicas,Confira a camisinha Netflix e outras bugigangas tecnológicas,2015-07-12,2015-10-26,tec,tec
39394,64538,1.0,Veja o conversor de filme fotográfico e outras bugigangas tecnológicas,Veja a pulseira fitness baratinha e outras compras tecnológicas,2015-07-12,2015-11-16,tec,tec
39394,65872,1.0,Veja o conversor de filme fotográfico e outras bugigangas tecnológicas,Veja novo smartphone para crianças e outras compras tecnológicas,2015-07-12,2015-11-23,tec,tec
39394,67329,1.0,Veja o conversor de filme fotográfico e outras bugigangas tecnológicas,Veja a meia conectada para monitorar bebês e outras compras tecnológicas,2015-07-12,2015-11-30,tec,tec
39394,69331,1.0,Veja o conversor de filme fotográfico e outras bugigangas tecnológicas,Confira as máscaras de emoji e outras bugigangas tecnológicas,2015-07-12,2015-12-10,tec,tec
39394,70090,1.0,Veja o conversor de filme fotográfico e outras bugigangas tecnológicas,Veja enfeite em formato de emoji para a árvore de Natal e outros produtos,2015-07-12,2015-12-14,tec,tec
39394,71433,1.0,Veja o conversor de filme fotográfico e outras bugigangas tecnológicas,Veja a almofada para fãs de WhatsApp e outras compras tecnológicas,2015-07-12,2015-12-21,tec,tec
39394,72301,1.0,Veja o conversor de filme fotográfico e outras bugigangas tecnológicas,Confira um teclado dobrável e outras bugigangas tecnológicas,2015-07-12,2015-12-28,tec,tec
39394,73016,1.0,Veja o conversor de filme fotográfico e outras bugigangas tecnológicas,Veja o controle remoto com cara de smartphone e outros gadgets,2015-07-12,2016-01-02,tec,tec
39394,75776,1.0,Veja o conversor de filme fotográfico e outras bugigangas tecnológicas,Veja as telas adicionais para notebook e outras compras tecnológicas,2015-07-12,2016-01-18,tec,tec
39394,76909,1.0,Veja o conversor de filme fotográfico e outras bugigangas tecnológicas,Veja um skate com caixas de som e outras compras tecnológicas,2015-07-12,2016-01-25,tec,tec
39394,80320,1.0,Veja o conversor de filme fotográfico e outras bugigangas tecnológicas,Veja um roteador portátil útil para viajantes e outros produtos,2015-07-12,2016-02-15,tec,tec
39394,82972,1.0,Veja o conversor de filme fotográfico e outras bugigangas tecnológicas,Confira um 'mouse ambidestro' e outras compras tecnológicas,2015-07-12,2016-02-29,tec,tec
39394,85242,1.0,Veja o conversor de filme fotográfico e outras bugigangas tecnológicas,Veja um smartphone com tela 4K e outros produtos tecnológicos,2015-07-12,2016-03-14,tec,tec
39394,87836,1.0,Veja o conversor de filme fotográfico e outras bugigangas tecnológicas,Veja um carregador sem fio para o iPhone e outras compras tecnológicas,2015-07-12,2016-03-28,tec,tec
39394,88613,1.0,Veja o conversor de filme fotográfico e outras bugigangas tecnológicas,Veja um gramofone para conectar ao celular e outras compras tecnológicas,2015-07-12,2016-04-01,tec,tec
39394,104379,1.0,Veja o conversor de filme fotográfico e outras bugigangas tecnológicas,Veja o contador de seguidores de redes sociais e outras compras tecnológicas,2015-07-12,2016-07-03,tec,tec
39394,124130,1.0,Veja o conversor de filme fotográfico e outras bugigangas tecnológicas,Confira o petisco wi-fi para cachorros e outras compras tecnológicas,2015-07-12,2016-11-01,tec,tec
39394,124680,1.0,Veja o conversor de filme fotográfico e outras bugigangas tecnológicas,Veja um sensor de movimentos para TV e outras compras tecnológicas,2015-07-12,2016-11-04,tec,tec
39795,101256,0.9296875,Por que pessoas em situação de rua não querem ir para abrigos?,Por que as pessoas em situação de rua em SP não querem ir para os abrigos?,2015-07-14,2016-06-16,vice,cotidiano
40237,41554,0.890625,Aviso,Aviso,2015-07-17,2015-07-24,colunas,colunas
40237,63560,0.9140625,Aviso,Aviso,2015-07-17,2015-11-12,colunas,colunas
40237,70755,0.921875,Aviso,Aviso,2015-07-17,2015-12-18,colunas,colunas
40237,150741,0.90625,Aviso,Aviso,2015-07-17,2017-05-26,colunas,colunas
40237,152785,0.8828125,Aviso,Aviso,2015-07-17,2017-06-10,colunas,colunas
40244,41559,1.0,Aviso,Aviso,2015-07-17,2015-07-24,colunas,colunas
40244,42257,1.0,Aviso,Aviso,2015-07-17,2015-07-28,colunas,colunas
40244,42820,1.0,Aviso,Aviso,2015-07-17,2015-07-31,colunas,colunas
40244,58195,1.0,Aviso,Aviso,2015-07-17,2015-10-16,colunas,colunas
40244,61777,0.9296875,Aviso,Aviso,2015-07-17,2015-11-03,colunas,colunas
40244,102272,0.9765625,Aviso,Aviso,2015-07-17,2016-06-22,colunas,colunas
40244,102674,0.9765625,Aviso,Aviso,2015-07-17,2016-06-24,colunas,colunas
40244,103518,0.9765625,Aviso,Aviso,2015-07-17,2016-06-29,colunas,colunas
40244,103704,0.9765625,Aviso,Aviso,2015-07-17,2016-06-30,colunas,colunas
40244,105885,0.9765625,Aviso,Aviso,2015-07-17,2016-07-13,colunas,colunas
40244,133275,1.0,Aviso,Aviso,2015-07-17,2017-01-04,colunas,colunas
40244,143454,0.9765625,Aviso,Aviso,2015-07-17,2017-03-29,colunas,colunas
40244,148303,1.0,Aviso,Aviso,2015-07-17,2017-05-07,colunas,colunas
40244,153319,0.9765625,Aviso,Aviso,2015-07-17,2017-06-16,colunas,colunas
40244,156403,1.0,Aviso,Aviso,2015-07-17,2017-07-09,colunas,colunas
40954,42225,1.0,Confira o comunicador de 'Jornada nas Estrelas' e outras compras tecnológicas,Confira o novo celular Alcatel e outras compras tecnológicas,2015-07-20,2015-07-27,tec,tec
40954,44209,0.953125,Confira o comunicador de 'Jornada nas Estrelas' e outras compras tecnológicas,Veja o alto-falante com 20 horas de bateria e outras compras tecnológicas,2015-07-20,2015-08-06,tec,tec
40954,47657,1.0,Confira o comunicador de 'Jornada nas Estrelas' e outras compras tecnológicas,Confira o roteador 'drone' e outras compras tecnológicas,2015-07-20,2015-08-24,tec,tec
40954,49105,1.0,Confira o comunicador de 'Jornada nas Estrelas' e outras compras tecnológicas,Confira o smartphone com Linux e outras compras tecnológicas,2015-07-20,2015-08-31,tec,tec
40954,54735,0.984375,Confira o comunicador de 'Jornada nas Estrelas' e outras compras tecnológicas,Confira a câmera disfarçada de fonte e outras compras tecnológicas,2015-07-20,2015-09-28,tec,tec
40954,55556,0.9375,Confira o comunicador de 'Jornada nas Estrelas' e outras compras tecnológicas,Confira o 'capacete Metroid' e outras bugigangas tecnológicas,2015-07-20,2015-10-02,tec,tec
40954,55807,0.9375,Confira o comunicador de 'Jornada nas Estrelas' e outras compras tecnológicas,Confira o kit de decoração de unhas tetris e outras bugigangas tecnológicas,2015-07-20,2015-10-03,tec,tec
40954,56751,1.0,Confira o comunicador de 'Jornada nas Estrelas' e outras compras tecnológicas,Confira a lente 'profissional' para smartphone e outras compras,2015-07-20,2015-10-08,tec,tec
40954,68450,0.953125,Confira o comunicador de 'Jornada nas Estrelas' e outras compras tecnológicas,Confira o tablet projetor e outras bugigangas tecnológicas,2015-07-20,2015-12-05,tec,tec
40985,53337,1.0,Aviso,Aviso,2015-07-21,2015-09-22,colunas,colunas
41161,96476,1.0,Aviso,Aviso,2015-07-22,2016-05-18,colunas,colunas
41161,124688,1.0,Aviso,Aviso,2015-07-22,2016-11-05,colunas,colunas
41161,158107,1.0,Aviso,Aviso,2015-07-22,2017-07-25,colunas,colunas
41161,166842,1.0,Aviso,Aviso,2015-07-22,2017-09-30,colunas,colunas
41351,53753,0.9296875,Aviso,Aviso,2015-07-23,2015-09-24,colunas,colunas
41351,71760,0.9296875,Aviso,Aviso,2015-07-23,2015-12-24,colunas,colunas
41351,72614,0.921875,Aviso,Aviso,2015-07-23,2015-12-31,colunas,colunas
41351,72624,0.921875,Aviso,Aviso,2015-07-23,2015-12-31,colunas,colunas
41351,89706,0.9296875,Aviso,Aviso,2015-07-23,2016-04-08,colunas,colunas
41351,97819,0.9453125,Aviso,Aviso,2015-07-23,2016-05-26,colunas,colunas
41351,103910,0.90625,Aviso,Aviso,2015-07-23,2016-07-01,colunas,colunas
41351,103923,0.90625,Aviso,Aviso,2015-07-23,2016-07-01,colunas,colunas
41351,104390,0.90625,Aviso,Aviso,2015-07-23,2016-07-04,colunas,colunas
41351,130920,0.90625,Aviso,Aviso,2015-07-23,2016-12-15,colunas,colunas
41554,46895,0.921875,Aviso,Aviso,2015-07-24,2015-08-21,colunas,colunas
41554,63560,0.8984375,Aviso,Aviso,2015-07-24,2015-11-12,colunas,colunas
41554,150741,0.9453125,Aviso,Aviso,2015-07-24,2017-05-26,colunas,colunas
41554,152785,0.8828125,Aviso,Aviso,2015-07-24,2017-06-10,colunas,colunas
41559,42257,1.0,Aviso,Aviso,2015-07-24,2015-07-28,colunas,colunas
41559,42820,1.0,Aviso,Aviso,2015-07-24,2015-07-31,colunas,colunas
41559,58195,1.0,Aviso,Aviso,2015-07-24,2015-10-16,colunas,colunas
41559,61777,0.9296875,Aviso,Aviso,2015-07-24,2015-11-03,colunas,colunas
41559,102272,0.9765625,Aviso,Aviso,2015-07-24,2016-06-22,colunas,colunas
41559,102674,0.9765625,Aviso,Aviso,2015-07-24,2016-06-24,colunas,colunas
41559,103518,0.9765625,Aviso,Aviso,2015-07-24,2016-06-29,colunas,colunas
41559,103704,0.9765625,Aviso,Aviso,2015-07-24,2016-06-30,colunas,colunas
41559,105885,0.9765625,Aviso,Aviso,2015-07-24,2016-07-13,colunas,colunas
41559,133275,1.0,Aviso,Aviso,2015-07-24,2017-01-04,colunas,colunas
41559,143454,0.9765625,Aviso,Aviso,2015-07-24,2017-03-29,colunas,colunas
41559,148303,1.0,Aviso,Aviso,2015-07-24,2017-05-07,colunas,colunas
41559,153319,0.9765625,Aviso,Aviso,2015-07-24,2017-06-16,colunas,colunas
41559,156403,1.0,Aviso,Aviso,2015-07-24,2017-07-09,colunas,colunas
41959,56129,1.0,"Veja o cartum da série ""Ogro"" na edição deste domingo",Veja o cartum de Rafa Campos da edição deste domingo,2015-07-26,2015-10-05,ilustrissima,ilustrissima
41959,58637,1.0,"Veja o cartum da série ""Ogro"" na edição deste domingo","Veja o cartum da série ""Ogro"" de Rafa Campos",2015-07-26,2015-10-18,ilustrissima,ilustrissima
41959,64230,1.0,"Veja o cartum da série ""Ogro"" na edição deste domingo","Veja o cartum da série ""Ogro"", de Rafa Campos",2015-07-26,2015-11-15,ilustrissima,ilustrissima
42225,44209,0.953125,Confira o novo celular Alcatel e outras compras tecnológicas,Veja o alto-falante com 20 horas de bateria e outras compras tecnológicas,2015-07-27,2015-08-06,tec,tec
42225,47657,1.0,Confira o novo celular Alcatel e outras compras tecnológicas,Confira o roteador 'drone' e outras compras tecnológicas,2015-07-27,2015-08-24,tec,tec
42225,49105,1.0,Confira o novo celular Alcatel e outras compras tecnológicas,Confira o smartphone com Linux e outras compras tecnológicas,2015-07-27,2015-08-31,tec,tec
42225,54735,0.984375,Confira o novo celular Alcatel e outras compras tecnológicas,Confira a câmera disfarçada de fonte e outras compras tecnológicas,2015-07-27,2015-09-28,tec,tec
42225,55556,0.9375,Confira o novo celular Alcatel e outras compras tecnológicas,Confira o 'capacete Metroid' e outras bugigangas tecnológicas,2015-07-27,2015-10-02,tec,tec
42225,55807,0.9375,Confira o novo celular Alcatel e outras compras tecnológicas,Confira o kit de decoração de unhas tetris e outras bugigangas tecnológicas,2015-07-27,2015-10-03,tec,tec
42225,56751,1.0,Confira o novo celular Alcatel e outras compras tecnológicas,Confira a lente 'profissional' para smartphone e outras compras,2015-07-27,2015-10-08,tec,tec
42225,68450,0.953125,Confira o novo celular Alcatel e outras compras tecnológicas,Confira o tablet projetor e outras bugigangas tecnológicas,2015-07-27,2015-12-05,tec,tec
42257,42820,1.0,Aviso,Aviso,2015-07-28,2015-07-31,colunas,colunas
42257,58195,1.0,Aviso,Aviso,2015-07-28,2015-10-16,colunas,colunas
42257,61777,0.9296875,Aviso,Aviso,2015-07-28,2015-11-03,colunas,colunas
42257,102272,0.9765625,Aviso,Aviso,2015-07-28,2016-06-22,colunas,colunas
42257,102674,0.9765625,Aviso,Aviso,2015-07-28,2016-06-24,colunas,colunas
42257,103518,0.9765625,Aviso,Aviso,2015-07-28,2016-06-29,colunas,colunas
42257,103704,0.9765625,Aviso,Aviso,2015-07-28,2016-06-30,colunas,colunas
42257,105885,0.9765625,Aviso,Aviso,2015-07-28,2016-07-13,colunas,colunas
42257,133275,1.0,Aviso,Aviso,2015-07-28,2017-01-04,colunas,colunas
42257,143454,0.9765625,Aviso,Aviso,2015-07-28,2017-03-29,colunas,colunas
42257,148303,1.0,Aviso,Aviso,2015-07-28,2017-05-07,colunas,colunas
42257,153319,0.9765625,Aviso,Aviso,2015-07-28,2017-06-16,colunas,colunas
42257,156403,1.0,Aviso,Aviso,2015-07-28,2017-07-09,colunas,colunas
42498,59198,0.984375,Selic: entenda como a taxa básica de juros influencia a economia brasileira,Selic: entenda como a taxa básica de juros influencia a economia brasileira,2015-07-29,2015-10-21,mercado,mercado
42498,66195,0.984375,Selic: entenda como a taxa básica de juros influencia a economia brasileira,Selic: entenda como a taxa básica de juros influencia a economia brasileira,2015-07-29,2015-11-25,mercado,mercado
42536,108657,0.9609375,"Hillary fez convenção para TV, enquanto Trump mirou Twitter","A convenção de Hillary foi feita para a TV, e a de Trump, para o Twitter",2015-07-29,2016-07-29,mundo,mundo
42609,49860,0.8515625,Aviso,Aviso,2015-07-30,2015-09-04,colunas,colunas
42609,49862,0.8515625,Aviso,Aviso,2015-07-30,2015-09-04,colunas,colunas
42609,57347,1.0,Aviso,Aviso,2015-07-30,2015-10-12,colunas,colunas
42609,66325,1.0,Aviso,Aviso,2015-07-30,2015-11-26,colunas,colunas
42609,102456,1.0,Aviso,Aviso,2015-07-30,2016-06-23,colunas,colunas
42609,106061,1.0,Aviso,Aviso,2015-07-30,2016-07-14,colunas,colunas
42609,122038,1.0,Aviso,Aviso,2015-07-30,2016-10-20,colunas,colunas
42820,58195,1.0,Aviso,Aviso,2015-07-31,2015-10-16,colunas,colunas
42820,61777,0.9296875,Aviso,Aviso,2015-07-31,2015-11-03,colunas,colunas
42820,102272,0.9765625,Aviso,Aviso,2015-07-31,2016-06-22,colunas,colunas
42820,102674,0.9765625,Aviso,Aviso,2015-07-31,2016-06-24,colunas,colunas
42820,103518,0.9765625,Aviso,Aviso,2015-07-31,2016-06-29,colunas,colunas
42820,103704,0.9765625,Aviso,Aviso,2015-07-31,2016-06-30,colunas,colunas
42820,105885,0.9765625,Aviso,Aviso,2015-07-31,2016-07-13,colunas,colunas
42820,133275,1.0,Aviso,Aviso,2015-07-31,2017-01-04,colunas,colunas
42820,143454,0.9765625,Aviso,Aviso,2015-07-31,2017-03-29,colunas,colunas
42820,148303,1.0,Aviso,Aviso,2015-07-31,2017-05-07,colunas,colunas
42820,153319,0.9765625,Aviso,Aviso,2015-07-31,2017-06-16,colunas,colunas
42820,156403,1.0,Aviso,Aviso,2015-07-31,2017-07-09,colunas,colunas
43055,61383,0.9140625,Segunda fase da Unicamp começa no próximo domingo,Segunda fase da Unicamp começa neste domingo,2015-08-01,2015-11-01,educacao,educacao
43251,109219,0.9765625,Vírus da zika é assunto em baile de Carnaval do Copacabana Palace,Vírus da zika é assunto no baile de Carnaval do hotel Copacabana Palace,2015-08-02,2016-08-02,colunas,colunas
43330,43335,0.9375,Primeiros meses do ano têm abundância de estreias de séries; veja,Semestre tem abundância de estreias de séries e temporadas,2015-08-02,2015-08-02,ilustrada,ilustrada
43664,43677,1.0,Aviso,Aviso,2015-08-04,2015-08-04,colunas,colunas
43664,43678,1.0,Aviso,Aviso,2015-08-04,2015-08-04,colunas,colunas
43673,43674,0.890625,Erramos: Dilma define nos próximos dias áreas do pós-sal que vão a leilão neste ano,Erramos: Dilma define nos próximos dias áreas do pós-sal que vão a leilão neste ano,2015-08-04,2015-08-04,colunas,colunas
43677,43678,1.0,Aviso,Aviso,2015-08-04,2015-08-04,colunas,colunas
44209,47657,0.953125,Veja o alto-falante com 20 horas de bateria e outras compras tecnológicas,Confira o roteador 'drone' e outras compras tecnológicas,2015-08-06,2015-08-24,tec,tec
44209,49105,0.953125,Veja o alto-falante com 20 horas de bateria e outras compras tecnológicas,Confira o smartphone com Linux e outras compras tecnológicas,2015-08-06,2015-08-31,tec,tec
44209,54735,0.9375,Veja o alto-falante com 20 horas de bateria e outras compras tecnológicas,Confira a câmera disfarçada de fonte e outras compras tecnológicas,2015-08-06,2015-09-28,tec,tec
44209,55556,0.984375,Veja o alto-falante com 20 horas de bateria e outras compras tecnológicas,Confira o 'capacete Metroid' e outras bugigangas tecnológicas,2015-08-06,2015-10-02,tec,tec
44209,55807,0.984375,Veja o alto-falante com 20 horas de bateria e outras compras tecnológicas,Confira o kit de decoração de unhas tetris e outras bugigangas tecnológicas,2015-08-06,2015-10-03,tec,tec
44209,56751,0.953125,Veja o alto-falante com 20 horas de bateria e outras compras tecnológicas,Confira a lente 'profissional' para smartphone e outras compras,2015-08-06,2015-10-08,tec,tec
44209,68450,1.0,Veja o alto-falante com 20 horas de bateria e outras compras tecnológicas,Confira o tablet projetor e outras bugigangas tecnológicas,2015-08-06,2015-12-05,tec,tec
44554,81628,1.0,Aviso,Aviso,2015-08-09,2016-02-23,colunas,colunas
44569,44570,1.0,"Em reviravolta, STF pode não aprovar descriminalização das drogas",STF se divide e descriminalização das drogas pode ser derrotada,2015-08-09,2015-08-09,colunas,colunas
45025,48784,1.0,O abaixo-assinado do pintinho no cartum desta semana,"Veja ""O Pintinho"" na edição deste domingo",2015-08-11,2015-08-30,ilustrissima,ilustrissima
45025,54444,1.0,O abaixo-assinado do pintinho no cartum desta semana,"Veja ""O Pintinho"" na edição deste domingo",2015-08-11,2015-09-27,ilustrissima,ilustrissima
45025,68758,0.8515625,O abaixo-assinado do pintinho no cartum desta semana,"Veja ""O Pintinho"" na edição deste domingo",2015-08-11,2015-12-07,ilustrissima,ilustrissima
45099,65610,0.8984375,Veja os participantes do fórum Infraestrutura de Transporte,Fórum debate negócios em infraestrutura no Brasil,2015-08-11,2015-11-22,seminariosfolha,mercado
45120,45121,1.0,Ueba! O Temer é bom de esposa!,Ueba! O Temer é bom de esposa!,2015-08-12,2015-08-12,colunas,colunas
45204,51484,0.984375,Consulta à restituição do Imposto de Renda começa nesta quarta-feira,Receita libera consulta ao último lote do Imposto de Renda 2015,2015-08-12,2015-09-12,mercado,mercado
45276,45309,1.0,Reinaldo Azevedo: Carta de Temer mostra grau de deterioração nunca visto,Reinaldo Azevedo: Carta de Temer mostra grau de deterioração nunca visto,2015-08-12,2015-08-12,poder,tv
45279,45294,0.9765625,"Com aval de Dilma, Casa Civil procura Temer e propõe encontro","Após carta, Dilma e Temer marcam reunião para esta quarta-feira",2015-08-12,2015-08-12,poder,poder
45732,68887,1.0,Maioridade penal é tema de debate da Folha e do Cebrap,Maioridade penal é tema de debate da Folha e do Cebrap,2015-08-15,2015-12-08,cotidiano,cotidiano
45951,81351,1.0,Veja cartum de Bruno Maron na edição deste domingo,Veja o cartum de Bruno Maron na edição deste domingo,2015-08-16,2016-02-21,ilustrissima,ilustrissima
46057,46058,1.0,Manifestação contra Dilma toma rua em Belo Horizonte,Veja imagens dos protestos anti-Dilma em São Paulo,2015-08-16,2015-08-16,tv,tv
46567,46568,1.0,"Sem conseguir formar novo governo, premiê da Turquia entrega o cargo","Sem conseguir formar governo, premiê turco entrega o cargo",2015-08-19,2015-08-19,mundo,mundo
46679,103917,0.8828125,Aviso,Aviso,2015-08-20,2016-07-01,colunas,colunas
46679,131859,0.9140625,Aviso,Aviso,2015-08-20,2016-12-22,colunas,colunas
46895,70755,0.890625,Aviso,Aviso,2015-08-21,2015-12-18,colunas,colunas
46895,150741,0.9453125,Aviso,Aviso,2015-08-21,2017-05-26,colunas,colunas
46895,160130,0.9140625,Aviso,Aviso,2015-08-21,2017-08-09,colunas,colunas
47657,49105,1.0,Confira o roteador 'drone' e outras compras tecnológicas,Confira o smartphone com Linux e outras compras tecnológicas,2015-08-24,2015-08-31,tec,tec
47657,54735,0.984375,Confira o roteador 'drone' e outras compras tecnológicas,Confira a câmera disfarçada de fonte e outras compras tecnológicas,2015-08-24,2015-09-28,tec,tec
47657,55556,0.9375,Confira o roteador 'drone' e outras compras tecnológicas,Confira o 'capacete Metroid' e outras bugigangas tecnológicas,2015-08-24,2015-10-02,tec,tec
47657,55807,0.9375,Confira o roteador 'drone' e outras compras tecnológicas,Confira o kit de decoração de unhas tetris e outras bugigangas tecnológicas,2015-08-24,2015-10-03,tec,tec
47657,56751,1.0,Confira o roteador 'drone' e outras compras tecnológicas,Confira a lente 'profissional' para smartphone e outras compras,2015-08-24,2015-10-08,tec,tec
47657,68450,0.953125,Confira o roteador 'drone' e outras compras tecnológicas,Confira o tablet projetor e outras bugigangas tecnológicas,2015-08-24,2015-12-05,tec,tec
48011,48012,0.9375,Atirador gravou ataque contra jornalistas e publicou vídeo no Twitter,Suspeito de atacar jornalistas morre em hospital nos EUA,2015-08-26,2015-08-26,mundo,mundo
48097,48098,1.0,Gestora de fundos investe R$ 250 mi em condomínio logístico em MG,Gestora de fundos investe R$ 250 mi em condomínio logístico em MG,2015-08-27,2015-08-27,colunas,colunas
48104,48261,1.0,"Desnorteado, Planalto semeia o próprio desgaste","Desnorteado, Planalto semeia o próprio desgaste",2015-08-27,2015-08-27,colunas,poder
48398,73653,1.0,Entenda o que é o PIB e como é feito o cálculo,Entenda o que é o PIB e como é feito o cálculo,2015-08-28,2016-01-06,mercado,mercado
48784,54444,1.0,"Veja ""O Pintinho"" na edição deste domingo","Veja ""O Pintinho"" na edição deste domingo",2015-08-30,2015-09-27,ilustrissima,ilustrissima
48784,68758,0.8515625,"Veja ""O Pintinho"" na edição deste domingo","Veja ""O Pintinho"" na edição deste domingo",2015-08-30,2015-12-07,ilustrissima,ilustrissima
49105,54735,0.984375,Confira o smartphone com Linux e outras compras tecnológicas,Confira a câmera disfarçada de fonte e outras compras tecnológicas,2015-08-31,2015-09-28,tec,tec
49105,55556,0.9375,Confira o smartphone com Linux e outras compras tecnológicas,Confira o 'capacete Metroid' e outras bugigangas tecnológicas,2015-08-31,2015-10-02,tec,tec
49105,55807,0.9375,Confira o smartphone com Linux e outras compras tecnológicas,Confira o kit de decoração de unhas tetris e outras bugigangas tecnológicas,2015-08-31,2015-10-03,tec,tec
49105,56751,1.0,Confira o smartphone com Linux e outras compras tecnológicas,Confira a lente 'profissional' para smartphone e outras compras,2015-08-31,2015-10-08,tec,tec
49105,68450,0.953125,Confira o smartphone com Linux e outras compras tecnológicas,Confira o tablet projetor e outras bugigangas tecnológicas,2015-08-31,2015-12-05,tec,tec
49184,55194,0.8671875,Maioria dos detidos em ato contra aumento da tarifa de ônibus em SP é liberada,Manifestantes protestam no ABC contra aumento da tarifa de ônibus,2015-09-01,2015-10-01,cotidiano,cotidiano
49405,55345,0.8828125,"Amor se apagou instantaneamente, diz mulher que filmou noivo agredindo cães",Homem flagrado por noiva agredindo cães deve depor nesta terça-feira,2015-09-02,2015-10-02,cotidiano,cotidiano
49718,82317,0.8984375,Veja passo a passo para preencher declaração do Imposto de Renda 2015,Veja passo a passo para preencher a declaração do Imposto de Renda 2016,2015-09-03,2016-02-26,mercado,mercado
49783,51350,0.90625,Confira a agenda desta semana,Confira a agenda desta semana,2015-09-03,2015-09-11,poder,poder
49787,49788,1.0,Frederico Vasconcelos: Entidade de procuradores apoia Janot,Frederico Vasconcelos: Entidade de procuradores apoia Janot,2015-09-03,2015-09-03,poder,poder
49860,49862,1.0,Aviso,Aviso,2015-09-04,2015-09-04,colunas,colunas
49860,57347,0.8515625,Aviso,Aviso,2015-09-04,2015-10-12,colunas,colunas
49860,66325,0.8515625,Aviso,Aviso,2015-09-04,2015-11-26,colunas,colunas
49860,102456,0.8515625,Aviso,Aviso,2015-09-04,2016-06-23,colunas,colunas
49860,106061,0.8515625,Aviso,Aviso,2015-09-04,2016-07-14,colunas,colunas
49860,122038,0.8515625,Aviso,Aviso,2015-09-04,2016-10-20,colunas,colunas
49862,57347,0.8515625,Aviso,Aviso,2015-09-04,2015-10-12,colunas,colunas
49862,66325,0.8515625,Aviso,Aviso,2015-09-04,2015-11-26,colunas,colunas
49862,102456,0.8515625,Aviso,Aviso,2015-09-04,2016-06-23,colunas,colunas
49862,106061,0.8515625,Aviso,Aviso,2015-09-04,2016-07-14,colunas,colunas
49862,122038,0.8515625,Aviso,Aviso,2015-09-04,2016-10-20,colunas,colunas
50223,51994,0.8984375,Aviso de férias,Aviso,2015-09-06,2015-09-15,colunas,colunas
50223,54332,0.9609375,Aviso de férias,Aviso,2015-09-06,2015-09-27,colunas,colunas
50223,54967,0.9609375,Aviso de férias,Aviso,2015-09-06,2015-09-30,colunas,colunas
50223,56447,1.0,Aviso de férias,Aviso,2015-09-06,2015-10-07,colunas,colunas
50223,63160,1.0,Aviso de férias,Aviso,2015-09-06,2015-11-10,colunas,colunas
50223,69200,1.0,Aviso de férias,Aviso,2015-09-06,2015-12-10,colunas,colunas
50223,70745,0.9609375,Aviso de férias,Aviso,2015-09-06,2015-12-18,colunas,colunas
50223,72613,1.0,Aviso de férias,Aviso,2015-09-06,2015-12-31,colunas,colunas
50223,72741,0.8984375,Aviso de férias,Aviso,2015-09-06,2016-01-01,colunas,colunas
50223,75798,0.8984375,Aviso de férias,Aviso,2015-09-06,2016-01-19,colunas,colunas
50223,77981,0.859375,Aviso de férias,Aviso,2015-09-06,2016-02-01,colunas,colunas
50223,93729,0.8984375,Aviso de férias,Aviso,2015-09-06,2016-05-01,colunas,colunas
50223,107483,0.9609375,Aviso de férias,Aviso,2015-09-06,2016-07-23,colunas,colunas
50223,114436,0.859375,Aviso de férias,Aviso,2015-09-06,2016-09-01,colunas,colunas
50223,116281,0.859375,Aviso de férias,Aviso,2015-09-06,2016-09-13,colunas,colunas
50223,117588,1.0,Aviso de férias,Aviso,2015-09-06,2016-09-21,colunas,colunas
50223,121712,1.0,Aviso de férias,AVISO,2015-09-06,2016-10-18,colunas,colunas
50223,128648,0.8984375,Aviso de férias,Aviso,2015-09-06,2016-12-01,colunas,colunas
50223,136632,0.9609375,Aviso de férias,Aviso,2015-09-06,2017-02-01,colunas,colunas
50223,138513,0.8984375,Aviso de férias,Aviso,2015-09-06,2017-02-17,colunas,colunas
50223,139896,0.8984375,Aviso de férias,Aviso,2015-09-06,2017-02-28,colunas,colunas
50223,147463,0.859375,Aviso de férias,Aviso,2015-09-06,2017-05-01,colunas,colunas
50223,148281,0.859375,Aviso de férias,Aviso,2015-09-06,2017-05-07,colunas,colunas
50223,155215,0.8984375,Aviso de férias,Aviso,2015-09-06,2017-06-30,colunas,colunas
50223,155558,0.8984375,Aviso de férias,Aviso,2015-09-06,2017-07-03,colunas,colunas
50223,156146,0.8984375,Aviso de férias,Aviso,2015-09-06,2017-07-07,colunas,colunas
50223,156779,0.8984375,Aviso de férias,Aviso,2015-09-06,2017-07-14,colunas,colunas
50223,157095,1.0,Aviso de férias,Aviso de férias,2015-09-06,2017-07-17,colunas,colunas
50223,157634,0.8984375,Aviso de férias,Aviso de férias,2015-09-06,2017-07-21,colunas,colunas
50223,157638,0.8984375,Aviso de férias,Aviso,2015-09-06,2017-07-21,colunas,colunas
50223,157840,1.0,Aviso de férias,Aviso de férias,2015-09-06,2017-07-23,colunas,colunas
50223,158955,1.0,Aviso de férias,Aviso de férias,2015-09-06,2017-07-31,colunas,colunas
50223,163843,1.0,Aviso de férias,Aviso de férias,2015-09-06,2017-09-07,colunas,colunas
50223,164893,1.0,Aviso de férias,Aviso,2015-09-06,2017-09-17,colunas,colunas
51043,57601,0.953125,Inscrição para o vestibular da Unesp termina na próxima terça,Inscrição para o vestibular da Unesp termina nesta terça,2015-09-10,2015-10-13,educacao,educacao
51302,57240,0.984375,Receita abre nesta terça consulta ao 6º lote do Imposto de Renda 2015,Receita abre nesta terça consulta ao 6º lote do Imposto de Renda 2015,2015-09-11,2015-10-11,mercado,mercado
51318,51384,1.0,"Mesada e cofrinho educam os filhos em tempos de crise, diz especialista","Mesada e cofrinho educam os filhos em tempos de crise, diz especialista",2015-09-11,2015-09-11,mercado,tv
51376,51973,1.0,Conheça o teclado para viciados em emojis e outras compras tecnológicas,Câmera digital resgata elementos da Polaroid; veja outras compras,2015-09-11,2015-09-14,tec,tec
51376,53308,1.0,Conheça o teclado para viciados em emojis e outras compras tecnológicas,HD externo protege contra fogo e água; veja outras compras tecnológicas,2015-09-11,2015-09-21,tec,tec
51376,58899,1.0,Conheça o teclado para viciados em emojis e outras compras tecnológicas,Confira o kit de lentes para celulares e outras bugigangas tecnológicas,2015-09-11,2015-10-19,tec,tec
51376,60308,1.0,Conheça o teclado para viciados em emojis e outras compras tecnológicas,Confira a camisinha Netflix e outras bugigangas tecnológicas,2015-09-11,2015-10-26,tec,tec
51376,64538,1.0,Conheça o teclado para viciados em emojis e outras compras tecnológicas,Veja a pulseira fitness baratinha e outras compras tecnológicas,2015-09-11,2015-11-16,tec,tec
51376,65872,1.0,Conheça o teclado para viciados em emojis e outras compras tecnológicas,Veja novo smartphone para crianças e outras compras tecnológicas,2015-09-11,2015-11-23,tec,tec
51376,67329,1.0,Conheça o teclado para viciados em emojis e outras compras tecnológicas,Veja a meia conectada para monitorar bebês e outras compras tecnológicas,2015-09-11,2015-11-30,tec,tec
51376,69331,1.0,Conheça o teclado para viciados em emojis e outras compras tecnológicas,Confira as máscaras de emoji e outras bugigangas tecnológicas,2015-09-11,2015-12-10,tec,tec
51376,70090,1.0,Conheça o teclado para viciados em emojis e outras compras tecnológicas,Veja enfeite em formato de emoji para a árvore de Natal e outros produtos,2015-09-11,2015-12-14,tec,tec
51376,71433,1.0,Conheça o teclado para viciados em emojis e outras compras tecnológicas,Veja a almofada para fãs de WhatsApp e outras compras tecnológicas,2015-09-11,2015-12-21,tec,tec
51376,72301,1.0,Conheça o teclado para viciados em emojis e outras compras tecnológicas,Confira um teclado dobrável e outras bugigangas tecnológicas,2015-09-11,2015-12-28,tec,tec
51376,73016,1.0,Conheça o teclado para viciados em emojis e outras compras tecnológicas,Veja o controle remoto com cara de smartphone e outros gadgets,2015-09-11,2016-01-02,tec,tec
51376,75776,1.0,Conheça o teclado para viciados em emojis e outras compras tecnológicas,Veja as telas adicionais para notebook e outras compras tecnológicas,2015-09-11,2016-01-18,tec,tec
51376,76909,1.0,Conheça o teclado para viciados em emojis e outras compras tecnológicas,Veja um skate com caixas de som e outras compras tecnológicas,2015-09-11,2016-01-25,tec,tec
51376,80320,1.0,Conheça o teclado para viciados em emojis e outras compras tecnológicas,Veja um roteador portátil útil para viajantes e outros produtos,2015-09-11,2016-02-15,tec,tec
51376,82972,1.0,Conheça o teclado para viciados em emojis e outras compras tecnológicas,Confira um 'mouse ambidestro' e outras compras tecnológicas,2015-09-11,2016-02-29,tec,tec
51376,85242,1.0,Conheça o teclado para viciados em emojis e outras compras tecnológicas,Veja um smartphone com tela 4K e outros produtos tecnológicos,2015-09-11,2016-03-14,tec,tec
51376,87836,1.0,Conheça o teclado para viciados em emojis e outras compras tecnológicas,Veja um carregador sem fio para o iPhone e outras compras tecnológicas,2015-09-11,2016-03-28,tec,tec
51376,88613,1.0,Conheça o teclado para viciados em emojis e outras compras tecnológicas,Veja um gramofone para conectar ao celular e outras compras tecnológicas,2015-09-11,2016-04-01,tec,tec
51376,104379,1.0,Conheça o teclado para viciados em emojis e outras compras tecnológicas,Veja o contador de seguidores de redes sociais e outras compras tecnológicas,2015-09-11,2016-07-03,tec,tec
51376,124130,1.0,Conheça o teclado para viciados em emojis e outras compras tecnológicas,Confira o petisco wi-fi para cachorros e outras compras tecnológicas,2015-09-11,2016-11-01,tec,tec
51376,124680,1.0,Conheça o teclado para viciados em emojis e outras compras tecnológicas,Veja um sensor de movimentos para TV e outras compras tecnológicas,2015-09-11,2016-11-04,tec,tec
51592,51603,1.0,"Processo penal contra ricos é um faz de conta, diz procurador da Lava Jato","Processo penal contra ricos é um faz de conta, diz procurador da Lava Jato",2015-09-12,2015-09-12,poder,tv
51602,63644,0.9921875,Vender segundo carro pode aliviar as finanças no início da vida a dois; confira dicas,Vender segundo carro pode aliviar as finanças no início da vida a dois; confira dicas,2015-09-12,2015-11-12,tv,mercado
51878,53204,0.8515625,Participante registra ganho de 403% no simulador do mercado de ações,"Carteira do líder do simulador de ações alcança valorização de 410,4%",2015-09-14,2015-09-21,mercado,mercado
51893,51977,0.9296875,Carro autônomo do Google estimula onda de contratações em montadoras,Carro sem motorista do Google estimula contratações nas montadoras,2015-09-14,2015-09-14,mercado,tec
51968,52159,0.90625,Teori e PGR discordam sobre se provas contra Gleisi fazem parte de Lava Jato,Lewandowski não admite recurso para manter provas contra Gleisi com Teori,2015-09-14,2015-09-15,poder,poder
51973,53308,1.0,Câmera digital resgata elementos da Polaroid; veja outras compras,HD externo protege contra fogo e água; veja outras compras tecnológicas,2015-09-14,2015-09-21,tec,tec
51973,58899,1.0,Câmera digital resgata elementos da Polaroid; veja outras compras,Confira o kit de lentes para celulares e outras bugigangas tecnológicas,2015-09-14,2015-10-19,tec,tec
51973,60308,1.0,Câmera digital resgata elementos da Polaroid; veja outras compras,Confira a camisinha Netflix e outras bugigangas tecnológicas,2015-09-14,2015-10-26,tec,tec
51973,64538,1.0,Câmera digital resgata elementos da Polaroid; veja outras compras,Veja a pulseira fitness baratinha e outras compras tecnológicas,2015-09-14,2015-11-16,tec,tec
51973,65872,1.0,Câmera digital resgata elementos da Polaroid; veja outras compras,Veja novo smartphone para crianças e outras compras tecnológicas,2015-09-14,2015-11-23,tec,tec
51973,67329,1.0,Câmera digital resgata elementos da Polaroid; veja outras compras,Veja a meia conectada para monitorar bebês e outras compras tecnológicas,2015-09-14,2015-11-30,tec,tec
51973,69331,1.0,Câmera digital resgata elementos da Polaroid; veja outras compras,Confira as máscaras de emoji e outras bugigangas tecnológicas,2015-09-14,2015-12-10,tec,tec
51973,70090,1.0,Câmera digital resgata elementos da Polaroid; veja outras compras,Veja enfeite em formato de emoji para a árvore de Natal e outros produtos,2015-09-14,2015-12-14,tec,tec
51973,71433,1.0,Câmera digital resgata elementos da Polaroid; veja outras compras,Veja a almofada para fãs de WhatsApp e outras compras tecnológicas,2015-09-14,2015-12-21,tec,tec
51973,72301,1.0,Câmera digital resgata elementos da Polaroid; veja outras compras,Confira um teclado dobrável e outras bugigangas tecnológicas,2015-09-14,2015-12-28,tec,tec
51973,73016,1.0,Câmera digital resgata elementos da Polaroid; veja outras compras,Veja o controle remoto com cara de smartphone e outros gadgets,2015-09-14,2016-01-02,tec,tec
51973,75776,1.0,Câmera digital resgata elementos da Polaroid; veja outras compras,Veja as telas adicionais para notebook e outras compras tecnológicas,2015-09-14,2016-01-18,tec,tec
51973,76909,1.0,Câmera digital resgata elementos da Polaroid; veja outras compras,Veja um skate com caixas de som e outras compras tecnológicas,2015-09-14,2016-01-25,tec,tec
51973,80320,1.0,Câmera digital resgata elementos da Polaroid; veja outras compras,Veja um roteador portátil útil para viajantes e outros produtos,2015-09-14,2016-02-15,tec,tec
51973,82972,1.0,Câmera digital resgata elementos da Polaroid; veja outras compras,Confira um 'mouse ambidestro' e outras compras tecnológicas,2015-09-14,2016-02-29,tec,tec
51973,85242,1.0,Câmera digital resgata elementos da Polaroid; veja outras compras,Veja um smartphone com tela 4K e outros produtos tecnológicos,2015-09-14,2016-03-14,tec,tec
51973,87836,1.0,Câmera digital resgata elementos da Polaroid; veja outras compras,Veja um carregador sem fio para o iPhone e outras compras tecnológicas,2015-09-14,2016-03-28,tec,tec
51973,88613,1.0,Câmera digital resgata elementos da Polaroid; veja outras compras,Veja um gramofone para conectar ao celular e outras compras tecnológicas,2015-09-14,2016-04-01,tec,tec
51973,104379,1.0,Câmera digital resgata elementos da Polaroid; veja outras compras,Veja o contador de seguidores de redes sociais e outras compras tecnológicas,2015-09-14,2016-07-03,tec,tec
51973,124130,1.0,Câmera digital resgata elementos da Polaroid; veja outras compras,Confira o petisco wi-fi para cachorros e outras compras tecnológicas,2015-09-14,2016-11-01,tec,tec
51973,124680,1.0,Câmera digital resgata elementos da Polaroid; veja outras compras,Veja um sensor de movimentos para TV e outras compras tecnológicas,2015-09-14,2016-11-04,tec,tec
51994,54332,0.859375,Aviso,Aviso,2015-09-15,2015-09-27,colunas,colunas
51994,54967,0.859375,Aviso,Aviso,2015-09-15,2015-09-30,colunas,colunas
51994,56447,0.8984375,Aviso,Aviso,2015-09-15,2015-10-07,colunas,colunas
51994,63160,0.8984375,Aviso,Aviso,2015-09-15,2015-11-10,colunas,colunas
51994,69200,0.8984375,Aviso,Aviso,2015-09-15,2015-12-10,colunas,colunas
51994,70745,0.859375,Aviso,Aviso,2015-09-15,2015-12-18,colunas,colunas
51994,72613,0.8984375,Aviso,Aviso,2015-09-15,2015-12-31,colunas,colunas
51994,72741,1.0,Aviso,Aviso,2015-09-15,2016-01-01,colunas,colunas
51994,75798,1.0,Aviso,Aviso,2015-09-15,2016-01-19,colunas,colunas
51994,77981,0.9609375,Aviso,Aviso,2015-09-15,2016-02-01,colunas,colunas
51994,93729,1.0,Aviso,Aviso,2015-09-15,2016-05-01,colunas,colunas
51994,107483,0.859375,Aviso,Aviso,2015-09-15,2016-07-23,colunas,colunas
51994,114436,0.9609375,Aviso,Aviso,2015-09-15,2016-09-01,colunas,colunas
51994,116281,0.9609375,Aviso,Aviso,2015-09-15,2016-09-13,colunas,colunas
51994,117588,0.8984375,Aviso,Aviso,2015-09-15,2016-09-21,colunas,colunas
51994,121712,0.8984375,Aviso,AVISO,2015-09-15,2016-10-18,colunas,colunas
51994,128648,1.0,Aviso,Aviso,2015-09-15,2016-12-01,colunas,colunas
51994,136632,0.859375,Aviso,Aviso,2015-09-15,2017-02-01,colunas,colunas
51994,138513,1.0,Aviso,Aviso,2015-09-15,2017-02-17,colunas,colunas
51994,139896,1.0,Aviso,Aviso,2015-09-15,2017-02-28,colunas,colunas
51994,147463,0.9609375,Aviso,Aviso,2015-09-15,2017-05-01,colunas,colunas
51994,148281,0.9609375,Aviso,Aviso,2015-09-15,2017-05-07,colunas,colunas
51994,155215,1.0,Aviso,Aviso,2015-09-15,2017-06-30,colunas,colunas
51994,155558,1.0,Aviso,Aviso,2015-09-15,2017-07-03,colunas,colunas
51994,156146,1.0,Aviso,Aviso,2015-09-15,2017-07-07,colunas,colunas
51994,156779,1.0,Aviso,Aviso,2015-09-15,2017-07-14,colunas,colunas
51994,157095,0.8984375,Aviso,Aviso de férias,2015-09-15,2017-07-17,colunas,colunas
51994,157634,1.0,Aviso,Aviso de férias,2015-09-15,2017-07-21,colunas,colunas
51994,157638,1.0,Aviso,Aviso,2015-09-15,2017-07-21,colunas,colunas
51994,157840,0.8984375,Aviso,Aviso de férias,2015-09-15,2017-07-23,colunas,colunas
51994,158955,0.8984375,Aviso,Aviso de férias,2015-09-15,2017-07-31,colunas,colunas
51994,163843,0.8984375,Aviso,Aviso de férias,2015-09-15,2017-09-07,colunas,colunas
51994,164893,0.8984375,Aviso,Aviso,2015-09-15,2017-09-17,colunas,colunas
52088,52276,0.9609375,"Se não segurar dívida, Brasil vai a colapso, diz ex-diretor do BC","Se não segurar dívida, Brasil vai a colapso, diz ex-diretor do BC",2015-09-15,2015-09-16,mercado,mercado
52223,52233,0.953125,MEC define que 60% do currículo para educação básica nacional será comum,MEC lança proposta que define 60% do currículo da educação básica nacional,2015-09-16,2015-09-16,cotidiano,educacao
52769,52770,0.9140625,Teatro acessível é um dos destaques da semana no 'Guia Folha'; assista,Vídeo acessível: Teatro é um dos destaques do 'Guia Folha',2015-09-18,2015-09-18,tv,tv
53204,54640,0.9140625,"Carteira do líder do simulador de ações alcança valorização de 410,4%","Ganho da carteira do líder do simulador de ações cai para 404,9%",2015-09-21,2015-09-28,mercado,mercado
53308,58899,1.0,HD externo protege contra fogo e água; veja outras compras tecnológicas,Confira o kit de lentes para celulares e outras bugigangas tecnológicas,2015-09-21,2015-10-19,tec,tec
53308,60308,1.0,HD externo protege contra fogo e água; veja outras compras tecnológicas,Confira a camisinha Netflix e outras bugigangas tecnológicas,2015-09-21,2015-10-26,tec,tec
53308,64538,1.0,HD externo protege contra fogo e água; veja outras compras tecnológicas,Veja a pulseira fitness baratinha e outras compras tecnológicas,2015-09-21,2015-11-16,tec,tec
53308,65872,1.0,HD externo protege contra fogo e água; veja outras compras tecnológicas,Veja novo smartphone para crianças e outras compras tecnológicas,2015-09-21,2015-11-23,tec,tec
53308,67329,1.0,HD externo protege contra fogo e água; veja outras compras tecnológicas,Veja a meia conectada para monitorar bebês e outras compras tecnológicas,2015-09-21,2015-11-30,tec,tec
53308,69331,1.0,HD externo protege contra fogo e água; veja outras compras tecnológicas,Confira as máscaras de emoji e outras bugigangas tecnológicas,2015-09-21,2015-12-10,tec,tec
53308,70090,1.0,HD externo protege contra fogo e água; veja outras compras tecnológicas,Veja enfeite em formato de emoji para a árvore de Natal e outros produtos,2015-09-21,2015-12-14,tec,tec
53308,71433,1.0,HD externo protege contra fogo e água; veja outras compras tecnológicas,Veja a almofada para fãs de WhatsApp e outras compras tecnológicas,2015-09-21,2015-12-21,tec,tec
53308,72301,1.0,HD externo protege contra fogo e água; veja outras compras tecnológicas,Confira um teclado dobrável e outras bugigangas tecnológicas,2015-09-21,2015-12-28,tec,tec
53308,73016,1.0,HD externo protege contra fogo e água; veja outras compras tecnológicas,Veja o controle remoto com cara de smartphone e outros gadgets,2015-09-21,2016-01-02,tec,tec
53308,75776,1.0,HD externo protege contra fogo e água; veja outras compras tecnológicas,Veja as telas adicionais para notebook e outras compras tecnológicas,2015-09-21,2016-01-18,tec,tec
53308,76909,1.0,HD externo protege contra fogo e água; veja outras compras tecnológicas,Veja um skate com caixas de som e outras compras tecnológicas,2015-09-21,2016-01-25,tec,tec
53308,80320,1.0,HD externo protege contra fogo e água; veja outras compras tecnológicas,Veja um roteador portátil útil para viajantes e outros produtos,2015-09-21,2016-02-15,tec,tec
53308,82972,1.0,HD externo protege contra fogo e água; veja outras compras tecnológicas,Confira um 'mouse ambidestro' e outras compras tecnológicas,2015-09-21,2016-02-29,tec,tec
53308,85242,1.0,HD externo protege contra fogo e água; veja outras compras tecnológicas,Veja um smartphone com tela 4K e outros produtos tecnológicos,2015-09-21,2016-03-14,tec,tec
53308,87836,1.0,HD externo protege contra fogo e água; veja outras compras tecnológicas,Veja um carregador sem fio para o iPhone e outras compras tecnológicas,2015-09-21,2016-03-28,tec,tec
53308,88613,1.0,HD externo protege contra fogo e água; veja outras compras tecnológicas,Veja um gramofone para conectar ao celular e outras compras tecnológicas,2015-09-21,2016-04-01,tec,tec
53308,104379,1.0,HD externo protege contra fogo e água; veja outras compras tecnológicas,Veja o contador de seguidores de redes sociais e outras compras tecnológicas,2015-09-21,2016-07-03,tec,tec
53308,124130,1.0,HD externo protege contra fogo e água; veja outras compras tecnológicas,Confira o petisco wi-fi para cachorros e outras compras tecnológicas,2015-09-21,2016-11-01,tec,tec
53308,124680,1.0,HD externo protege contra fogo e água; veja outras compras tecnológicas,Veja um sensor de movimentos para TV e outras compras tecnológicas,2015-09-21,2016-11-04,tec,tec
53311,53313,1.0,"Apenas reduzir desmate é irrelevante contra aquecimento, diz especialista","Para especialista, redução do desmate é irrelevante contra aquecimento",2015-09-21,2015-09-21,tv,tv
53549,54188,1.0,Política de drogas é tema de debate da Folha e do Cebrap,Política de drogas é tema de debate da Folha e do Cebrap,2015-09-23,2015-09-26,cotidiano,cotidiano
53549,54356,0.984375,Política de drogas é tema de debate da Folha e do Cebrap,Política de drogas é tema de debate da Folha e do Cebrap,2015-09-23,2015-09-27,cotidiano,cotidiano
53715,53716,1.0,Site diz que selfies já mataram mais que tubarões em 2015,Site diz que selfies já mataram mais que tubarões em 2015,2015-09-23,2015-09-23,tec,tec
53753,60795,0.9140625,Aviso,Aviso,2015-09-24,2015-10-29,colunas,colunas
53753,71760,1.0,Aviso,Aviso,2015-09-24,2015-12-24,colunas,colunas
53753,72614,0.9140625,Aviso,Aviso,2015-09-24,2015-12-31,colunas,colunas
53753,72624,0.9140625,Aviso,Aviso,2015-09-24,2015-12-31,colunas,colunas
53753,89706,0.9296875,Aviso,Aviso,2015-09-24,2016-04-08,colunas,colunas
53753,97819,0.9453125,Aviso,Aviso,2015-09-24,2016-05-26,colunas,colunas
53753,103910,0.90625,Aviso,Aviso,2015-09-24,2016-07-01,colunas,colunas
53753,103923,0.90625,Aviso,Aviso,2015-09-24,2016-07-01,colunas,colunas
53753,104390,0.90625,Aviso,Aviso,2015-09-24,2016-07-04,colunas,colunas
53753,130920,0.90625,Aviso,Aviso,2015-09-24,2016-12-15,colunas,colunas
53872,60463,0.8671875,Fazenda paulista cobra R$ 507 milhões de IPVA de 611 mil donos de veículos,"Fazenda de SP cobra R$ 273 milhões de IPVA de 327,6 mil donos de veículos",2015-09-24,2015-10-27,mercado,mercado
53872,66002,0.8671875,Fazenda paulista cobra R$ 507 milhões de IPVA de 611 mil donos de veículos,Fazenda cobra R$ 255 milhões de IPVA de 305 mil donos de veículos em SP,2015-09-24,2015-11-24,mercado,mercado
53977,54546,0.9765625,Especialista em mudança climática faz palestra na Folha na terça-feira,Especialista em mudança climática dá palestra na Folha nesta terça,2015-09-25,2015-09-28,ambiente,ambiente
53997,72746,1.0,Aviso,Aviso,2015-09-25,2016-01-01,colunas,colunas
53997,75202,1.0,Aviso,Aviso,2015-09-25,2016-01-15,colunas,colunas
53997,80949,1.0,Aviso,Aviso,2015-09-25,2016-02-19,colunas,colunas
53997,97954,1.0,Aviso,Aviso,2015-09-25,2016-05-27,colunas,colunas
53997,109049,1.0,Aviso,Aviso,2015-09-25,2016-08-01,colunas,colunas
54188,54356,0.984375,Política de drogas é tema de debate da Folha e do Cebrap,Política de drogas é tema de debate da Folha e do Cebrap,2015-09-26,2015-09-27,cotidiano,cotidiano
54283,54284,1.0,"Alemanha planeja dar visto de três anos a refugiados sírios, diz revista","Alemanha planeja dar visto de 3 anos a refugiados sírios, segundo revista",2015-09-26,2015-09-26,mundo,mundo
54283,54285,1.0,"Alemanha planeja dar visto de três anos a refugiados sírios, diz revista","Alemanha planeja dar visto de três anos a refugiados sírios, diz revista",2015-09-26,2015-09-26,mundo,mundo
54284,54285,1.0,"Alemanha planeja dar visto de 3 anos a refugiados sírios, segundo revista","Alemanha planeja dar visto de três anos a refugiados sírios, diz revista",2015-09-26,2015-09-26,mundo,mundo
54332,54967,1.0,Aviso,Aviso,2015-09-27,2015-09-30,colunas,colunas
54332,56447,0.9609375,Aviso,Aviso,2015-09-27,2015-10-07,colunas,colunas
54332,63160,0.9609375,Aviso,Aviso,2015-09-27,2015-11-10,colunas,colunas
54332,69200,0.9609375,Aviso,Aviso,2015-09-27,2015-12-10,colunas,colunas
54332,70745,1.0,Aviso,Aviso,2015-09-27,2015-12-18,colunas,colunas
54332,72613,0.9609375,Aviso,Aviso,2015-09-27,2015-12-31,colunas,colunas
54332,72741,0.859375,Aviso,Aviso,2015-09-27,2016-01-01,colunas,colunas
54332,75798,0.859375,Aviso,Aviso,2015-09-27,2016-01-19,colunas,colunas
54332,77981,0.8828125,Aviso,Aviso,2015-09-27,2016-02-01,colunas,colunas
54332,93729,0.859375,Aviso,Aviso,2015-09-27,2016-05-01,colunas,colunas
54332,107483,1.0,Aviso,Aviso,2015-09-27,2016-07-23,colunas,colunas
54332,114436,0.8828125,Aviso,Aviso,2015-09-27,2016-09-01,colunas,colunas
54332,116281,0.8828125,Aviso,Aviso,2015-09-27,2016-09-13,colunas,colunas
54332,117588,0.9609375,Aviso,Aviso,2015-09-27,2016-09-21,colunas,colunas
54332,121712,0.9609375,Aviso,AVISO,2015-09-27,2016-10-18,colunas,colunas
54332,128648,0.859375,Aviso,Aviso,2015-09-27,2016-12-01,colunas,colunas
54332,136632,1.0,Aviso,Aviso,2015-09-27,2017-02-01,colunas,colunas
54332,138513,0.859375,Aviso,Aviso,2015-09-27,2017-02-17,colunas,colunas
54332,139896,0.859375,Aviso,Aviso,2015-09-27,2017-02-28,colunas,colunas
54332,147463,0.8828125,Aviso,Aviso,2015-09-27,2017-05-01,colunas,colunas
54332,148281,0.8828125,Aviso,Aviso,2015-09-27,2017-05-07,colunas,colunas
54332,155215,0.859375,Aviso,Aviso,2015-09-27,2017-06-30,colunas,colunas
54332,155558,0.859375,Aviso,Aviso,2015-09-27,2017-07-03,colunas,colunas
54332,156146,0.859375,Aviso,Aviso,2015-09-27,2017-07-07,colunas,colunas
54332,156779,0.859375,Aviso,Aviso,2015-09-27,2017-07-14,colunas,colunas
54332,157095,0.9609375,Aviso,Aviso de férias,2015-09-27,2017-07-17,colunas,colunas
54332,157634,0.859375,Aviso,Aviso de férias,2015-09-27,2017-07-21,colunas,colunas
54332,157638,0.859375,Aviso,Aviso,2015-09-27,2017-07-21,colunas,colunas
54332,157840,0.9609375,Aviso,Aviso de férias,2015-09-27,2017-07-23,colunas,colunas
54332,158955,0.9609375,Aviso,Aviso de férias,2015-09-27,2017-07-31,colunas,colunas
54332,163843,0.9609375,Aviso,Aviso de férias,2015-09-27,2017-09-07,colunas,colunas
54332,164893,0.9609375,Aviso,Aviso,2015-09-27,2017-09-17,colunas,colunas
54444,68758,0.8515625,"Veja ""O Pintinho"" na edição deste domingo","Veja ""O Pintinho"" na edição deste domingo",2015-09-27,2015-12-07,ilustrissima,ilustrissima
54551,54552,1.0,São as águas de Marte fechando o verão. É promessa de vida?,São as águas de Marte fechando o verão. É promessa de vida?,2015-09-28,2015-09-28,ciencia,ciencia
54551,54553,1.0,São as águas de Marte fechando o verão. É promessa de vida?,São as águas de Marte fechando o verão. É promessa de vida?,2015-09-28,2015-09-28,ciencia,ciencia
54551,54555,1.0,São as águas de Marte fechando o verão. É promessa de vida?,São as águas de Marte fechando o verão. É promessa de vida?,2015-09-28,2015-09-28,ciencia,ciencia
54552,54553,1.0,São as águas de Marte fechando o verão. É promessa de vida?,São as águas de Marte fechando o verão. É promessa de vida?,2015-09-28,2015-09-28,ciencia,ciencia
54552,54555,1.0,São as águas de Marte fechando o verão. É promessa de vida?,São as águas de Marte fechando o verão. É promessa de vida?,2015-09-28,2015-09-28,ciencia,ciencia
54553,54555,1.0,São as águas de Marte fechando o verão. É promessa de vida?,São as águas de Marte fechando o verão. É promessa de vida?,2015-09-28,2015-09-28,ciencia,ciencia
54735,55556,0.921875,Confira a câmera disfarçada de fonte e outras compras tecnológicas,Confira o 'capacete Metroid' e outras bugigangas tecnológicas,2015-09-28,2015-10-02,tec,tec
54735,55807,0.921875,Confira a câmera disfarçada de fonte e outras compras tecnológicas,Confira o kit de decoração de unhas tetris e outras bugigangas tecnológicas,2015-09-28,2015-10-03,tec,tec
54735,56751,0.984375,Confira a câmera disfarçada de fonte e outras compras tecnológicas,Confira a lente 'profissional' para smartphone e outras compras,2015-09-28,2015-10-08,tec,tec
54735,68450,0.9375,Confira a câmera disfarçada de fonte e outras compras tecnológicas,Confira o tablet projetor e outras bugigangas tecnológicas,2015-09-28,2015-12-05,tec,tec
54955,54959,0.9921875,"Na melhor hipótese, nível do mar em Santos subirá 18 cm até 2050","Na melhor hipótese, nível do mar em Santos subirá 18 cm até 2050",2015-09-30,2015-09-30,ambiente,ciencia
54956,54960,1.0,"Baterias, anticoncepcionais e trens desaquecerão o mundo, diz cientista","Baterias, anticoncepcionais e trens desaquecerão o mundo, diz cientista",2015-09-30,2015-09-30,ambiente,ciencia
54967,56447,0.9609375,Aviso,Aviso,2015-09-30,2015-10-07,colunas,colunas
54967,63160,0.9609375,Aviso,Aviso,2015-09-30,2015-11-10,colunas,colunas
54967,69200,0.9609375,Aviso,Aviso,2015-09-30,2015-12-10,colunas,colunas
54967,70745,1.0,Aviso,Aviso,2015-09-30,2015-12-18,colunas,colunas
54967,72613,0.9609375,Aviso,Aviso,2015-09-30,2015-12-31,colunas,colunas
54967,72741,0.859375,Aviso,Aviso,2015-09-30,2016-01-01,colunas,colunas
54967,75798,0.859375,Aviso,Aviso,2015-09-30,2016-01-19,colunas,colunas
54967,77981,0.8828125,Aviso,Aviso,2015-09-30,2016-02-01,colunas,colunas
54967,93729,0.859375,Aviso,Aviso,2015-09-30,2016-05-01,colunas,colunas
54967,107483,1.0,Aviso,Aviso,2015-09-30,2016-07-23,colunas,colunas
54967,114436,0.8828125,Aviso,Aviso,2015-09-30,2016-09-01,colunas,colunas
54967,116281,0.8828125,Aviso,Aviso,2015-09-30,2016-09-13,colunas,colunas
54967,117588,0.9609375,Aviso,Aviso,2015-09-30,2016-09-21,colunas,colunas
54967,121712,0.9609375,Aviso,AVISO,2015-09-30,2016-10-18,colunas,colunas
54967,128648,0.859375,Aviso,Aviso,2015-09-30,2016-12-01,colunas,colunas
54967,136632,1.0,Aviso,Aviso,2015-09-30,2017-02-01,colunas,colunas
54967,138513,0.859375,Aviso,Aviso,2015-09-30,2017-02-17,colunas,colunas
54967,139896,0.859375,Aviso,Aviso,2015-09-30,2017-02-28,colunas,colunas
54967,147463,0.8828125,Aviso,Aviso,2015-09-30,2017-05-01,colunas,colunas
54967,148281,0.8828125,Aviso,Aviso,2015-09-30,2017-05-07,colunas,colunas
54967,155215,0.859375,Aviso,Aviso,2015-09-30,2017-06-30,colunas,colunas
54967,155558,0.859375,Aviso,Aviso,2015-09-30,2017-07-03,colunas,colunas
54967,156146,0.859375,Aviso,Aviso,2015-09-30,2017-07-07,colunas,colunas
54967,156779,0.859375,Aviso,Aviso,2015-09-30,2017-07-14,colunas,colunas
54967,157095,0.9609375,Aviso,Aviso de férias,2015-09-30,2017-07-17,colunas,colunas
54967,157634,0.859375,Aviso,Aviso de férias,2015-09-30,2017-07-21,colunas,colunas
54967,157638,0.859375,Aviso,Aviso,2015-09-30,2017-07-21,colunas,colunas
54967,157840,0.9609375,Aviso,Aviso de férias,2015-09-30,2017-07-23,colunas,colunas
54967,158955,0.9609375,Aviso,Aviso de férias,2015-09-30,2017-07-31,colunas,colunas
54967,163843,0.9609375,Aviso,Aviso de férias,2015-09-30,2017-09-07,colunas,colunas
54967,164893,0.9609375,Aviso,Aviso,2015-09-30,2017-09-17,colunas,colunas
55146,55147,1.0,Indicações do PMDB para ministérios dominam aniversário de Cunha,Indicações do PMDB para ministérios dominam aniversário de Cunha,2015-09-30,2015-09-30,tv,tv
55146,55148,1.0,Indicações do PMDB para ministérios dominam aniversário de Cunha,Indicações do PMDB para ministérios dominam aniversário de Cunha,2015-09-30,2015-09-30,tv,tv
55147,55148,1.0,Indicações do PMDB para ministérios dominam aniversário de Cunha,Indicações do PMDB para ministérios dominam aniversário de Cunha,2015-09-30,2015-09-30,tv,tv
55159,55160,1.0,Escalada facista,Escalada fascista,2015-10-01,2015-10-01,colunas,colunas
55324,94708,1.0,Aviso,Aviso,2015-10-02,2016-05-07,colunas,colunas
55324,129731,1.0,Aviso,Aviso,2015-10-02,2016-12-07,colunas,colunas
55365,61557,0.8984375,Servidores invadem Assembleia do Paraná para evitar votação de projeto,Servidores públicos acampam na Assembleia do Paraná,2015-10-02,2015-11-02,cotidiano,cotidiano
55431,55432,1.0,Longa chileno é um dos mais elogiados na mostra competitiva de Berlim,Novo filme de Pablo Larraín tem melhores críticas em Berlim,2015-10-02,2015-10-02,ilustrada,ilustrada
55556,55807,1.0,Confira o 'capacete Metroid' e outras bugigangas tecnológicas,Confira o kit de decoração de unhas tetris e outras bugigangas tecnológicas,2015-10-02,2015-10-03,tec,tec
55556,56751,0.9375,Confira o 'capacete Metroid' e outras bugigangas tecnológicas,Confira a lente 'profissional' para smartphone e outras compras,2015-10-02,2015-10-08,tec,tec
55556,68450,0.984375,Confira o 'capacete Metroid' e outras bugigangas tecnológicas,Confira o tablet projetor e outras bugigangas tecnológicas,2015-10-02,2015-12-05,tec,tec
55569,61765,1.0,Comércio virtual é tão difícil quanto o de lojas físicas,Menino do Acre 'bomba' na internet com brincadeira sobre seca paulista,2015-10-02,2015-11-02,tv,tv
55569,67805,1.0,Comércio virtual é tão difícil quanto o de lojas físicas,"Com assembleia cercada, deputados do Paraná vão de ônibus da PM para sessão",2015-10-02,2015-12-02,tv,tv
55807,56751,0.9375,Confira o kit de decoração de unhas tetris e outras bugigangas tecnológicas,Confira a lente 'profissional' para smartphone e outras compras,2015-10-03,2015-10-08,tec,tec
55807,68450,0.984375,Confira o kit de decoração de unhas tetris e outras bugigangas tecnológicas,Confira o tablet projetor e outras bugigangas tecnológicas,2015-10-03,2015-12-05,tec,tec
56129,58637,1.0,Veja o cartum de Rafa Campos da edição deste domingo,"Veja o cartum da série ""Ogro"" de Rafa Campos",2015-10-05,2015-10-18,ilustrissima,ilustrissima
56129,64230,1.0,Veja o cartum de Rafa Campos da edição deste domingo,"Veja o cartum da série ""Ogro"", de Rafa Campos",2015-10-05,2015-11-15,ilustrissima,ilustrissima
56445,56550,0.9921875,De Marcelo para Sergio,De Marcelo para Sergio,2015-10-07,2015-10-07,colunas,opiniao
56447,63160,1.0,Aviso,Aviso,2015-10-07,2015-11-10,colunas,colunas
56447,69200,1.0,Aviso,Aviso,2015-10-07,2015-12-10,colunas,colunas
56447,70745,0.9609375,Aviso,Aviso,2015-10-07,2015-12-18,colunas,colunas
56447,72613,1.0,Aviso,Aviso,2015-10-07,2015-12-31,colunas,colunas
56447,72741,0.8984375,Aviso,Aviso,2015-10-07,2016-01-01,colunas,colunas
56447,75798,0.8984375,Aviso,Aviso,2015-10-07,2016-01-19,colunas,colunas
56447,77981,0.859375,Aviso,Aviso,2015-10-07,2016-02-01,colunas,colunas
56447,93729,0.8984375,Aviso,Aviso,2015-10-07,2016-05-01,colunas,colunas
56447,107483,0.9609375,Aviso,Aviso,2015-10-07,2016-07-23,colunas,colunas
56447,114436,0.859375,Aviso,Aviso,2015-10-07,2016-09-01,colunas,colunas
56447,116281,0.859375,Aviso,Aviso,2015-10-07,2016-09-13,colunas,colunas
56447,117588,1.0,Aviso,Aviso,2015-10-07,2016-09-21,colunas,colunas
56447,121712,1.0,Aviso,AVISO,2015-10-07,2016-10-18,colunas,colunas
56447,128648,0.8984375,Aviso,Aviso,2015-10-07,2016-12-01,colunas,colunas
56447,136632,0.9609375,Aviso,Aviso,2015-10-07,2017-02-01,colunas,colunas
56447,138513,0.8984375,Aviso,Aviso,2015-10-07,2017-02-17,colunas,colunas
56447,139896,0.8984375,Aviso,Aviso,2015-10-07,2017-02-28,colunas,colunas
56447,147463,0.859375,Aviso,Aviso,2015-10-07,2017-05-01,colunas,colunas
56447,148281,0.859375,Aviso,Aviso,2015-10-07,2017-05-07,colunas,colunas
56447,155215,0.8984375,Aviso,Aviso,2015-10-07,2017-06-30,colunas,colunas
56447,155558,0.8984375,Aviso,Aviso,2015-10-07,2017-07-03,colunas,colunas
56447,156146,0.8984375,Aviso,Aviso,2015-10-07,2017-07-07,colunas,colunas
56447,156779,0.8984375,Aviso,Aviso,2015-10-07,2017-07-14,colunas,colunas
56447,157095,1.0,Aviso,Aviso de férias,2015-10-07,2017-07-17,colunas,colunas
56447,157634,0.8984375,Aviso,Aviso de férias,2015-10-07,2017-07-21,colunas,colunas
56447,157638,0.8984375,Aviso,Aviso,2015-10-07,2017-07-21,colunas,colunas
56447,157840,1.0,Aviso,Aviso de férias,2015-10-07,2017-07-23,colunas,colunas
56447,158955,1.0,Aviso,Aviso de férias,2015-10-07,2017-07-31,colunas,colunas
56447,163843,1.0,Aviso,Aviso de férias,2015-10-07,2017-09-07,colunas,colunas
56447,164893,1.0,Aviso,Aviso,2015-10-07,2017-09-17,colunas,colunas
56751,68450,0.953125,Confira a lente 'profissional' para smartphone e outras compras,Confira o tablet projetor e outras bugigangas tecnológicas,2015-10-08,2015-12-05,tec,tec
57003,57011,1.0,"Para expandir pré-escola, Mercadante vai reduzir exigências para as obras","Para expandir pré-escola, Mercadante vai reduzir exigências para as obras",2015-10-10,2015-10-10,cotidiano,educacao
57004,57791,0.9921875,Quatro vias da zona leste de SP terão velocidade reduzida a partir do dia 14,Quatro vias da zona leste de SP têm velocidade reduzida nesta quarta,2015-10-10,2015-10-14,cotidiano,cotidiano
57186,57189,1.0,São Paulo procura Cuca e se assusta com valor de multa,São Paulo procura Cuca e se assusta com valor da multa: R$ 8 milhões,2015-10-11,2015-10-11,esporte,esporte
57347,66325,1.0,Aviso,Aviso,2015-10-12,2015-11-26,colunas,colunas
57347,102456,1.0,Aviso,Aviso,2015-10-12,2016-06-23,colunas,colunas
57347,106061,1.0,Aviso,Aviso,2015-10-12,2016-07-14,colunas,colunas
57347,122038,1.0,Aviso,Aviso,2015-10-12,2016-10-20,colunas,colunas
57363,70558,0.859375,Mega-Sena acumula e pode pagar prêmio de R$ 135 milhões no sábado,"Mega-Sena acumula de novo, e prêmio pode chegar a R$ 187 mi no sábado",2015-10-12,2015-12-17,cotidiano,cotidiano
57453,57547,0.9765625,"Cenário político interfere na recuperação do PIB brasileiro, diz economista","Cenário político interfere na recuperação do PIB brasileiro, diz economista",2015-10-12,2015-10-12,mercado,tv
57639,57640,1.0,"'Amor & Sexo' retornará aos sábados, no recesso do 'Zorra'","'Amor & Sexo' retornará aos sábados, no recesso do 'Zorra'",2015-10-13,2015-10-13,ilustrada,ilustrada
57674,57752,0.96875,"É preciso evitar pressão na educação financeira dos filhos, diz especialista","É preciso evitar pressão na educação financeira dos filhos,diz especialista",2015-10-13,2015-10-13,multimidia,tv
57800,57801,0.9453125,Mistério sobre fechamento de escolas em SP alimenta protestos de alunos,"Estudante deveria ir às ruas contra greve, diz secretário de Alckmin",2015-10-14,2015-10-14,educacao,educacao
57906,57907,1.0,"Beto Richa não tem vergonha de fazer trem da alegria?, pergunta leitor","Beto Richa não tem vergonha de fazer trem da alegria?, pergunta leitor",2015-10-14,2015-10-14,paineldoleitor,paineldoleitor
58195,61777,0.9296875,Aviso,Aviso,2015-10-16,2015-11-03,colunas,colunas
58195,102272,0.9765625,Aviso,Aviso,2015-10-16,2016-06-22,colunas,colunas
58195,102674,0.9765625,Aviso,Aviso,2015-10-16,2016-06-24,colunas,colunas
58195,103518,0.9765625,Aviso,Aviso,2015-10-16,2016-06-29,colunas,colunas
58195,103704,0.9765625,Aviso,Aviso,2015-10-16,2016-06-30,colunas,colunas
58195,105885,0.9765625,Aviso,Aviso,2015-10-16,2016-07-13,colunas,colunas
58195,133275,1.0,Aviso,Aviso,2015-10-16,2017-01-04,colunas,colunas
58195,143454,0.9765625,Aviso,Aviso,2015-10-16,2017-03-29,colunas,colunas
58195,148303,1.0,Aviso,Aviso,2015-10-16,2017-05-07,colunas,colunas
58195,153319,0.9765625,Aviso,Aviso,2015-10-16,2017-06-16,colunas,colunas
58195,156403,1.0,Aviso,Aviso,2015-10-16,2017-07-09,colunas,colunas
58553,58576,0.9921875,"Fotos de prova do Enem em redes sociais são falsas, diz Inep","Fotos de prova do Enem em redes sociais são falsas, diz Inep",2015-10-18,2015-10-18,cotidiano,educacao
58555,58574,1.0,Número de superdotados cresce 17 vezes em 14 anos nas escolas do país,Número de superdotados cresce 17 vezes em 14 anos nas escolas do país,2015-10-18,2015-10-18,cotidiano,educacao
58637,64230,1.0,"Veja o cartum da série ""Ogro"" de Rafa Campos","Veja o cartum da série ""Ogro"", de Rafa Campos",2015-10-18,2015-11-15,ilustrissima,ilustrissima
58759,59136,0.96875,Seis vias de São Paulo terão o limite de velocidade reduzido esta semana,Francisco Morato e mais 2 vias de SP têm velocidade reduzida nesta quarta,2015-10-19,2015-10-21,cotidiano,cotidiano
58759,59560,0.8671875,Seis vias de São Paulo terão o limite de velocidade reduzido esta semana,Av. Doutor Arnaldo e mais duas vias têm velocidade reduzida nesta sexta,2015-10-19,2015-10-23,cotidiano,cotidiano
58899,60308,1.0,Confira o kit de lentes para celulares e outras bugigangas tecnológicas,Confira a camisinha Netflix e outras bugigangas tecnológicas,2015-10-19,2015-10-26,tec,tec
58899,64538,1.0,Confira o kit de lentes para celulares e outras bugigangas tecnológicas,Veja a pulseira fitness baratinha e outras compras tecnológicas,2015-10-19,2015-11-16,tec,tec
58899,65872,1.0,Confira o kit de lentes para celulares e outras bugigangas tecnológicas,Veja novo smartphone para crianças e outras compras tecnológicas,2015-10-19,2015-11-23,tec,tec
58899,67329,1.0,Confira o kit de lentes para celulares e outras bugigangas tecnológicas,Veja a meia conectada para monitorar bebês e outras compras tecnológicas,2015-10-19,2015-11-30,tec,tec
58899,69331,1.0,Confira o kit de lentes para celulares e outras bugigangas tecnológicas,Confira as máscaras de emoji e outras bugigangas tecnológicas,2015-10-19,2015-12-10,tec,tec
58899,70090,1.0,Confira o kit de lentes para celulares e outras bugigangas tecnológicas,Veja enfeite em formato de emoji para a árvore de Natal e outros produtos,2015-10-19,2015-12-14,tec,tec
58899,71433,1.0,Confira o kit de lentes para celulares e outras bugigangas tecnológicas,Veja a almofada para fãs de WhatsApp e outras compras tecnológicas,2015-10-19,2015-12-21,tec,tec
58899,72301,1.0,Confira o kit de lentes para celulares e outras bugigangas tecnológicas,Confira um teclado dobrável e outras bugigangas tecnológicas,2015-10-19,2015-12-28,tec,tec
58899,73016,1.0,Confira o kit de lentes para celulares e outras bugigangas tecnológicas,Veja o controle remoto com cara de smartphone e outros gadgets,2015-10-19,2016-01-02,tec,tec
58899,75776,1.0,Confira o kit de lentes para celulares e outras bugigangas tecnológicas,Veja as telas adicionais para notebook e outras compras tecnológicas,2015-10-19,2016-01-18,tec,tec
58899,76909,1.0,Confira o kit de lentes para celulares e outras bugigangas tecnológicas,Veja um skate com caixas de som e outras compras tecnológicas,2015-10-19,2016-01-25,tec,tec
58899,80320,1.0,Confira o kit de lentes para celulares e outras bugigangas tecnológicas,Veja um roteador portátil útil para viajantes e outros produtos,2015-10-19,2016-02-15,tec,tec
58899,82972,1.0,Confira o kit de lentes para celulares e outras bugigangas tecnológicas,Confira um 'mouse ambidestro' e outras compras tecnológicas,2015-10-19,2016-02-29,tec,tec
58899,85242,1.0,Confira o kit de lentes para celulares e outras bugigangas tecnológicas,Veja um smartphone com tela 4K e outros produtos tecnológicos,2015-10-19,2016-03-14,tec,tec
58899,87836,1.0,Confira o kit de lentes para celulares e outras bugigangas tecnológicas,Veja um carregador sem fio para o iPhone e outras compras tecnológicas,2015-10-19,2016-03-28,tec,tec
58899,88613,1.0,Confira o kit de lentes para celulares e outras bugigangas tecnológicas,Veja um gramofone para conectar ao celular e outras compras tecnológicas,2015-10-19,2016-04-01,tec,tec
58899,104379,1.0,Confira o kit de lentes para celulares e outras bugigangas tecnológicas,Veja o contador de seguidores de redes sociais e outras compras tecnológicas,2015-10-19,2016-07-03,tec,tec
58899,124130,1.0,Confira o kit de lentes para celulares e outras bugigangas tecnológicas,Confira o petisco wi-fi para cachorros e outras compras tecnológicas,2015-10-19,2016-11-01,tec,tec
58899,124680,1.0,Confira o kit de lentes para celulares e outras bugigangas tecnológicas,Veja um sensor de movimentos para TV e outras compras tecnológicas,2015-10-19,2016-11-04,tec,tec
59059,59060,1.0,Incerteza sobre impeachment leva PMDB a cancelar congresso partidário,Incerteza sobre impeachment leva PMDB a cancelar congresso partidário,2015-10-20,2015-10-20,poder,poder
59136,59560,0.875,Francisco Morato e mais 2 vias de SP têm velocidade reduzida nesta quarta,Av. Doutor Arnaldo e mais duas vias têm velocidade reduzida nesta sexta,2015-10-21,2015-10-23,cotidiano,cotidiano
59198,66195,1.0,Selic: entenda como a taxa básica de juros influencia a economia brasileira,Selic: entenda como a taxa básica de juros influencia a economia brasileira,2015-10-21,2015-11-25,mercado,mercado
59201,66196,0.9296875,"Fundos de investimento ganham da poupança com Selic a 14,25% ao ano","Com Selic a 14,25%, fundos mantêm vantagem sobre a poupança",2015-10-21,2015-11-25,mercado,mercado
59201,76054,0.9296875,"Fundos de investimento ganham da poupança com Selic a 14,25% ao ano","Fundos ampliam vantagem sobre a poupança com Selic a 14,25%",2015-10-21,2016-01-20,mercado,mercado
59395,59525,1.0,"Dorival Júnior fica até o fim de 2017, diz presidente do Santos","Dorival Júnior fica até o fim de 2017, diz presidente do Santos",2015-10-22,2015-10-22,esporte,tv
59547,61020,1.0,Aviso,Aviso,2015-10-23,2015-10-30,colunas,colunas
59560,60598,0.8515625,Av. Doutor Arnaldo e mais duas vias têm velocidade reduzida nesta sexta,Av. Roque Petroni Júnior e mais 4 vias da zona sul têm velocidade reduzida,2015-10-23,2015-10-28,cotidiano,cotidiano
59563,59580,1.0,Estudantes protestam contra reforma dos ciclos de ensino em SP,Estudantes protestam contra reforma dos ciclos de ensino em SP,2015-10-23,2015-10-23,cotidiano,educacao
59583,59762,1.0,"Na 'TV Folha', professores comentam ao vivo as provas do Enem 2015","Na 'TV Folha', professores comentam ao vivo as provas do Enem 2015",2015-10-23,2015-10-24,educacao,cotidiano
59761,59769,0.96875,"No Rio, estudante apela para amuletos da sorte antes de prova no Enem","No Rio, estudante apela para amuletos da sorte antes de prova no Enem",2015-10-24,2015-10-24,cotidiano,educacao
60308,64538,1.0,Confira a camisinha Netflix e outras bugigangas tecnológicas,Veja a pulseira fitness baratinha e outras compras tecnológicas,2015-10-26,2015-11-16,tec,tec
60308,65872,1.0,Confira a camisinha Netflix e outras bugigangas tecnológicas,Veja novo smartphone para crianças e outras compras tecnológicas,2015-10-26,2015-11-23,tec,tec
60308,67329,1.0,Confira a camisinha Netflix e outras bugigangas tecnológicas,Veja a meia conectada para monitorar bebês e outras compras tecnológicas,2015-10-26,2015-11-30,tec,tec
60308,69331,1.0,Confira a camisinha Netflix e outras bugigangas tecnológicas,Confira as máscaras de emoji e outras bugigangas tecnológicas,2015-10-26,2015-12-10,tec,tec
60308,70090,1.0,Confira a camisinha Netflix e outras bugigangas tecnológicas,Veja enfeite em formato de emoji para a árvore de Natal e outros produtos,2015-10-26,2015-12-14,tec,tec
60308,71433,1.0,Confira a camisinha Netflix e outras bugigangas tecnológicas,Veja a almofada para fãs de WhatsApp e outras compras tecnológicas,2015-10-26,2015-12-21,tec,tec
60308,72301,1.0,Confira a camisinha Netflix e outras bugigangas tecnológicas,Confira um teclado dobrável e outras bugigangas tecnológicas,2015-10-26,2015-12-28,tec,tec
60308,73016,1.0,Confira a camisinha Netflix e outras bugigangas tecnológicas,Veja o controle remoto com cara de smartphone e outros gadgets,2015-10-26,2016-01-02,tec,tec
60308,75776,1.0,Confira a camisinha Netflix e outras bugigangas tecnológicas,Veja as telas adicionais para notebook e outras compras tecnológicas,2015-10-26,2016-01-18,tec,tec
60308,76909,1.0,Confira a camisinha Netflix e outras bugigangas tecnológicas,Veja um skate com caixas de som e outras compras tecnológicas,2015-10-26,2016-01-25,tec,tec
60308,80320,1.0,Confira a camisinha Netflix e outras bugigangas tecnológicas,Veja um roteador portátil útil para viajantes e outros produtos,2015-10-26,2016-02-15,tec,tec
60308,82972,1.0,Confira a camisinha Netflix e outras bugigangas tecnológicas,Confira um 'mouse ambidestro' e outras compras tecnológicas,2015-10-26,2016-02-29,tec,tec
60308,85242,1.0,Confira a camisinha Netflix e outras bugigangas tecnológicas,Veja um smartphone com tela 4K e outros produtos tecnológicos,2015-10-26,2016-03-14,tec,tec
60308,87836,1.0,Confira a camisinha Netflix e outras bugigangas tecnológicas,Veja um carregador sem fio para o iPhone e outras compras tecnológicas,2015-10-26,2016-03-28,tec,tec
60308,88613,1.0,Confira a camisinha Netflix e outras bugigangas tecnológicas,Veja um gramofone para conectar ao celular e outras compras tecnológicas,2015-10-26,2016-04-01,tec,tec
60308,104379,1.0,Confira a camisinha Netflix e outras bugigangas tecnológicas,Veja o contador de seguidores de redes sociais e outras compras tecnológicas,2015-10-26,2016-07-03,tec,tec
60308,124130,1.0,Confira a camisinha Netflix e outras bugigangas tecnológicas,Confira o petisco wi-fi para cachorros e outras compras tecnológicas,2015-10-26,2016-11-01,tec,tec
60308,124680,1.0,Confira a camisinha Netflix e outras bugigangas tecnológicas,Veja um sensor de movimentos para TV e outras compras tecnológicas,2015-10-26,2016-11-04,tec,tec
60344,60345,1.0,Folha Top of Mind ajuda marcas a atravessarem crise econômica no país,Folha Top of Mind ajuda marcas a atravessarem crise econômica no país,2015-10-26,2015-10-26,topofmind,topofmind
60398,60557,1.0,"Uma droga que cura todo tipo de câncer nunca existirá, diz Drauzio Varella","Uma droga que cura todo tipo de câncer nunca existirá, diz Drauzio Varella",2015-10-27,2015-10-27,equilibrioesaude,tv
60795,71760,0.9140625,Aviso,Aviso,2015-10-29,2015-12-24,colunas,colunas
60795,89706,0.9140625,Aviso,Aviso,2015-10-29,2016-04-08,colunas,colunas
60795,97819,0.9375,Aviso,Aviso,2015-10-29,2016-05-26,colunas,colunas
60795,130920,0.8984375,Aviso,Aviso,2015-10-29,2016-12-15,colunas,colunas
60815,60999,0.984375,Questões de probabilidade estão entre as mais difíceis do Enem,Questões de probabilidade estão entre as mais difíceis do Enem,2015-10-29,2015-10-29,educacao,tv
60847,60998,1.0,Juca Kfouri: Presidente do Santos errou em pedir adiamento de torneio,Juca Kfouri: Presidente do Santos errou em pedir adiamento de torneio,2015-10-29,2015-10-29,esporte,tv
61044,61166,1.0,Cinzas de cremação podem virar de anel a fogos de artifício,Cinzas de cremação podem virar de anel a fogos de artifício,2015-10-30,2015-10-30,cotidiano,tv
61174,65379,0.8984375,Aviso,Aviso,2015-10-31,2015-11-21,colunas,colunas
61207,61215,0.9921875,"São Paulo gasta R$ 12 mi com salários no futebol, três vezes o valor do Santos","São Paulo gasta R$ 12 mi com salários no futebol, três vezes o valor do Santos",2015-10-31,2015-10-31,esporte,esporte
61263,61264,1.0,"'Sou diferente do Britto, não sou melhor nem pior', diz Roberto Justus","'Sou diferente do Britto, não sou melhor nem pior', diz Roberto Justus",2015-10-31,2015-10-31,ilustrada,ilustrada
61765,67805,1.0,Menino do Acre 'bomba' na internet com brincadeira sobre seca paulista,"Com assembleia cercada, deputados do Paraná vão de ônibus da PM para sessão",2015-11-02,2015-12-02,tv,tv
61777,102272,0.90625,Aviso,Aviso,2015-11-03,2016-06-22,colunas,colunas
61777,102674,0.90625,Aviso,Aviso,2015-11-03,2016-06-24,colunas,colunas
61777,103518,0.90625,Aviso,Aviso,2015-11-03,2016-06-29,colunas,colunas
61777,103704,0.90625,Aviso,Aviso,2015-11-03,2016-06-30,colunas,colunas
61777,105885,0.90625,Aviso,Aviso,2015-11-03,2016-07-13,colunas,colunas
61777,133275,0.9296875,Aviso,Aviso,2015-11-03,2017-01-04,colunas,colunas
61777,143454,0.90625,Aviso,Aviso,2015-11-03,2017-03-29,colunas,colunas
61777,148303,0.9296875,Aviso,Aviso,2015-11-03,2017-05-07,colunas,colunas
61777,153319,0.90625,Aviso,Aviso,2015-11-03,2017-06-16,colunas,colunas
61777,156403,0.9296875,Aviso,Aviso,2015-11-03,2017-07-09,colunas,colunas
62009,62017,0.9140625,Centrais confirmam atos para sexta; governo diz que vê 'com respeito',Presidente da CUT conclama bancários a defender Dilma,2015-11-03,2015-11-03,poder,poder
62118,62120,1.0,Exposição em cartaz em SP foca ruína de Welles no Brasil,Exposição e filme focam ruína de Orson Welles no Brasil,2015-11-04,2015-11-04,ilustrada,ilustrada
62147,62148,1.0,Explosão de carro-bomba na Tailândia deixa sete feridos,Explosão de carro-bomba na Tailândia deixa sete feridos,2015-11-04,2015-11-04,mundo,mundo
62311,62359,1.0,"Governo não discutirá fator previdenciário em MP, diz ministro","Governo não discutirá fator previdenciário em MP do ajuste, diz ministro",2015-11-05,2015-11-05,mercado,poder
62414,62416,1.0,Aécio e Cunha usam debate sobre maioridade para enfraquecer Alckmin,Ministros veem ação de Cunha e Aécio contra Alckmin na idade penal,2015-11-06,2015-11-06,cotidiano,cotidiano
62713,62714,1.0,Poeta laureado versa sobre faina diária,Poeta laureado versa sobre faina diária,2015-11-07,2015-11-07,ilustrada,ilustrada
63160,69200,1.0,Aviso,Aviso,2015-11-10,2015-12-10,colunas,colunas
63160,70745,0.9609375,Aviso,Aviso,2015-11-10,2015-12-18,colunas,colunas
63160,72613,1.0,Aviso,Aviso,2015-11-10,2015-12-31,colunas,colunas
63160,72741,0.8984375,Aviso,Aviso,2015-11-10,2016-01-01,colunas,colunas
63160,75798,0.8984375,Aviso,Aviso,2015-11-10,2016-01-19,colunas,colunas
63160,77981,0.859375,Aviso,Aviso,2015-11-10,2016-02-01,colunas,colunas
63160,93729,0.8984375,Aviso,Aviso,2015-11-10,2016-05-01,colunas,colunas
63160,107483,0.9609375,Aviso,Aviso,2015-11-10,2016-07-23,colunas,colunas
63160,114436,0.859375,Aviso,Aviso,2015-11-10,2016-09-01,colunas,colunas
63160,116281,0.859375,Aviso,Aviso,2015-11-10,2016-09-13,colunas,colunas
63160,117588,1.0,Aviso,Aviso,2015-11-10,2016-09-21,colunas,colunas
63160,121712,1.0,Aviso,AVISO,2015-11-10,2016-10-18,colunas,colunas
63160,128648,0.8984375,Aviso,Aviso,2015-11-10,2016-12-01,colunas,colunas
63160,136632,0.9609375,Aviso,Aviso,2015-11-10,2017-02-01,colunas,colunas
63160,138513,0.8984375,Aviso,Aviso,2015-11-10,2017-02-17,colunas,colunas
63160,139896,0.8984375,Aviso,Aviso,2015-11-10,2017-02-28,colunas,colunas
63160,147463,0.859375,Aviso,Aviso,2015-11-10,2017-05-01,colunas,colunas
63160,148281,0.859375,Aviso,Aviso,2015-11-10,2017-05-07,colunas,colunas
63160,155215,0.8984375,Aviso,Aviso,2015-11-10,2017-06-30,colunas,colunas
63160,155558,0.8984375,Aviso,Aviso,2015-11-10,2017-07-03,colunas,colunas
63160,156146,0.8984375,Aviso,Aviso,2015-11-10,2017-07-07,colunas,colunas
63160,156779,0.8984375,Aviso,Aviso,2015-11-10,2017-07-14,colunas,colunas
63160,157095,1.0,Aviso,Aviso de férias,2015-11-10,2017-07-17,colunas,colunas
63160,157634,0.8984375,Aviso,Aviso de férias,2015-11-10,2017-07-21,colunas,colunas
63160,157638,0.8984375,Aviso,Aviso,2015-11-10,2017-07-21,colunas,colunas
63160,157840,1.0,Aviso,Aviso de férias,2015-11-10,2017-07-23,colunas,colunas
63160,158955,1.0,Aviso,Aviso de férias,2015-11-10,2017-07-31,colunas,colunas
63160,163843,1.0,Aviso,Aviso de férias,2015-11-10,2017-09-07,colunas,colunas
63160,164893,1.0,Aviso,Aviso,2015-11-10,2017-09-17,colunas,colunas
63187,63197,1.0,Mercadante defende mais gramática no currículo nacional de educação,Mercadante defende mais gramática no currículo nacional de educação,2015-11-10,2015-11-10,cotidiano,educacao
63560,70755,0.9140625,Aviso,Aviso,2015-11-12,2015-12-18,colunas,colunas
63560,116137,0.8828125,Aviso,Aviso,2015-11-12,2016-09-12,colunas,colunas
63638,63744,0.9921875,Marina Person diz que viveu saga para ter Bowie na trilha de 'Califórnia',Marina Person diz que viveu saga para ter Bowie na trilha de 'Califórnia',2015-11-12,2015-11-12,ilustrada,tv
63638,69661,1.0,Marina Person diz que viveu saga para ter Bowie na trilha de 'Califórnia',Marina Person diz que viveu saga para ter Bowie na trilha de 'Califórnia',2015-11-12,2015-12-12,ilustrada,ilustrada
63744,69661,0.9921875,Marina Person diz que viveu saga para ter Bowie na trilha de 'Califórnia',Marina Person diz que viveu saga para ter Bowie na trilha de 'Califórnia',2015-11-12,2015-12-12,tv,ilustrada
63955,64073,1.0,"Após explosões, público ocupa gramado do Stade de France","Após explosões, público ocupa gramado do Stade de France",2015-11-13,2015-11-14,tv,mundo
63955,64074,0.9765625,"Após explosões, público ocupa gramado do Stade de France","Após explosões, público ocupa gramado do Stade de France",2015-11-13,2015-11-14,tv,mundo
64067,64143,0.9140625,"'Vieram com metralhadora e atiraram em todo mundo', diz testemunha","""Vieram com metralhadora e atiraram em todo mundo"", diz testemunha",2015-11-14,2015-11-14,multimidia,tv
64073,64074,0.9765625,"Após explosões, público ocupa gramado do Stade de France","Após explosões, público ocupa gramado do Stade de France",2015-11-14,2015-11-14,mundo,mundo
64075,64139,0.984375,"Para prefeita de Paris, ""juventude"" foi o alvo dos ataques","Para prefeita de Paris, ""juventude"" foi o alvo dos ataques",2015-11-14,2015-11-14,mundo,tv
64076,64138,0.953125,"""É um horror"", diz Hollande após ataques; veja pronunciamento","""É um horror"", diz Hollande após ataques; veja pronunciamento",2015-11-14,2015-11-14,mundo,tv
64097,64141,0.921875,Papa diz não haver 'razões religiosas' que justifiquem os ataques,Papa diz não haver 'razões religiosas' que justifiquem os ataques,2015-11-14,2015-11-14,mundo,tv
64109,64270,0.9765625,"França terá de mudar combate ao terror, diz ex-chefe policial francês",França terá de mudar combate ao terror após ataques em Paris,2015-11-14,2015-11-15,mundo,mundo
64189,64388,0.9296875,"Para professores, prova da Unesp foi trabalhosa e cobrou temas atuais",Unesp muda gabarito e aceita duas respostas em questão de biologia; veja,2015-11-15,2015-11-16,educacao,educacao
64444,67227,0.921875,"Carteira de ações do líder do simulador do mercado recua para 451,5%","Líder do simulador do mercado de ações tem ganho de 452,2% na carteira",2015-11-16,2015-11-30,mercado,mercado
64444,69261,0.90625,"Carteira de ações do líder do simulador do mercado recua para 451,5%","Participante obtém ganho de 489,7% em sua carteira de ações no simulador",2015-11-16,2015-12-10,mercado,mercado
64444,69987,0.8984375,"Carteira de ações do líder do simulador do mercado recua para 451,5%","Líder do simulador de ações registra valorização de 426,6% em sua carteira",2015-11-16,2015-12-14,mercado,mercado
64473,64548,1.0,"Para economista da FGV, 13º salário deve ser usado para quitar dívidas","Para economista da FGV, 13º salário deve ser usado para quitar dívidas",2015-11-16,2015-11-16,mercado,tv
64473,64649,1.0,"Para economista da FGV, 13º salário deve ser usado para quitar dívidas","Para economista da FGV, 13º salário deve ser usado para quitar dívidas",2015-11-16,2015-11-17,mercado,mercado
64538,65872,1.0,Veja a pulseira fitness baratinha e outras compras tecnológicas,Veja novo smartphone para crianças e outras compras tecnológicas,2015-11-16,2015-11-23,tec,tec
64538,67329,1.0,Veja a pulseira fitness baratinha e outras compras tecnológicas,Veja a meia conectada para monitorar bebês e outras compras tecnológicas,2015-11-16,2015-11-30,tec,tec
64538,69331,1.0,Veja a pulseira fitness baratinha e outras compras tecnológicas,Confira as máscaras de emoji e outras bugigangas tecnológicas,2015-11-16,2015-12-10,tec,tec
64538,70090,1.0,Veja a pulseira fitness baratinha e outras compras tecnológicas,Veja enfeite em formato de emoji para a árvore de Natal e outros produtos,2015-11-16,2015-12-14,tec,tec
64538,71433,1.0,Veja a pulseira fitness baratinha e outras compras tecnológicas,Veja a almofada para fãs de WhatsApp e outras compras tecnológicas,2015-11-16,2015-12-21,tec,tec
64538,72301,1.0,Veja a pulseira fitness baratinha e outras compras tecnológicas,Confira um teclado dobrável e outras bugigangas tecnológicas,2015-11-16,2015-12-28,tec,tec
64538,73016,1.0,Veja a pulseira fitness baratinha e outras compras tecnológicas,Veja o controle remoto com cara de smartphone e outros gadgets,2015-11-16,2016-01-02,tec,tec
64538,75776,1.0,Veja a pulseira fitness baratinha e outras compras tecnológicas,Veja as telas adicionais para notebook e outras compras tecnológicas,2015-11-16,2016-01-18,tec,tec
64538,76909,1.0,Veja a pulseira fitness baratinha e outras compras tecnológicas,Veja um skate com caixas de som e outras compras tecnológicas,2015-11-16,2016-01-25,tec,tec
64538,80320,1.0,Veja a pulseira fitness baratinha e outras compras tecnológicas,Veja um roteador portátil útil para viajantes e outros produtos,2015-11-16,2016-02-15,tec,tec
64538,82972,1.0,Veja a pulseira fitness baratinha e outras compras tecnológicas,Confira um 'mouse ambidestro' e outras compras tecnológicas,2015-11-16,2016-02-29,tec,tec
64538,85242,1.0,Veja a pulseira fitness baratinha e outras compras tecnológicas,Veja um smartphone com tela 4K e outros produtos tecnológicos,2015-11-16,2016-03-14,tec,tec
64538,87836,1.0,Veja a pulseira fitness baratinha e outras compras tecnológicas,Veja um carregador sem fio para o iPhone e outras compras tecnológicas,2015-11-16,2016-03-28,tec,tec
64538,88613,1.0,Veja a pulseira fitness baratinha e outras compras tecnológicas,Veja um gramofone para conectar ao celular e outras compras tecnológicas,2015-11-16,2016-04-01,tec,tec
64538,104379,1.0,Veja a pulseira fitness baratinha e outras compras tecnológicas,Veja o contador de seguidores de redes sociais e outras compras tecnológicas,2015-11-16,2016-07-03,tec,tec
64538,124130,1.0,Veja a pulseira fitness baratinha e outras compras tecnológicas,Confira o petisco wi-fi para cachorros e outras compras tecnológicas,2015-11-16,2016-11-01,tec,tec
64538,124680,1.0,Veja a pulseira fitness baratinha e outras compras tecnológicas,Veja um sensor de movimentos para TV e outras compras tecnológicas,2015-11-16,2016-11-04,tec,tec
64548,64649,1.0,"Para economista da FGV, 13º salário deve ser usado para quitar dívidas","Para economista da FGV, 13º salário deve ser usado para quitar dívidas",2015-11-16,2015-11-17,tv,mercado
64779,64874,1.0,Vídeo retrata os dias de impasse em ato contra reorganização escolar,Vídeo retrata os dias de impasse em ato contra reorganização escolar,2015-11-18,2015-11-18,cotidiano,multimidia
64786,64795,0.953125,Seis concorrem ao Empreendedor Social nesta quarta em evento no Masp,Acompanhe a transmissão do Prêmio Empreendedor Social,2015-11-18,2015-11-18,cotidiano,empreendedorsocial
64873,64945,0.9140625,"'Classe C está mais criteriosa no consumo', afirma publicitário","'Classe C está mais criteriosa no consumo', afirma publicitário",2015-11-18,2015-11-18,mercado,tv
64898,65093,0.9765625,Brasileira relata como foi operação contra terroristas na França; assista,Polícia francesa desmantela célula terrorista e diz que evitou atentado,2015-11-18,2015-11-19,mundo,mundo
64928,71223,0.8671875,Filho de Lula pede ao STF acesso a inquérito contra ele na Zelotes,Ministra nega pedido de filho de Lula para ter acesso à íntegra da Zelotes,2015-11-18,2015-12-20,poder,poder
65229,109737,0.9140625,Baixe o pôster do Corinthians campeão do Campeonato Brasileiro,Baixe o pôster do Santos campeão do Campeonato Paulista,2015-11-20,2016-08-05,esporte,esporte
65278,65279,1.0,'MasterChef' terá especial de Natal com ex-participantes,'MasterChef' terá especial de Natal com ex-participantes,2015-11-20,2015-11-20,ilustrada,ilustrada
65750,65926,0.859375,Chega a 108 o número de escolas estaduais tomadas por alunos em SP,Estudantes ocupam escola estadual na zona leste de São Paulo,2015-11-23,2015-11-24,educacao,educacao
65872,67329,1.0,Veja novo smartphone para crianças e outras compras tecnológicas,Veja a meia conectada para monitorar bebês e outras compras tecnológicas,2015-11-23,2015-11-30,tec,tec
65872,69331,1.0,Veja novo smartphone para crianças e outras compras tecnológicas,Confira as máscaras de emoji e outras bugigangas tecnológicas,2015-11-23,2015-12-10,tec,tec
65872,70090,1.0,Veja novo smartphone para crianças e outras compras tecnológicas,Veja enfeite em formato de emoji para a árvore de Natal e outros produtos,2015-11-23,2015-12-14,tec,tec
65872,71433,1.0,Veja novo smartphone para crianças e outras compras tecnológicas,Veja a almofada para fãs de WhatsApp e outras compras tecnológicas,2015-11-23,2015-12-21,tec,tec
65872,72301,1.0,Veja novo smartphone para crianças e outras compras tecnológicas,Confira um teclado dobrável e outras bugigangas tecnológicas,2015-11-23,2015-12-28,tec,tec
65872,73016,1.0,Veja novo smartphone para crianças e outras compras tecnológicas,Veja o controle remoto com cara de smartphone e outros gadgets,2015-11-23,2016-01-02,tec,tec
65872,75776,1.0,Veja novo smartphone para crianças e outras compras tecnológicas,Veja as telas adicionais para notebook e outras compras tecnológicas,2015-11-23,2016-01-18,tec,tec
65872,76909,1.0,Veja novo smartphone para crianças e outras compras tecnológicas,Veja um skate com caixas de som e outras compras tecnológicas,2015-11-23,2016-01-25,tec,tec
65872,80320,1.0,Veja novo smartphone para crianças e outras compras tecnológicas,Veja um roteador portátil útil para viajantes e outros produtos,2015-11-23,2016-02-15,tec,tec
65872,82972,1.0,Veja novo smartphone para crianças e outras compras tecnológicas,Confira um 'mouse ambidestro' e outras compras tecnológicas,2015-11-23,2016-02-29,tec,tec
65872,85242,1.0,Veja novo smartphone para crianças e outras compras tecnológicas,Veja um smartphone com tela 4K e outros produtos tecnológicos,2015-11-23,2016-03-14,tec,tec
65872,87836,1.0,Veja novo smartphone para crianças e outras compras tecnológicas,Veja um carregador sem fio para o iPhone e outras compras tecnológicas,2015-11-23,2016-03-28,tec,tec
65872,88613,1.0,Veja novo smartphone para crianças e outras compras tecnológicas,Veja um gramofone para conectar ao celular e outras compras tecnológicas,2015-11-23,2016-04-01,tec,tec
65872,104379,1.0,Veja novo smartphone para crianças e outras compras tecnológicas,Veja o contador de seguidores de redes sociais e outras compras tecnológicas,2015-11-23,2016-07-03,tec,tec
65872,124130,1.0,Veja novo smartphone para crianças e outras compras tecnológicas,Confira o petisco wi-fi para cachorros e outras compras tecnológicas,2015-11-23,2016-11-01,tec,tec
65872,124680,1.0,Veja novo smartphone para crianças e outras compras tecnológicas,Veja um sensor de movimentos para TV e outras compras tecnológicas,2015-11-23,2016-11-04,tec,tec
66002,92012,0.9453125,Fazenda cobra R$ 255 milhões de IPVA de 305 mil donos de veículos em SP,Fazenda cobra R$ 355 milhões de IPVA de 458 mil donos de veículos em SP,2015-11-24,2016-04-20,mercado,mercado
66196,76054,0.96875,"Com Selic a 14,25%, fundos mantêm vantagem sobre a poupança","Fundos ampliam vantagem sobre a poupança com Selic a 14,25%",2015-11-25,2016-01-20,mercado,mercado
66197,76040,0.8984375,"Veja como ficam juros de empréstimos com a taxa Selic a 14,25% ao ano","Com taxa Selic a 14,25%, veja como ficam juros de empréstimos",2015-11-25,2016-01-20,mercado,mercado
66226,66316,1.0,Consumidor deve usar 13º para renegociar dívida e montar reserva anticrise,Consumidor deve usar 13º para renegociar dívida e montar reserva anticrise,2015-11-25,2015-11-25,mercado,tv
66325,102456,1.0,Aviso,Aviso,2015-11-26,2016-06-23,colunas,colunas
66325,106061,1.0,Aviso,Aviso,2015-11-26,2016-07-14,colunas,colunas
66325,122038,1.0,Aviso,Aviso,2015-11-26,2016-10-20,colunas,colunas
66402,66403,1.0,"PVC: ""Parece que a aura do Felipão sobrevoa os jogos do Palmeiras""","PVC: ""Parece que a aura do Felipão sobrevoa os jogos do Palmeiras""",2015-11-26,2015-11-26,esporte,esporte
66402,66546,1.0,"PVC: ""Parece que a aura do Felipão sobrevoa os jogos do Palmeiras""","PVC: ""Parece que a aura do Felipão sobrevoa os jogos do Palmeiras""",2015-11-26,2015-11-26,esporte,tv
66403,66546,1.0,"PVC: ""Parece que a aura do Felipão sobrevoa os jogos do Palmeiras""","PVC: ""Parece que a aura do Felipão sobrevoa os jogos do Palmeiras""",2015-11-26,2015-11-26,esporte,tv
66598,66747,1.0,"Brasil navega na crise do zika vírus em nau sem comando, diz especialista","Brasil navega na crise do zika vírus em nau sem comando, diz especialista",2015-11-27,2015-11-27,cotidiano,tv
66599,66744,0.9375,"Mineração abre cratera e cria 'bairros fantasmas"" em região de Minas","Mineração abre cratera e cria 'bairros fantasmas"" em região de Minas",2015-11-27,2015-11-27,cotidiano,tv
66611,66801,0.890625,Havelange permanece internado com quadro de saúde estável,Havelange recebe alta após ser internado com problema pulmonar,2015-11-27,2015-11-28,esporte,esporte
66681,66746,1.0,Régis Bittencourt ganha 'passarelas' de animais em obras de duplicação,Régis Bittencourt ganha 'passarelas' de animais em obras de duplicação,2015-11-27,2015-11-27,mercado,tv
66738,66745,0.8828125,Um dos maiores festivais de música eletrônica da atualidade chega a SP,Um dos maiores festivais de música eletrônica chega a SP,2015-11-27,2015-11-27,saopaulo,tv
66855,66856,0.9921875,Aguinaldo Silva: 'O pior veneno para a novela é o politicamente correto',Aguinaldo Silva: 'O pior veneno para a novela é o politicamente correto',2015-11-28,2015-11-28,ilustrada,ilustrada
67129,67130,0.9296875,O inusitado acordo por viral no YouTube que salvou condenado por pirataria,Condenado por pirataria escapa de processo com vídeo viral no YouTube,2015-11-30,2015-11-30,bbc,bbc
67227,69261,0.921875,"Líder do simulador do mercado de ações tem ganho de 452,2% na carteira","Participante obtém ganho de 489,7% em sua carteira de ações no simulador",2015-11-30,2015-12-10,mercado,mercado
67227,69987,0.890625,"Líder do simulador do mercado de ações tem ganho de 452,2% na carteira","Líder do simulador de ações registra valorização de 426,6% em sua carteira",2015-11-30,2015-12-14,mercado,mercado
67329,69331,1.0,Veja a meia conectada para monitorar bebês e outras compras tecnológicas,Confira as máscaras de emoji e outras bugigangas tecnológicas,2015-11-30,2015-12-10,tec,tec
67329,70090,1.0,Veja a meia conectada para monitorar bebês e outras compras tecnológicas,Veja enfeite em formato de emoji para a árvore de Natal e outros produtos,2015-11-30,2015-12-14,tec,tec
67329,71433,1.0,Veja a meia conectada para monitorar bebês e outras compras tecnológicas,Veja a almofada para fãs de WhatsApp e outras compras tecnológicas,2015-11-30,2015-12-21,tec,tec
67329,72301,1.0,Veja a meia conectada para monitorar bebês e outras compras tecnológicas,Confira um teclado dobrável e outras bugigangas tecnológicas,2015-11-30,2015-12-28,tec,tec
67329,73016,1.0,Veja a meia conectada para monitorar bebês e outras compras tecnológicas,Veja o controle remoto com cara de smartphone e outros gadgets,2015-11-30,2016-01-02,tec,tec
67329,75776,1.0,Veja a meia conectada para monitorar bebês e outras compras tecnológicas,Veja as telas adicionais para notebook e outras compras tecnológicas,2015-11-30,2016-01-18,tec,tec
67329,76909,1.0,Veja a meia conectada para monitorar bebês e outras compras tecnológicas,Veja um skate com caixas de som e outras compras tecnológicas,2015-11-30,2016-01-25,tec,tec
67329,80320,1.0,Veja a meia conectada para monitorar bebês e outras compras tecnológicas,Veja um roteador portátil útil para viajantes e outros produtos,2015-11-30,2016-02-15,tec,tec
67329,82972,1.0,Veja a meia conectada para monitorar bebês e outras compras tecnológicas,Confira um 'mouse ambidestro' e outras compras tecnológicas,2015-11-30,2016-02-29,tec,tec
67329,85242,1.0,Veja a meia conectada para monitorar bebês e outras compras tecnológicas,Veja um smartphone com tela 4K e outros produtos tecnológicos,2015-11-30,2016-03-14,tec,tec
67329,87836,1.0,Veja a meia conectada para monitorar bebês e outras compras tecnológicas,Veja um carregador sem fio para o iPhone e outras compras tecnológicas,2015-11-30,2016-03-28,tec,tec
67329,88613,1.0,Veja a meia conectada para monitorar bebês e outras compras tecnológicas,Veja um gramofone para conectar ao celular e outras compras tecnológicas,2015-11-30,2016-04-01,tec,tec
67329,104379,1.0,Veja a meia conectada para monitorar bebês e outras compras tecnológicas,Veja o contador de seguidores de redes sociais e outras compras tecnológicas,2015-11-30,2016-07-03,tec,tec
67329,124130,1.0,Veja a meia conectada para monitorar bebês e outras compras tecnológicas,Confira o petisco wi-fi para cachorros e outras compras tecnológicas,2015-11-30,2016-11-01,tec,tec
67329,124680,1.0,Veja a meia conectada para monitorar bebês e outras compras tecnológicas,Veja um sensor de movimentos para TV e outras compras tecnológicas,2015-11-30,2016-11-04,tec,tec
68067,68068,1.0,Foz do Iguaçu é principal porta de entrada do contrabando,"Em Corumbá (MS), contrabando de roupas predomina",2015-12-03,2015-12-03,tv,tv
68067,68069,0.9296875,Foz do Iguaçu é principal porta de entrada do contrabando,Venda ilegal de cigarro rende 179% de lucro; paraguaio faz sucesso,2015-12-03,2015-12-03,tv,tv
68067,68070,1.0,Foz do Iguaçu é principal porta de entrada do contrabando,Contrabando em maior escala chega pelo porto de Santos,2015-12-03,2015-12-03,tv,tv
68067,68071,1.0,Foz do Iguaçu é principal porta de entrada do contrabando,Olheiros trabalham para contrabandistas na fronteira com a Bolívia,2015-12-03,2015-12-03,tv,tv
68067,68072,1.0,Foz do Iguaçu é principal porta de entrada do contrabando,"Inteligência é mais importante que fiscalização, diz ministro da Justiça",2015-12-03,2015-12-03,tv,tv
68068,68069,0.9296875,"Em Corumbá (MS), contrabando de roupas predomina",Venda ilegal de cigarro rende 179% de lucro; paraguaio faz sucesso,2015-12-03,2015-12-03,tv,tv
68068,68070,1.0,"Em Corumbá (MS), contrabando de roupas predomina",Contrabando em maior escala chega pelo porto de Santos,2015-12-03,2015-12-03,tv,tv
68068,68071,1.0,"Em Corumbá (MS), contrabando de roupas predomina",Olheiros trabalham para contrabandistas na fronteira com a Bolívia,2015-12-03,2015-12-03,tv,tv
68068,68072,1.0,"Em Corumbá (MS), contrabando de roupas predomina","Inteligência é mais importante que fiscalização, diz ministro da Justiça",2015-12-03,2015-12-03,tv,tv
68069,68070,0.9296875,Venda ilegal de cigarro rende 179% de lucro; paraguaio faz sucesso,Contrabando em maior escala chega pelo porto de Santos,2015-12-03,2015-12-03,tv,tv
68069,68071,0.9296875,Venda ilegal de cigarro rende 179% de lucro; paraguaio faz sucesso,Olheiros trabalham para contrabandistas na fronteira com a Bolívia,2015-12-03,2015-12-03,tv,tv
68069,68072,0.9296875,Venda ilegal de cigarro rende 179% de lucro; paraguaio faz sucesso,"Inteligência é mais importante que fiscalização, diz ministro da Justiça",2015-12-03,2015-12-03,tv,tv
68070,68071,1.0,Contrabando em maior escala chega pelo porto de Santos,Olheiros trabalham para contrabandistas na fronteira com a Bolívia,2015-12-03,2015-12-03,tv,tv
68070,68072,1.0,Contrabando em maior escala chega pelo porto de Santos,"Inteligência é mais importante que fiscalização, diz ministro da Justiça",2015-12-03,2015-12-03,tv,tv
68071,68072,1.0,Olheiros trabalham para contrabandistas na fronteira com a Bolívia,"Inteligência é mais importante que fiscalização, diz ministro da Justiça",2015-12-03,2015-12-03,tv,tv
68170,68757,1.0,Veja o cartum de Rafa Campos da edição deste domingo,Veja o cartum de Rafa Campos na edição deste domingo,2015-12-04,2015-12-07,ilustrissima,ilustrissima
68652,68653,1.0,O líder sem culpa,O líder sem culpa,2015-12-07,2015-12-07,colunas,colunas
69200,70745,0.9609375,Aviso,Aviso,2015-12-10,2015-12-18,colunas,colunas
69200,72613,1.0,Aviso,Aviso,2015-12-10,2015-12-31,colunas,colunas
69200,72741,0.8984375,Aviso,Aviso,2015-12-10,2016-01-01,colunas,colunas
69200,75798,0.8984375,Aviso,Aviso,2015-12-10,2016-01-19,colunas,colunas
69200,77981,0.859375,Aviso,Aviso,2015-12-10,2016-02-01,colunas,colunas
69200,93729,0.8984375,Aviso,Aviso,2015-12-10,2016-05-01,colunas,colunas
69200,107483,0.9609375,Aviso,Aviso,2015-12-10,2016-07-23,colunas,colunas
69200,114436,0.859375,Aviso,Aviso,2015-12-10,2016-09-01,colunas,colunas
69200,116281,0.859375,Aviso,Aviso,2015-12-10,2016-09-13,colunas,colunas
69200,117588,1.0,Aviso,Aviso,2015-12-10,2016-09-21,colunas,colunas
69200,121712,1.0,Aviso,AVISO,2015-12-10,2016-10-18,colunas,colunas
69200,128648,0.8984375,Aviso,Aviso,2015-12-10,2016-12-01,colunas,colunas
69200,136632,0.9609375,Aviso,Aviso,2015-12-10,2017-02-01,colunas,colunas
69200,138513,0.8984375,Aviso,Aviso,2015-12-10,2017-02-17,colunas,colunas
69200,139896,0.8984375,Aviso,Aviso,2015-12-10,2017-02-28,colunas,colunas
69200,147463,0.859375,Aviso,Aviso,2015-12-10,2017-05-01,colunas,colunas
69200,148281,0.859375,Aviso,Aviso,2015-12-10,2017-05-07,colunas,colunas
69200,155215,0.8984375,Aviso,Aviso,2015-12-10,2017-06-30,colunas,colunas
69200,155558,0.8984375,Aviso,Aviso,2015-12-10,2017-07-03,colunas,colunas
69200,156146,0.8984375,Aviso,Aviso,2015-12-10,2017-07-07,colunas,colunas
69200,156779,0.8984375,Aviso,Aviso,2015-12-10,2017-07-14,colunas,colunas
69200,157095,1.0,Aviso,Aviso de férias,2015-12-10,2017-07-17,colunas,colunas
69200,157634,0.8984375,Aviso,Aviso de férias,2015-12-10,2017-07-21,colunas,colunas
69200,157638,0.8984375,Aviso,Aviso,2015-12-10,2017-07-21,colunas,colunas
69200,157840,1.0,Aviso,Aviso de férias,2015-12-10,2017-07-23,colunas,colunas
69200,158955,1.0,Aviso,Aviso de férias,2015-12-10,2017-07-31,colunas,colunas
69200,163843,1.0,Aviso,Aviso de férias,2015-12-10,2017-09-07,colunas,colunas
69200,164893,1.0,Aviso,Aviso,2015-12-10,2017-09-17,colunas,colunas
69331,70090,1.0,Confira as máscaras de emoji e outras bugigangas tecnológicas,Veja enfeite em formato de emoji para a árvore de Natal e outros produtos,2015-12-10,2015-12-14,tec,tec
69331,71433,1.0,Confira as máscaras de emoji e outras bugigangas tecnológicas,Veja a almofada para fãs de WhatsApp e outras compras tecnológicas,2015-12-10,2015-12-21,tec,tec
69331,72301,1.0,Confira as máscaras de emoji e outras bugigangas tecnológicas,Confira um teclado dobrável e outras bugigangas tecnológicas,2015-12-10,2015-12-28,tec,tec
69331,73016,1.0,Confira as máscaras de emoji e outras bugigangas tecnológicas,Veja o controle remoto com cara de smartphone e outros gadgets,2015-12-10,2016-01-02,tec,tec
69331,75776,1.0,Confira as máscaras de emoji e outras bugigangas tecnológicas,Veja as telas adicionais para notebook e outras compras tecnológicas,2015-12-10,2016-01-18,tec,tec
69331,76909,1.0,Confira as máscaras de emoji e outras bugigangas tecnológicas,Veja um skate com caixas de som e outras compras tecnológicas,2015-12-10,2016-01-25,tec,tec
69331,80320,1.0,Confira as máscaras de emoji e outras bugigangas tecnológicas,Veja um roteador portátil útil para viajantes e outros produtos,2015-12-10,2016-02-15,tec,tec
69331,82972,1.0,Confira as máscaras de emoji e outras bugigangas tecnológicas,Confira um 'mouse ambidestro' e outras compras tecnológicas,2015-12-10,2016-02-29,tec,tec
69331,85242,1.0,Confira as máscaras de emoji e outras bugigangas tecnológicas,Veja um smartphone com tela 4K e outros produtos tecnológicos,2015-12-10,2016-03-14,tec,tec
69331,87836,1.0,Confira as máscaras de emoji e outras bugigangas tecnológicas,Veja um carregador sem fio para o iPhone e outras compras tecnológicas,2015-12-10,2016-03-28,tec,tec
69331,88613,1.0,Confira as máscaras de emoji e outras bugigangas tecnológicas,Veja um gramofone para conectar ao celular e outras compras tecnológicas,2015-12-10,2016-04-01,tec,tec
69331,104379,1.0,Confira as máscaras de emoji e outras bugigangas tecnológicas,Veja o contador de seguidores de redes sociais e outras compras tecnológicas,2015-12-10,2016-07-03,tec,tec
69331,124130,1.0,Confira as máscaras de emoji e outras bugigangas tecnológicas,Confira o petisco wi-fi para cachorros e outras compras tecnológicas,2015-12-10,2016-11-01,tec,tec
69331,124680,1.0,Confira as máscaras de emoji e outras bugigangas tecnológicas,Veja um sensor de movimentos para TV e outras compras tecnológicas,2015-12-10,2016-11-04,tec,tec
69339,69496,1.0,Veja 7 motivos que explicam por que os bancos brasileiros continuam lucrando durante a crise,7 motivos por que os bancos brasileiros continuam lucrando durante a crise,2015-12-11,2015-12-11,asmais,mercado
69437,69583,0.9453125,Rosberg é aposta para pódio do GP do Brasil,Rosberg é aposta para pódio do GP do Brasil,2015-12-11,2015-12-11,esporte,tv
69462,69563,1.0,Evento debate economia de baixo carbono e impactos sociais no Brasil,Evento debate economia de baixo carbono no Brasil,2015-12-11,2015-12-11,mercado,seminariosfolha
69495,69564,0.8515625,Conheça os participantes de debate sobre economia de baixo carbono,Conheça os participantes do debate Economia de Baixo Carbono,2015-12-11,2015-12-11,mercado,seminariosfolha
69581,69582,1.0,Assista ao debate com candidatos à presidência da OAB-SP - parte 2,Assista ao debate com candidatos à presidência da OAB-SP - parte 1,2015-12-11,2015-12-11,tv,tv
69625,69631,1.0,Copa do Mundo deve ter vaga por convite após inchaço de participantes,Copa do Mundo deve ter vaga por convite após inchaço de participantes,2015-12-12,2015-12-12,esporte,esporte
69835,69836,1.0,"Brasil tornou Sinatra melhor, diz maestro Júlio Medaglia","Brasil tornou Sinatra melhor, diz maestro Júlio Medaglia",2015-12-13,2015-12-13,paineldoleitor,paineldoleitor
70063,70095,0.96875,Ato anti-Dilma que reuniu 40 mil em SP dá um respiro ao governo,Ato anti-Dilma que reuniu 40 mil em SP dá um respiro ao governo,2015-12-14,2015-12-14,poder,tv
70065,70079,0.90625,Deputados do PRB vão ao STF para ter Pinato em ação contra Cunha,STF nega liminar que permitiria volta de Fausto Pinato a ação contra Cunha,2015-12-14,2015-12-14,poder,poder
70090,71433,1.0,Veja enfeite em formato de emoji para a árvore de Natal e outros produtos,Veja a almofada para fãs de WhatsApp e outras compras tecnológicas,2015-12-14,2015-12-21,tec,tec
70090,72301,1.0,Veja enfeite em formato de emoji para a árvore de Natal e outros produtos,Confira um teclado dobrável e outras bugigangas tecnológicas,2015-12-14,2015-12-28,tec,tec
70090,73016,1.0,Veja enfeite em formato de emoji para a árvore de Natal e outros produtos,Veja o controle remoto com cara de smartphone e outros gadgets,2015-12-14,2016-01-02,tec,tec
70090,75776,1.0,Veja enfeite em formato de emoji para a árvore de Natal e outros produtos,Veja as telas adicionais para notebook e outras compras tecnológicas,2015-12-14,2016-01-18,tec,tec
70090,76909,1.0,Veja enfeite em formato de emoji para a árvore de Natal e outros produtos,Veja um skate com caixas de som e outras compras tecnológicas,2015-12-14,2016-01-25,tec,tec
70090,80320,1.0,Veja enfeite em formato de emoji para a árvore de Natal e outros produtos,Veja um roteador portátil útil para viajantes e outros produtos,2015-12-14,2016-02-15,tec,tec
70090,82972,1.0,Veja enfeite em formato de emoji para a árvore de Natal e outros produtos,Confira um 'mouse ambidestro' e outras compras tecnológicas,2015-12-14,2016-02-29,tec,tec
70090,85242,1.0,Veja enfeite em formato de emoji para a árvore de Natal e outros produtos,Veja um smartphone com tela 4K e outros produtos tecnológicos,2015-12-14,2016-03-14,tec,tec
70090,87836,1.0,Veja enfeite em formato de emoji para a árvore de Natal e outros produtos,Veja um carregador sem fio para o iPhone e outras compras tecnológicas,2015-12-14,2016-03-28,tec,tec
70090,88613,1.0,Veja enfeite em formato de emoji para a árvore de Natal e outros produtos,Veja um gramofone para conectar ao celular e outras compras tecnológicas,2015-12-14,2016-04-01,tec,tec
70090,104379,1.0,Veja enfeite em formato de emoji para a árvore de Natal e outros produtos,Veja o contador de seguidores de redes sociais e outras compras tecnológicas,2015-12-14,2016-07-03,tec,tec
70090,124130,1.0,Veja enfeite em formato de emoji para a árvore de Natal e outros produtos,Confira o petisco wi-fi para cachorros e outras compras tecnológicas,2015-12-14,2016-11-01,tec,tec
70090,124680,1.0,Veja enfeite em formato de emoji para a árvore de Natal e outros produtos,Veja um sensor de movimentos para TV e outras compras tecnológicas,2015-12-14,2016-11-04,tec,tec
70097,70184,1.0,"Diversificar vira estratégia para investir no turbulento 2016, diz estrategista","Diversificar vira estratégia para investir no turbulento 2016, diz estrategista",2015-12-14,2015-12-15,tv,mercado
70306,70307,0.9296875,Museu do Amanhã será inaugurado no Rio após cinco anos de obras,"Mapa mostra como será o Museu do Amanhã, no Rio",2015-12-15,2015-12-15,tv,tv
70621,78780,0.90625,Veja opções para contornar bloqueio de 48 horas do WhatsApp,Veja opções para contornar o bloqueio do WhatsApp,2015-12-17,2016-02-05,mercado,tec
70745,72613,0.9609375,Aviso,Aviso,2015-12-18,2015-12-31,colunas,colunas
70745,72741,0.859375,Aviso,Aviso,2015-12-18,2016-01-01,colunas,colunas
70745,75798,0.859375,Aviso,Aviso,2015-12-18,2016-01-19,colunas,colunas
70745,77981,0.8828125,Aviso,Aviso,2015-12-18,2016-02-01,colunas,colunas
70745,93729,0.859375,Aviso,Aviso,2015-12-18,2016-05-01,colunas,colunas
70745,107483,1.0,Aviso,Aviso,2015-12-18,2016-07-23,colunas,colunas
70745,114436,0.8828125,Aviso,Aviso,2015-12-18,2016-09-01,colunas,colunas
70745,116281,0.8828125,Aviso,Aviso,2015-12-18,2016-09-13,colunas,colunas
70745,117588,0.9609375,Aviso,Aviso,2015-12-18,2016-09-21,colunas,colunas
70745,121712,0.9609375,Aviso,AVISO,2015-12-18,2016-10-18,colunas,colunas
70745,128648,0.859375,Aviso,Aviso,2015-12-18,2016-12-01,colunas,colunas
70745,136632,1.0,Aviso,Aviso,2015-12-18,2017-02-01,colunas,colunas
70745,138513,0.859375,Aviso,Aviso,2015-12-18,2017-02-17,colunas,colunas
70745,139896,0.859375,Aviso,Aviso,2015-12-18,2017-02-28,colunas,colunas
70745,147463,0.8828125,Aviso,Aviso,2015-12-18,2017-05-01,colunas,colunas
70745,148281,0.8828125,Aviso,Aviso,2015-12-18,2017-05-07,colunas,colunas
70745,155215,0.859375,Aviso,Aviso,2015-12-18,2017-06-30,colunas,colunas
70745,155558,0.859375,Aviso,Aviso,2015-12-18,2017-07-03,colunas,colunas
70745,156146,0.859375,Aviso,Aviso,2015-12-18,2017-07-07,colunas,colunas
70745,156779,0.859375,Aviso,Aviso,2015-12-18,2017-07-14,colunas,colunas
70745,157095,0.9609375,Aviso,Aviso de férias,2015-12-18,2017-07-17,colunas,colunas
70745,157634,0.859375,Aviso,Aviso de férias,2015-12-18,2017-07-21,colunas,colunas
70745,157638,0.859375,Aviso,Aviso,2015-12-18,2017-07-21,colunas,colunas
70745,157840,0.9609375,Aviso,Aviso de férias,2015-12-18,2017-07-23,colunas,colunas
70745,158955,0.9609375,Aviso,Aviso de férias,2015-12-18,2017-07-31,colunas,colunas
70745,163843,0.9609375,Aviso,Aviso de férias,2015-12-18,2017-09-07,colunas,colunas
70745,164893,0.9609375,Aviso,Aviso,2015-12-18,2017-09-17,colunas,colunas
70755,116137,0.8828125,Aviso,Aviso,2015-12-18,2016-09-12,colunas,colunas
70755,160130,0.875,Aviso,Aviso,2015-12-18,2017-08-09,colunas,colunas
70842,70932,0.9453125,Bloqueio do WhatsApp afetará a briga entre empresas de internet e Justiça,Liberação do WhatsApp não encerra polêmica disputa com Justiça brasileira,2015-12-18,2015-12-18,mercado,tec
71410,86575,1.0,Confira a agenda desta semana,Confira a agenda desta semana,2015-12-21,2016-03-21,poder,poder
71433,72301,1.0,Veja a almofada para fãs de WhatsApp e outras compras tecnológicas,Confira um teclado dobrável e outras bugigangas tecnológicas,2015-12-21,2015-12-28,tec,tec
71433,73016,1.0,Veja a almofada para fãs de WhatsApp e outras compras tecnológicas,Veja o controle remoto com cara de smartphone e outros gadgets,2015-12-21,2016-01-02,tec,tec
71433,75776,1.0,Veja a almofada para fãs de WhatsApp e outras compras tecnológicas,Veja as telas adicionais para notebook e outras compras tecnológicas,2015-12-21,2016-01-18,tec,tec
71433,76909,1.0,Veja a almofada para fãs de WhatsApp e outras compras tecnológicas,Veja um skate com caixas de som e outras compras tecnológicas,2015-12-21,2016-01-25,tec,tec
71433,80320,1.0,Veja a almofada para fãs de WhatsApp e outras compras tecnológicas,Veja um roteador portátil útil para viajantes e outros produtos,2015-12-21,2016-02-15,tec,tec
71433,82972,1.0,Veja a almofada para fãs de WhatsApp e outras compras tecnológicas,Confira um 'mouse ambidestro' e outras compras tecnológicas,2015-12-21,2016-02-29,tec,tec
71433,85242,1.0,Veja a almofada para fãs de WhatsApp e outras compras tecnológicas,Veja um smartphone com tela 4K e outros produtos tecnológicos,2015-12-21,2016-03-14,tec,tec
71433,87836,1.0,Veja a almofada para fãs de WhatsApp e outras compras tecnológicas,Veja um carregador sem fio para o iPhone e outras compras tecnológicas,2015-12-21,2016-03-28,tec,tec
71433,88613,1.0,Veja a almofada para fãs de WhatsApp e outras compras tecnológicas,Veja um gramofone para conectar ao celular e outras compras tecnológicas,2015-12-21,2016-04-01,tec,tec
71433,104379,1.0,Veja a almofada para fãs de WhatsApp e outras compras tecnológicas,Veja o contador de seguidores de redes sociais e outras compras tecnológicas,2015-12-21,2016-07-03,tec,tec
71433,124130,1.0,Veja a almofada para fãs de WhatsApp e outras compras tecnológicas,Confira o petisco wi-fi para cachorros e outras compras tecnológicas,2015-12-21,2016-11-01,tec,tec
71433,124680,1.0,Veja a almofada para fãs de WhatsApp e outras compras tecnológicas,Veja um sensor de movimentos para TV e outras compras tecnológicas,2015-12-21,2016-11-04,tec,tec
71494,103953,0.875,"Cartola da federação de atletismo ocultou doping russo, diz jornal",Federação internacional bane três dirigentes e um técnico do atletismo,2015-12-22,2016-07-01,esporte,esporte
71745,76289,1.0,Acompanhe a repercussão do pedido de impeachment de Dilma,Acompanhe a repercussão do pedido de impeachment de Dilma,2015-12-23,2016-01-21,poder,poder
71760,72614,0.9140625,Aviso,Aviso,2015-12-24,2015-12-31,colunas,colunas
71760,72624,0.9140625,Aviso,Aviso,2015-12-24,2015-12-31,colunas,colunas
71760,89706,0.9296875,Aviso,Aviso,2015-12-24,2016-04-08,colunas,colunas
71760,97819,0.9453125,Aviso,Aviso,2015-12-24,2016-05-26,colunas,colunas
71760,103910,0.90625,Aviso,Aviso,2015-12-24,2016-07-01,colunas,colunas
71760,103923,0.90625,Aviso,Aviso,2015-12-24,2016-07-01,colunas,colunas
71760,104390,0.90625,Aviso,Aviso,2015-12-24,2016-07-04,colunas,colunas
71760,130920,0.90625,Aviso,Aviso,2015-12-24,2016-12-15,colunas,colunas
71793,71945,0.984375,"Policiais rodoviários que entrarem em greve terão corte de ponto, diz Cardozo",Cardozo determina corte de pontos dos policiais rodoviários que entrarem em greve,2015-12-24,2015-12-25,cotidiano,poder
71959,77974,0.9296875,Aviso,Aviso,2015-12-26,2016-02-01,colunas,colunas
71959,98876,0.9140625,Aviso,Aviso,2015-12-26,2016-06-02,colunas,colunas
72149,72154,1.0,Ex-militante pela queda de Dilma se foca em combate à corrupção,Ex-militante pela queda de Dilma se foca em combate à corrupção,2015-12-27,2015-12-27,poder,poder
72174,112727,0.921875,Aviso,Aviso,2015-12-28,2016-08-22,colunas,colunas
72174,114970,0.8515625,Aviso,Aviso,2015-12-28,2016-09-05,colunas,colunas
72174,128159,1.0,Aviso,Aviso,2015-12-28,2016-11-28,colunas,colunas
72295,72297,0.9765625,Retrospectiva Poder: Ano é marcado por desarticulação do governo e crise econômica,Retrospectiva 'Poder': Ano é marcado por desarticulação do governo,2015-12-28,2015-12-28,poder,poder
72295,72304,0.9609375,Retrospectiva Poder: Ano é marcado por desarticulação do governo e crise econômica,Retrospectiva 'Poder': Ano é marcado por desarticulação do governo,2015-12-28,2015-12-28,poder,tv
72297,72304,0.9375,Retrospectiva 'Poder': Ano é marcado por desarticulação do governo,Retrospectiva 'Poder': Ano é marcado por desarticulação do governo,2015-12-28,2015-12-28,poder,tv
72301,73016,1.0,Confira um teclado dobrável e outras bugigangas tecnológicas,Veja o controle remoto com cara de smartphone e outros gadgets,2015-12-28,2016-01-02,tec,tec
72301,75776,1.0,Confira um teclado dobrável e outras bugigangas tecnológicas,Veja as telas adicionais para notebook e outras compras tecnológicas,2015-12-28,2016-01-18,tec,tec
72301,76909,1.0,Confira um teclado dobrável e outras bugigangas tecnológicas,Veja um skate com caixas de som e outras compras tecnológicas,2015-12-28,2016-01-25,tec,tec
72301,80320,1.0,Confira um teclado dobrável e outras bugigangas tecnológicas,Veja um roteador portátil útil para viajantes e outros produtos,2015-12-28,2016-02-15,tec,tec
72301,82972,1.0,Confira um teclado dobrável e outras bugigangas tecnológicas,Confira um 'mouse ambidestro' e outras compras tecnológicas,2015-12-28,2016-02-29,tec,tec
72301,85242,1.0,Confira um teclado dobrável e outras bugigangas tecnológicas,Veja um smartphone com tela 4K e outros produtos tecnológicos,2015-12-28,2016-03-14,tec,tec
72301,87836,1.0,Confira um teclado dobrável e outras bugigangas tecnológicas,Veja um carregador sem fio para o iPhone e outras compras tecnológicas,2015-12-28,2016-03-28,tec,tec
72301,88613,1.0,Confira um teclado dobrável e outras bugigangas tecnológicas,Veja um gramofone para conectar ao celular e outras compras tecnológicas,2015-12-28,2016-04-01,tec,tec
72301,104379,1.0,Confira um teclado dobrável e outras bugigangas tecnológicas,Veja o contador de seguidores de redes sociais e outras compras tecnológicas,2015-12-28,2016-07-03,tec,tec
72301,124130,1.0,Confira um teclado dobrável e outras bugigangas tecnológicas,Confira o petisco wi-fi para cachorros e outras compras tecnológicas,2015-12-28,2016-11-01,tec,tec
72301,124680,1.0,Confira um teclado dobrável e outras bugigangas tecnológicas,Veja um sensor de movimentos para TV e outras compras tecnológicas,2015-12-28,2016-11-04,tec,tec
72404,72453,1.0,"Retrospectiva: Com refugiados e terroristas, Europa se viu dividida","Retrospectiva: Com refugiados e terroristas, Europa se viu dividida",2015-12-29,2015-12-29,mundo,tv
72404,72454,0.9375,"Retrospectiva: Com refugiados e terroristas, Europa se viu dividida","Retrospectiva 'Mundo': Com refugiados e terroristas, Europa se viu dividida",2015-12-29,2015-12-29,mundo,tv
72453,72454,0.9375,"Retrospectiva: Com refugiados e terroristas, Europa se viu dividida","Retrospectiva 'Mundo': Com refugiados e terroristas, Europa se viu dividida",2015-12-29,2015-12-29,tv,tv
72487,72605,1.0,Retrospectiva 'Cotidiano': Zika e lama tumultuam Brasil em 2015,Retrospectiva 'Cotidiano': Zika e lama tumultuam Brasil em 2015,2015-12-30,2015-12-30,cotidiano,tv
72613,72741,0.8984375,Aviso,Aviso,2015-12-31,2016-01-01,colunas,colunas
72613,75798,0.8984375,Aviso,Aviso,2015-12-31,2016-01-19,colunas,colunas
72613,77981,0.859375,Aviso,Aviso,2015-12-31,2016-02-01,colunas,colunas
72613,93729,0.8984375,Aviso,Aviso,2015-12-31,2016-05-01,colunas,colunas
72613,107483,0.9609375,Aviso,Aviso,2015-12-31,2016-07-23,colunas,colunas
72613,114436,0.859375,Aviso,Aviso,2015-12-31,2016-09-01,colunas,colunas
72613,116281,0.859375,Aviso,Aviso,2015-12-31,2016-09-13,colunas,colunas
72613,117588,1.0,Aviso,Aviso,2015-12-31,2016-09-21,colunas,colunas
72613,121712,1.0,Aviso,AVISO,2015-12-31,2016-10-18,colunas,colunas
72613,128648,0.8984375,Aviso,Aviso,2015-12-31,2016-12-01,colunas,colunas
72613,136632,0.9609375,Aviso,Aviso,2015-12-31,2017-02-01,colunas,colunas
72613,138513,0.8984375,Aviso,Aviso,2015-12-31,2017-02-17,colunas,colunas
72613,139896,0.8984375,Aviso,Aviso,2015-12-31,2017-02-28,colunas,colunas
72613,147463,0.859375,Aviso,Aviso,2015-12-31,2017-05-01,colunas,colunas
72613,148281,0.859375,Aviso,Aviso,2015-12-31,2017-05-07,colunas,colunas
72613,155215,0.8984375,Aviso,Aviso,2015-12-31,2017-06-30,colunas,colunas
72613,155558,0.8984375,Aviso,Aviso,2015-12-31,2017-07-03,colunas,colunas
72613,156146,0.8984375,Aviso,Aviso,2015-12-31,2017-07-07,colunas,colunas
72613,156779,0.8984375,Aviso,Aviso,2015-12-31,2017-07-14,colunas,colunas
72613,157095,1.0,Aviso,Aviso de férias,2015-12-31,2017-07-17,colunas,colunas
72613,157634,0.8984375,Aviso,Aviso de férias,2015-12-31,2017-07-21,colunas,colunas
72613,157638,0.8984375,Aviso,Aviso,2015-12-31,2017-07-21,colunas,colunas
72613,157840,1.0,Aviso,Aviso de férias,2015-12-31,2017-07-23,colunas,colunas
72613,158955,1.0,Aviso,Aviso de férias,2015-12-31,2017-07-31,colunas,colunas
72613,163843,1.0,Aviso,Aviso de férias,2015-12-31,2017-09-07,colunas,colunas
72613,164893,1.0,Aviso,Aviso,2015-12-31,2017-09-17,colunas,colunas
72614,72624,1.0,Aviso,Aviso,2015-12-31,2015-12-31,colunas,colunas
72614,89706,0.9296875,Aviso,Aviso,2015-12-31,2016-04-08,colunas,colunas
72614,97819,0.9375,Aviso,Aviso,2015-12-31,2016-05-26,colunas,colunas
72614,103910,0.9140625,Aviso,Aviso,2015-12-31,2016-07-01,colunas,colunas
72614,103923,0.9140625,Aviso,Aviso,2015-12-31,2016-07-01,colunas,colunas
72614,104390,0.9140625,Aviso,Aviso,2015-12-31,2016-07-04,colunas,colunas
72624,89706,0.9296875,Aviso,Aviso,2015-12-31,2016-04-08,colunas,colunas
72624,97819,0.9375,Aviso,Aviso,2015-12-31,2016-05-26,colunas,colunas
72624,103910,0.9140625,Aviso,Aviso,2015-12-31,2016-07-01,colunas,colunas
72624,103923,0.9140625,Aviso,Aviso,2015-12-31,2016-07-01,colunas,colunas
72624,104390,0.9140625,Aviso,Aviso,2015-12-31,2016-07-04,colunas,colunas
72669,72733,0.90625,Retrospectiva 'Ilustrada': O ano em que cantor 'desconhecido' morreu e 'Chatô' saiu,Retrospectiva 'Ilustrada': O ano em que cantor 'desconhecido' morreu e 'Chatô' saiu,2015-12-31,2015-12-31,ilustrada,tv
72679,72830,0.96875,Facebook briga por internet grátis na Índia,Índia se torna palco de guerra entre Facebook e start-ups por internet livre,2015-12-31,2016-01-01,mercado,tec
72741,75798,1.0,Aviso,Aviso,2016-01-01,2016-01-19,colunas,colunas
72741,77981,0.9609375,Aviso,Aviso,2016-01-01,2016-02-01,colunas,colunas
72741,93729,1.0,Aviso,Aviso,2016-01-01,2016-05-01,colunas,colunas
72741,107483,0.859375,Aviso,Aviso,2016-01-01,2016-07-23,colunas,colunas
72741,114436,0.9609375,Aviso,Aviso,2016-01-01,2016-09-01,colunas,colunas
72741,116281,0.9609375,Aviso,Aviso,2016-01-01,2016-09-13,colunas,colunas
72741,117588,0.8984375,Aviso,Aviso,2016-01-01,2016-09-21,colunas,colunas
72741,121712,0.8984375,Aviso,AVISO,2016-01-01,2016-10-18,colunas,colunas
72741,128648,1.0,Aviso,Aviso,2016-01-01,2016-12-01,colunas,colunas
72741,136632,0.859375,Aviso,Aviso,2016-01-01,2017-02-01,colunas,colunas
72741,138513,1.0,Aviso,Aviso,2016-01-01,2017-02-17,colunas,colunas
72741,139896,1.0,Aviso,Aviso,2016-01-01,2017-02-28,colunas,colunas
72741,147463,0.9609375,Aviso,Aviso,2016-01-01,2017-05-01,colunas,colunas
72741,148281,0.9609375,Aviso,Aviso,2016-01-01,2017-05-07,colunas,colunas
72741,155215,1.0,Aviso,Aviso,2016-01-01,2017-06-30,colunas,colunas
72741,155558,1.0,Aviso,Aviso,2016-01-01,2017-07-03,colunas,colunas
72741,156146,1.0,Aviso,Aviso,2016-01-01,2017-07-07,colunas,colunas
72741,156779,1.0,Aviso,Aviso,2016-01-01,2017-07-14,colunas,colunas
72741,157095,0.8984375,Aviso,Aviso de férias,2016-01-01,2017-07-17,colunas,colunas
72741,157634,1.0,Aviso,Aviso de férias,2016-01-01,2017-07-21,colunas,colunas
72741,157638,1.0,Aviso,Aviso,2016-01-01,2017-07-21,colunas,colunas
72741,157840,0.8984375,Aviso,Aviso de férias,2016-01-01,2017-07-23,colunas,colunas
72741,158955,0.8984375,Aviso,Aviso de férias,2016-01-01,2017-07-31,colunas,colunas
72741,163843,0.8984375,Aviso,Aviso de férias,2016-01-01,2017-09-07,colunas,colunas
72741,164893,0.8984375,Aviso,Aviso,2016-01-01,2017-09-17,colunas,colunas
72746,75202,1.0,Aviso,Aviso,2016-01-01,2016-01-15,colunas,colunas
72746,80949,1.0,Aviso,Aviso,2016-01-01,2016-02-19,colunas,colunas
72746,97954,1.0,Aviso,Aviso,2016-01-01,2016-05-27,colunas,colunas
72746,109049,1.0,Aviso,Aviso,2016-01-01,2016-08-01,colunas,colunas
72852,74681,1.0,Superga (Torino) e Medellín,Superga (Torino) e Medellín,2016-01-02,2016-01-12,colunas,colunas
72945,88741,0.921875,"Grupo GEP, dono da Luigi Bertolli, pede recuperação judicial",Justiça aceita pedido de recuperação judicial de grupo dono da Luigi Bertolli,2016-01-02,2016-04-02,mercado,mercado
72953,78380,1.0,Inserção global do Brasil passa por solução de entraves econômicos,Inserção global do Brasil passa por solução de entraves econômicos,2016-01-02,2016-02-03,mercado,mercado
73016,75776,1.0,Veja o controle remoto com cara de smartphone e outros gadgets,Veja as telas adicionais para notebook e outras compras tecnológicas,2016-01-02,2016-01-18,tec,tec
73016,76909,1.0,Veja o controle remoto com cara de smartphone e outros gadgets,Veja um skate com caixas de som e outras compras tecnológicas,2016-01-02,2016-01-25,tec,tec
73016,80320,1.0,Veja o controle remoto com cara de smartphone e outros gadgets,Veja um roteador portátil útil para viajantes e outros produtos,2016-01-02,2016-02-15,tec,tec
73016,82972,1.0,Veja o controle remoto com cara de smartphone e outros gadgets,Confira um 'mouse ambidestro' e outras compras tecnológicas,2016-01-02,2016-02-29,tec,tec
73016,85242,1.0,Veja o controle remoto com cara de smartphone e outros gadgets,Veja um smartphone com tela 4K e outros produtos tecnológicos,2016-01-02,2016-03-14,tec,tec
73016,87836,1.0,Veja o controle remoto com cara de smartphone e outros gadgets,Veja um carregador sem fio para o iPhone e outras compras tecnológicas,2016-01-02,2016-03-28,tec,tec
73016,88613,1.0,Veja o controle remoto com cara de smartphone e outros gadgets,Veja um gramofone para conectar ao celular e outras compras tecnológicas,2016-01-02,2016-04-01,tec,tec
73016,104379,1.0,Veja o controle remoto com cara de smartphone e outros gadgets,Veja o contador de seguidores de redes sociais e outras compras tecnológicas,2016-01-02,2016-07-03,tec,tec
73016,124130,1.0,Veja o controle remoto com cara de smartphone e outros gadgets,Confira o petisco wi-fi para cachorros e outras compras tecnológicas,2016-01-02,2016-11-01,tec,tec
73016,124680,1.0,Veja o controle remoto com cara de smartphone e outros gadgets,Veja um sensor de movimentos para TV e outras compras tecnológicas,2016-01-02,2016-11-04,tec,tec
73220,73397,0.984375,Sabedoria do passado,Sabedoria do passado,2016-01-04,2016-01-05,colunas,colunas
73303,78566,0.9140625,Investimentos e poupança no Brasil vão a debate,Investimentos e poupança vão a debate nesta 2ª,2016-01-04,2016-02-04,mercado,mercado
73303,89123,0.890625,Investimentos e poupança no Brasil vão a debate,Investimentos e poupança vão a debate nesta 2ª,2016-01-04,2016-04-04,mercado,mercado
73316,73388,0.9765625,"'O Brasil está careta', dizem atores do musical dos Mamonas Assassinas","'O Brasil está careta', dizem atores do musical dos Mamonas Assassinas",2016-01-04,2016-01-04,multimidia,tv
73386,73387,1.0,Veja como aplicar papel de parede,Veja como pintar uma parede,2016-01-04,2016-01-04,tv,tv
73475,98266,1.0,"Veja cartum de Bruno Maron na ""Ilustríssima"" desta semana",Veja o cartum de Bruno Maron na edição deste domingo,2016-01-05,2016-05-29,ilustrissima,ilustrissima
73475,125464,1.0,"Veja cartum de Bruno Maron na ""Ilustríssima"" desta semana",Veja o cartum de Bruno Maron publicado neste domingo,2016-01-05,2016-11-09,ilustrissima,ilustrissima
73475,131410,1.0,"Veja cartum de Bruno Maron na ""Ilustríssima"" desta semana",Veja o cartum de Bruno Maron publicado nesta edição da Ilustríssima,2016-01-05,2016-12-18,ilustrissima,ilustrissima
73475,134427,1.0,"Veja cartum de Bruno Maron na ""Ilustríssima"" desta semana",Veja o cartum de Bruno Maron para a edição deste domingo,2016-01-05,2017-01-15,ilustrissima,ilustrissima
73913,89544,0.921875,Aviso,Aviso,2016-01-08,2016-04-07,colunas,colunas
74539,79673,0.9375,Feriado de Finados suspende rodízio e afeta metrô e trens de São Paulo,Feriado de Finados suspende rodízio e afeta metrô e trens de São Paulo,2016-01-11,2016-02-11,cotidiano,cotidiano
74703,128526,1.0,Chapecoense terá que usar categoria base para encerrar o ano,Chapecoense terá que usar atletas da base para encerrar o ano,2016-01-12,2016-11-30,esporte,esporte
74793,74797,1.0,"Para Planalto, Lava Jato e Congresso erraram em disputa","Com medo de guerra entre poderes, Temer busca ganhar tempo",2016-01-12,2016-01-12,poder,poder
74879,128805,0.9609375,"Na praia, certo é usar protetor com fator 50, diz dermatologista","Na praia, certo é usar protetor com fator 50, diz dermatologista",2016-01-13,2016-12-01,equilibrioesaude,tv
74970,75005,1.0,"Desafio da oposição na Venezuela é se manter coesa, diz correspondente","Desafio da oposição na Venezuela é se manter coesa, diz correspondente",2016-01-13,2016-01-13,mundo,tv
74988,75006,0.921875,Pedido de cassação não é 1º obstáculo na vida de Cunha; veja outros casos,Pedido de cassação não é 1º obstáculo na vida de Cunha; entenda,2016-01-13,2016-01-13,poder,tv
75202,80949,1.0,Aviso,Aviso,2016-01-15,2016-02-19,colunas,colunas
75202,97954,1.0,Aviso,Aviso,2016-01-15,2016-05-27,colunas,colunas
75202,109049,1.0,Aviso,Aviso,2016-01-15,2016-08-01,colunas,colunas
75582,75592,0.8984375,Sugestões para presentes e decoração com até 63% de desconto,Sugestões de bijouterias e acessórios com até 44% de desconto,2016-01-17,2016-01-17,saopaulo,saopaulo
75588,75593,0.9375,Equipe a cozinha com utensílios e apetrechos com até 50% de desconto,Confira oito eletrodomésticos à venda com até 45% de desconto,2016-01-17,2016-01-17,saopaulo,saopaulo
75588,75596,0.96875,Equipe a cozinha com utensílios e apetrechos com até 50% de desconto,Sugestões de brinquedos para as crianças com até 45% de desconto,2016-01-17,2016-01-17,saopaulo,saopaulo
75588,75597,0.9140625,Equipe a cozinha com utensílios e apetrechos com até 50% de desconto,Veja roupas femininas e masculinas com até 60% de desconto,2016-01-17,2016-01-17,saopaulo,saopaulo
75588,75598,0.921875,Equipe a cozinha com utensílios e apetrechos com até 50% de desconto,Confira sugestões de calçados à venda com descontos de até 60%,2016-01-17,2016-01-17,saopaulo,saopaulo
75588,75599,0.953125,Equipe a cozinha com utensílios e apetrechos com até 50% de desconto,Confira sugestões de calçados sendo vendidos com descontos de até 60%,2016-01-17,2016-01-17,saopaulo,saopaulo
75588,75600,0.9375,Equipe a cozinha com utensílios e apetrechos com até 50% de desconto,Artigos esportivos com até 58% de desconto para sair do sofá,2016-01-17,2016-01-17,saopaulo,saopaulo
75593,75594,0.8984375,Confira oito eletrodomésticos à venda com até 45% de desconto,Lista traz produtos de reforma e construção com desconto de até 70%,2016-01-17,2016-01-17,saopaulo,saopaulo
75593,75596,0.96875,Confira oito eletrodomésticos à venda com até 45% de desconto,Sugestões de brinquedos para as crianças com até 45% de desconto,2016-01-17,2016-01-17,saopaulo,saopaulo
75593,75597,0.921875,Confira oito eletrodomésticos à venda com até 45% de desconto,Veja roupas femininas e masculinas com até 60% de desconto,2016-01-17,2016-01-17,saopaulo,saopaulo
75593,75598,0.921875,Confira oito eletrodomésticos à venda com até 45% de desconto,Confira sugestões de calçados à venda com descontos de até 60%,2016-01-17,2016-01-17,saopaulo,saopaulo
75593,75599,0.953125,Confira oito eletrodomésticos à venda com até 45% de desconto,Confira sugestões de calçados sendo vendidos com descontos de até 60%,2016-01-17,2016-01-17,saopaulo,saopaulo
75593,75600,0.9375,Confira oito eletrodomésticos à venda com até 45% de desconto,Artigos esportivos com até 58% de desconto para sair do sofá,2016-01-17,2016-01-17,saopaulo,saopaulo
75594,75596,0.9140625,Lista traz produtos de reforma e construção com desconto de até 70%,Sugestões de brinquedos para as crianças com até 45% de desconto,2016-01-17,2016-01-17,saopaulo,saopaulo
75594,75599,0.8984375,Lista traz produtos de reforma e construção com desconto de até 70%,Confira sugestões de calçados sendo vendidos com descontos de até 60%,2016-01-17,2016-01-17,saopaulo,saopaulo
75594,75600,0.8828125,Lista traz produtos de reforma e construção com desconto de até 70%,Artigos esportivos com até 58% de desconto para sair do sofá,2016-01-17,2016-01-17,saopaulo,saopaulo
75596,75597,0.9453125,Sugestões de brinquedos para as crianças com até 45% de desconto,Veja roupas femininas e masculinas com até 60% de desconto,2016-01-17,2016-01-17,saopaulo,saopaulo
75596,75598,0.953125,Sugestões de brinquedos para as crianças com até 45% de desconto,Confira sugestões de calçados à venda com descontos de até 60%,2016-01-17,2016-01-17,saopaulo,saopaulo
75596,75599,0.984375,Sugestões de brinquedos para as crianças com até 45% de desconto,Confira sugestões de calçados sendo vendidos com descontos de até 60%,2016-01-17,2016-01-17,saopaulo,saopaulo
75596,75600,0.96875,Sugestões de brinquedos para as crianças com até 45% de desconto,Artigos esportivos com até 58% de desconto para sair do sofá,2016-01-17,2016-01-17,saopaulo,saopaulo
75596,75601,0.859375,Sugestões de brinquedos para as crianças com até 45% de desconto,Veja 20 dicas de eletrônicos com descontos de até 60%,2016-01-17,2016-01-17,saopaulo,saopaulo
75597,75599,0.9296875,Veja roupas femininas e masculinas com até 60% de desconto,Confira sugestões de calçados sendo vendidos com descontos de até 60%,2016-01-17,2016-01-17,saopaulo,saopaulo
75597,75600,0.921875,Veja roupas femininas e masculinas com até 60% de desconto,Artigos esportivos com até 58% de desconto para sair do sofá,2016-01-17,2016-01-17,saopaulo,saopaulo
75598,75599,0.96875,Confira sugestões de calçados à venda com descontos de até 60%,Confira sugestões de calçados sendo vendidos com descontos de até 60%,2016-01-17,2016-01-17,saopaulo,saopaulo
75598,75600,0.921875,Confira sugestões de calçados à venda com descontos de até 60%,Artigos esportivos com até 58% de desconto para sair do sofá,2016-01-17,2016-01-17,saopaulo,saopaulo
75599,75600,0.953125,Confira sugestões de calçados sendo vendidos com descontos de até 60%,Artigos esportivos com até 58% de desconto para sair do sofá,2016-01-17,2016-01-17,saopaulo,saopaulo
75696,75875,0.9921875,"Sem perspectiva de reação, ações da Petrobras viram aposta de risco",Saiba o que fazer se você tem ações da Petrobras,2016-01-18,2016-01-19,mercado,mercado
75776,76909,1.0,Veja as telas adicionais para notebook e outras compras tecnológicas,Veja um skate com caixas de som e outras compras tecnológicas,2016-01-18,2016-01-25,tec,tec
75776,80320,1.0,Veja as telas adicionais para notebook e outras compras tecnológicas,Veja um roteador portátil útil para viajantes e outros produtos,2016-01-18,2016-02-15,tec,tec
75776,82972,1.0,Veja as telas adicionais para notebook e outras compras tecnológicas,Confira um 'mouse ambidestro' e outras compras tecnológicas,2016-01-18,2016-02-29,tec,tec
75776,85242,1.0,Veja as telas adicionais para notebook e outras compras tecnológicas,Veja um smartphone com tela 4K e outros produtos tecnológicos,2016-01-18,2016-03-14,tec,tec
75776,87836,1.0,Veja as telas adicionais para notebook e outras compras tecnológicas,Veja um carregador sem fio para o iPhone e outras compras tecnológicas,2016-01-18,2016-03-28,tec,tec
75776,88613,1.0,Veja as telas adicionais para notebook e outras compras tecnológicas,Veja um gramofone para conectar ao celular e outras compras tecnológicas,2016-01-18,2016-04-01,tec,tec
75776,104379,1.0,Veja as telas adicionais para notebook e outras compras tecnológicas,Veja o contador de seguidores de redes sociais e outras compras tecnológicas,2016-01-18,2016-07-03,tec,tec
75776,124130,1.0,Veja as telas adicionais para notebook e outras compras tecnológicas,Confira o petisco wi-fi para cachorros e outras compras tecnológicas,2016-01-18,2016-11-01,tec,tec
75776,124680,1.0,Veja as telas adicionais para notebook e outras compras tecnológicas,Veja um sensor de movimentos para TV e outras compras tecnológicas,2016-01-18,2016-11-04,tec,tec
75798,77981,0.9609375,Aviso,Aviso,2016-01-19,2016-02-01,colunas,colunas
75798,93729,1.0,Aviso,Aviso,2016-01-19,2016-05-01,colunas,colunas
75798,107483,0.859375,Aviso,Aviso,2016-01-19,2016-07-23,colunas,colunas
75798,114436,0.9609375,Aviso,Aviso,2016-01-19,2016-09-01,colunas,colunas
75798,116281,0.9609375,Aviso,Aviso,2016-01-19,2016-09-13,colunas,colunas
75798,117588,0.8984375,Aviso,Aviso,2016-01-19,2016-09-21,colunas,colunas
75798,121712,0.8984375,Aviso,AVISO,2016-01-19,2016-10-18,colunas,colunas
75798,128648,1.0,Aviso,Aviso,2016-01-19,2016-12-01,colunas,colunas
75798,136632,0.859375,Aviso,Aviso,2016-01-19,2017-02-01,colunas,colunas
75798,138513,1.0,Aviso,Aviso,2016-01-19,2017-02-17,colunas,colunas
75798,139896,1.0,Aviso,Aviso,2016-01-19,2017-02-28,colunas,colunas
75798,147463,0.9609375,Aviso,Aviso,2016-01-19,2017-05-01,colunas,colunas
75798,148281,0.9609375,Aviso,Aviso,2016-01-19,2017-05-07,colunas,colunas
75798,155215,1.0,Aviso,Aviso,2016-01-19,2017-06-30,colunas,colunas
75798,155558,1.0,Aviso,Aviso,2016-01-19,2017-07-03,colunas,colunas
75798,156146,1.0,Aviso,Aviso,2016-01-19,2017-07-07,colunas,colunas
75798,156779,1.0,Aviso,Aviso,2016-01-19,2017-07-14,colunas,colunas
75798,157095,0.8984375,Aviso,Aviso de férias,2016-01-19,2017-07-17,colunas,colunas
75798,157634,1.0,Aviso,Aviso de férias,2016-01-19,2017-07-21,colunas,colunas
75798,157638,1.0,Aviso,Aviso,2016-01-19,2017-07-21,colunas,colunas
75798,157840,0.8984375,Aviso,Aviso de férias,2016-01-19,2017-07-23,colunas,colunas
75798,158955,0.8984375,Aviso,Aviso de férias,2016-01-19,2017-07-31,colunas,colunas
75798,163843,0.8984375,Aviso,Aviso de férias,2016-01-19,2017-09-07,colunas,colunas
75798,164893,0.8984375,Aviso,Aviso,2016-01-19,2017-09-17,colunas,colunas
75921,75946,1.0,"Após ganhar marchinha, 'Japonês da Federal' vira máscara de Carnaval","Após ganhar marchinha, 'Japonês da Federal' vira máscara de Carnaval",2016-01-19,2016-01-19,poder,tv
75935,75948,1.0,"MBL vai protestar pela saída de Eduardo Cunha, diz Kim Kataguiri","MBL vai protestar pela saída de Eduardo Cunha, diz Kim Kataguiri",2016-01-19,2016-01-19,poder,tv
76164,76303,1.0,Festival no MIS reúne bandas formadas por refugiados em SP; conheça,Festival no MIS reúne bandas formadas por refugiados em SP; conheça,2016-01-21,2016-01-21,cotidiano,tv
76635,76896,0.9140625,Filho de Ciro Gomes é baleado em tentativa de assalto no Ceará,Filho de Ciro Gomes é baleado em tentativa de assalto no Ceará,2016-01-24,2016-01-25,cotidiano,poder
76789,76914,1.0,"Entenda o 'paulistanês', sotaque que reúne os 'manos' há 'mó cota'","Entenda o 'paulistanês', sotaque que reúne os 'manos' há 'mó cota'",2016-01-25,2016-01-25,cotidiano,tv
76803,128848,0.9453125,MEC divulga 1ª lista de aprovados no ProUni,MEC divulga 2ª lista de aprovados no ProUni,2016-01-25,2016-12-02,educacao,educacao
76816,76817,1.0,"Mostra revê todas as fases da obra de Mondrian, pioneiro do neoplasticismo","Mostra revê todas as fases da obra de Mondrian, pioneiro do neoplasticismo",2016-01-25,2016-01-25,ilustrada,ilustrada
76900,92755,0.984375,Veja a agenda desta semana,Confira a agenda desta semana,2016-01-25,2016-04-25,poder,poder
76909,80320,1.0,Veja um skate com caixas de som e outras compras tecnológicas,Veja um roteador portátil útil para viajantes e outros produtos,2016-01-25,2016-02-15,tec,tec
76909,82972,1.0,Veja um skate com caixas de som e outras compras tecnológicas,Confira um 'mouse ambidestro' e outras compras tecnológicas,2016-01-25,2016-02-29,tec,tec
76909,85242,1.0,Veja um skate com caixas de som e outras compras tecnológicas,Veja um smartphone com tela 4K e outros produtos tecnológicos,2016-01-25,2016-03-14,tec,tec
76909,87836,1.0,Veja um skate com caixas de som e outras compras tecnológicas,Veja um carregador sem fio para o iPhone e outras compras tecnológicas,2016-01-25,2016-03-28,tec,tec
76909,88613,1.0,Veja um skate com caixas de som e outras compras tecnológicas,Veja um gramofone para conectar ao celular e outras compras tecnológicas,2016-01-25,2016-04-01,tec,tec
76909,104379,1.0,Veja um skate com caixas de som e outras compras tecnológicas,Veja o contador de seguidores de redes sociais e outras compras tecnológicas,2016-01-25,2016-07-03,tec,tec
76909,124130,1.0,Veja um skate com caixas de som e outras compras tecnológicas,Confira o petisco wi-fi para cachorros e outras compras tecnológicas,2016-01-25,2016-11-01,tec,tec
76909,124680,1.0,Veja um skate com caixas de som e outras compras tecnológicas,Veja um sensor de movimentos para TV e outras compras tecnológicas,2016-01-25,2016-11-04,tec,tec
77094,77380,1.0,"Fazer currículos diferentes é boa estratégia, dizem especialistas","Fazer currículos diferentes é boa estratégia, dizem especialistas",2016-01-26,2016-01-28,tv,mercado
77326,77518,1.0,"Zika pode atingir 1,5 milhão no país e 4 milhões nas Américas, diz OMS","Zika pode atingir 1,5 milhão no país e 4 milhões nas Américas, diz OMS",2016-01-28,2016-01-29,cotidiano,cotidiano
77532,77664,1.0,"Com bolsa para estudar, trans relatam inclusão após prostituição e abandono","Com bolsa para estudar, trans relatam inclusão após prostituição e abandono",2016-01-29,2016-01-29,cotidiano,tv
77677,77678,1.0,A lua vai ao cinema,'A Lua Vem da Ásia' vai virar filme,2016-01-30,2016-01-30,colunas,colunas
77787,77788,1.0,ONG cria 'moeda' única e mostra que agricultura é mais eficiente que a pecuária no país,ONG cria 'moeda' única e mostra que agricultura é mais eficiente que a pecuária no país,2016-01-31,2016-01-31,ambiente,ciencia
77974,98876,0.8984375,Aviso,Aviso,2016-02-01,2016-06-02,colunas,colunas
77981,93729,0.9609375,Aviso,Aviso,2016-02-01,2016-05-01,colunas,colunas
77981,107483,0.8828125,Aviso,Aviso,2016-02-01,2016-07-23,colunas,colunas
77981,114436,1.0,Aviso,Aviso,2016-02-01,2016-09-01,colunas,colunas
77981,116281,1.0,Aviso,Aviso,2016-02-01,2016-09-13,colunas,colunas
77981,117588,0.859375,Aviso,Aviso,2016-02-01,2016-09-21,colunas,colunas
77981,121712,0.859375,Aviso,AVISO,2016-02-01,2016-10-18,colunas,colunas
77981,128648,0.9609375,Aviso,Aviso,2016-02-01,2016-12-01,colunas,colunas
77981,136632,0.8828125,Aviso,Aviso,2016-02-01,2017-02-01,colunas,colunas
77981,138513,0.9609375,Aviso,Aviso,2016-02-01,2017-02-17,colunas,colunas
77981,139896,0.9609375,Aviso,Aviso,2016-02-01,2017-02-28,colunas,colunas
77981,147463,1.0,Aviso,Aviso,2016-02-01,2017-05-01,colunas,colunas
77981,148281,1.0,Aviso,Aviso,2016-02-01,2017-05-07,colunas,colunas
77981,155215,0.9609375,Aviso,Aviso,2016-02-01,2017-06-30,colunas,colunas
77981,155558,0.9609375,Aviso,Aviso,2016-02-01,2017-07-03,colunas,colunas
77981,156146,0.9609375,Aviso,Aviso,2016-02-01,2017-07-07,colunas,colunas
77981,156779,0.9609375,Aviso,Aviso,2016-02-01,2017-07-14,colunas,colunas
77981,157095,0.859375,Aviso,Aviso de férias,2016-02-01,2017-07-17,colunas,colunas
77981,157634,0.9609375,Aviso,Aviso de férias,2016-02-01,2017-07-21,colunas,colunas
77981,157638,0.9609375,Aviso,Aviso,2016-02-01,2017-07-21,colunas,colunas
77981,157840,0.859375,Aviso,Aviso de férias,2016-02-01,2017-07-23,colunas,colunas
77981,158955,0.859375,Aviso,Aviso de férias,2016-02-01,2017-07-31,colunas,colunas
77981,163843,0.859375,Aviso,Aviso de férias,2016-02-01,2017-09-07,colunas,colunas
77981,164893,0.859375,Aviso,Aviso,2016-02-01,2017-09-17,colunas,colunas
77989,82999,0.8984375,Motorista deve enfrentar lentidão nas estradas durante todo o domingo,Volta do feriadão de fim de ano deve lotar estradas paulistas neste domingo,2016-02-01,2016-03-01,cotidiano,cotidiano
78104,78270,1.0,"""Se fosse jovem para engravidar, teria medo"", diz estrangeira sobre o zika","'Se fosse jovem para engravidar, teria medo', diz estrangeira sobre o zika",2016-02-02,2016-02-02,cotidiano,tv
78470,109023,1.0,"
		Zona oeste de SP ganha status por ser ""perto de tudo""
		","
		Com um dos m² mais caros de SP, zona oeste tem status por ser ""perto de tudo""
		",2016-02-03,2016-07-31,sobretudo,sobretudo
78480,78484,1.0,"Mudar de carreira exige plano para cinco anos, diz especialista","Mudar de carreira exige plano para cinco anos, diz especialista",2016-02-03,2016-02-03,tv,tv
78566,89123,0.9765625,Investimentos e poupança vão a debate nesta 2ª,Investimentos e poupança vão a debate nesta 2ª,2016-02-04,2016-04-04,mercado,mercado
78642,93144,0.9609375,Seminário discutirá políticas sociais em grandes centros urbanos,Seminário internacional discutirá políticas sociais em grandes centros urbanos,2016-02-05,2016-04-27,cotidiano,seminariosfolha
78670,137204,0.96875,"Fora da Olimpíada do Rio por cinco centésimos, Lanza vira favorito","Em meio à crise, natação brasileira testa nova safra no Maria Lenk",2016-02-05,2017-02-05,esporte,esporte
78711,78721,0.90625,WhatsApp sai do ar por 72 horas no Brasil por determinação da Justiça,"Após bloqueio do WhatsApp, hackers derrubam sites oficiais de Sergipe",2016-02-05,2016-02-05,mercado,mercado
78829,98392,0.8828125,Mais de 600 mil já se inscreveram no Sisu; prazo termina nesta quinta,Sisu abre inscrição para 56 mil vagas a partir desta segunda,2016-02-06,2016-05-30,educacao,educacao
78896,83900,1.0,Arena do Marketing debate medidas anticorrupção na publicidade na terça,Arena do Marketing debate medidas anticorrupção na publicidade na terça,2016-02-06,2016-03-06,mercado,mercado
78896,89461,1.0,Arena do Marketing debate medidas anticorrupção na publicidade na terça,Arena do Marketing debate medidas anticorrupção na publicidade na terça,2016-02-06,2016-04-06,mercado,mercado
78896,94639,1.0,Arena do Marketing debate medidas anticorrupção na publicidade na terça,Arena do Marketing debate medidas anticorrupção na publicidade na terça,2016-02-06,2016-05-06,mercado,mercado
78896,104767,0.984375,Arena do Marketing debate medidas anticorrupção na publicidade na terça,Arena do Marketing debate medidas anticorrupção na publicidade na terça,2016-02-06,2016-07-06,mercado,mercado
78999,108347,1.0,Pelé vai lançar clipe de música que compôs para a Olimpíada,Pelé vai lançar clipe de música que compôs para a Olimpíada,2016-02-07,2016-07-28,colunas,colunas
79007,79008,1.0,Brasileira vítima de violência doméstica no Japão obtém autorização judicial para voltar,Brasileira vítima de violência doméstica no Japão obtém autorização judicial para voltar,2016-02-07,2016-02-07,cotidiano,cotidiano
79099,79100,0.9453125,"Dubladora de games, cantora Luiza Caspary milita pela música inclusiva",Veja versão acessível de musical com Luiza Caspary,2016-02-07,2016-02-07,tv,tv
79121,112375,1.0,Cardozo e filha de Temer têm encontro cordial em palestra sobre democracia,Cardozo e filha de Temer têm encontro cordial em palestra sobre democracia,2016-02-08,2016-08-20,colunas,colunas
79280,79282,1.0,Quanto custa ao país realizar uma Olimpíada?,Quanto custa ao país realizar uma Olimpíada?,2016-02-08,2016-02-08,tv,tv
79447,79619,1.0,Músico indica Jazz nos Fundos e Pinacoteca como opções de passeio em SP,Músico indica Jazz nos Fundos e Pinacoteca como opções de passeio em SP,2016-02-09,2016-02-10,saopaulo,saopaulo
79508,105522,1.0,"Plebiscito não é sobre meu governo e, sim, sobre futuro melhor, diz Santos","Antes de ganhar Nobel da Paz, Santos disse à Folha crer na reconciliação",2016-02-10,2016-07-10,mundo,mundo
79582,84618,0.921875,Doria só não vence em duas zonas eleitorais de São Paulo,Doria ganha em áreas tradicionais do PT,2016-02-10,2016-03-10,poder,poder
80087,82681,1.0,Veja o cartum da série Ogro deste domingo,Veja cartum da série Ogro de Rafa Campos,2016-02-14,2016-02-28,ilustrissima,ilustrissima
80087,92548,1.0,Veja o cartum da série Ogro deste domingo,"Veja cartum da série Ogro, de Rafa Campos",2016-02-14,2016-04-24,ilustrissima,ilustrissima
80320,82972,1.0,Veja um roteador portátil útil para viajantes e outros produtos,Confira um 'mouse ambidestro' e outras compras tecnológicas,2016-02-15,2016-02-29,tec,tec
80320,85242,1.0,Veja um roteador portátil útil para viajantes e outros produtos,Veja um smartphone com tela 4K e outros produtos tecnológicos,2016-02-15,2016-03-14,tec,tec
80320,87836,1.0,Veja um roteador portátil útil para viajantes e outros produtos,Veja um carregador sem fio para o iPhone e outras compras tecnológicas,2016-02-15,2016-03-28,tec,tec
80320,88613,1.0,Veja um roteador portátil útil para viajantes e outros produtos,Veja um gramofone para conectar ao celular e outras compras tecnológicas,2016-02-15,2016-04-01,tec,tec
80320,104379,1.0,Veja um roteador portátil útil para viajantes e outros produtos,Veja o contador de seguidores de redes sociais e outras compras tecnológicas,2016-02-15,2016-07-03,tec,tec
80320,124130,1.0,Veja um roteador portátil útil para viajantes e outros produtos,Confira o petisco wi-fi para cachorros e outras compras tecnológicas,2016-02-15,2016-11-01,tec,tec
80320,124680,1.0,Veja um roteador portátil útil para viajantes e outros produtos,Veja um sensor de movimentos para TV e outras compras tecnológicas,2016-02-15,2016-11-04,tec,tec
80381,81676,0.96875,Unesp divulga lista de aprovados na 1ª chamada do vestibular 2016,Unesp divulga lista de aprovados em 2ª chamada do vestibular 2016,2016-02-16,2016-02-23,educacao,educacao
80929,80930,1.0,"Folha defende regulação econômica da mídia, diz editor-executivo do jornal","Folha defende regulação econômica da mídia, diz editor-executivo do jornal",2016-02-18,2016-02-18,tv,tv
80949,97954,1.0,Aviso,Aviso,2016-02-19,2016-05-27,colunas,colunas
80949,109049,1.0,Aviso,Aviso,2016-02-19,2016-08-01,colunas,colunas
81075,86240,0.984375,Parlamentarismo pode ser solução para crise política no Brasil? Sim,Parlamentarismo pode ser solução para crise política no Brasil? Sim,2016-02-19,2016-03-19,opiniao,opiniao
81093,81124,0.9296875,Jornalistas descrevem dificuldades da cobertura de conflitos,Jornalistas descrevem dificuldades da cobertura de conflitos,2016-02-19,2016-02-19,poder,tv
82119,136952,0.9140625,Descubra quem pode ser incluído como dependente no IR,Descubra quem pode ser considerado dependente no Imposto de Renda,2016-02-25,2017-02-03,mercado,mercado
82217,82230,0.9609375,Cientista faz 'bullying' em robô para demonstrar sua resistência,Cientista faz 'bullying' em robô para demonstrar sua resistência; assista,2016-02-25,2016-02-26,tec,ciencia
82529,82889,1.0,Inserção do Brasil na economia global vai a debate na segunda-feira,Inserção do Brasil na economia global vai a debate nesta segunda-feira,2016-02-27,2016-02-29,mercado,mercado
82563,82590,0.8984375,"Gregorio Duvivier, Barbara Gancia e Tas leem os Erramos mais engraçados","Gregorio Duvivier, Barbara Gancia e Tas leem os Erramos mais engraçados",2016-02-27,2016-02-27,poder,tv
82633,93198,1.0,De volta à escola: Já calibrou a lousa hoje?,Tati Bernardi: Já calibrou a lousa hoje?,2016-02-28,2016-04-28,educacao,educacao
82634,93197,1.0,De volta à escola: Personagens se assemelham aos que vi nos anos 1970,Luiz Felipe Pondé: Personagens se assemelham aos que vi nos anos 1970,2016-02-28,2016-04-28,educacao,educacao
82650,82792,0.9453125,Repórteres da 'Ilustrada' apontam favoritos às vésperas do Oscar 2016,Repórteres da 'Ilustrada' apontam favoritos às vésperas do Oscar 2016,2016-02-28,2016-02-28,ilustrada,tv
82681,92548,1.0,Veja cartum da série Ogro de Rafa Campos,"Veja cartum da série Ogro, de Rafa Campos",2016-02-28,2016-04-24,ilustrissima,ilustrissima
82972,85242,1.0,Confira um 'mouse ambidestro' e outras compras tecnológicas,Veja um smartphone com tela 4K e outros produtos tecnológicos,2016-02-29,2016-03-14,tec,tec
82972,87836,1.0,Confira um 'mouse ambidestro' e outras compras tecnológicas,Veja um carregador sem fio para o iPhone e outras compras tecnológicas,2016-02-29,2016-03-28,tec,tec
82972,88613,1.0,Confira um 'mouse ambidestro' e outras compras tecnológicas,Veja um gramofone para conectar ao celular e outras compras tecnológicas,2016-02-29,2016-04-01,tec,tec
82972,104379,1.0,Confira um 'mouse ambidestro' e outras compras tecnológicas,Veja o contador de seguidores de redes sociais e outras compras tecnológicas,2016-02-29,2016-07-03,tec,tec
82972,124130,1.0,Confira um 'mouse ambidestro' e outras compras tecnológicas,Confira o petisco wi-fi para cachorros e outras compras tecnológicas,2016-02-29,2016-11-01,tec,tec
82972,124680,1.0,Confira um 'mouse ambidestro' e outras compras tecnológicas,Veja um sensor de movimentos para TV e outras compras tecnológicas,2016-02-29,2016-11-04,tec,tec
83108,83818,0.96875,Sacrifícios para quem?,Sacrifícios para quem?,2016-03-02,2016-03-06,colunas,colunas
83258,94324,0.859375,Defesa de Palocci entra com recurso para tentar anular delações premiadas,STF mantém decisão que negou pedido de Palocci para anular delações,2016-03-02,2016-05-04,poder,poder
83413,83432,0.9140625,Delcídio cita Dilma e Lula em acordo de delação premiada,"Em nota, ex-presidente Lula diz que jamais participou de ilegalidade",2016-03-03,2016-03-03,poder,poder
83471,83633,0.96875,Stents desnecessários só beneficiam indústria e quem dela ganha comissões,Stents desnecessários só beneficiam indústria e quem dela ganha comissões,2016-03-04,2016-03-05,colunas,colunas
83811,92956,0.859375,"Shakespeare: Iara Jamra interpreta ""Os Dois Cavalheiros de Verona""","Em especial, Oswaldo Mendes interpreta Shakespeare; assista",2016-03-05,2016-04-26,tv,tv
83900,89461,1.0,Arena do Marketing debate medidas anticorrupção na publicidade na terça,Arena do Marketing debate medidas anticorrupção na publicidade na terça,2016-03-06,2016-04-06,mercado,mercado
83900,94639,1.0,Arena do Marketing debate medidas anticorrupção na publicidade na terça,Arena do Marketing debate medidas anticorrupção na publicidade na terça,2016-03-06,2016-05-06,mercado,mercado
83900,104767,0.984375,Arena do Marketing debate medidas anticorrupção na publicidade na terça,Arena do Marketing debate medidas anticorrupção na publicidade na terça,2016-03-06,2016-07-06,mercado,mercado
84312,89827,0.9375,Prazo para pagar guia do eSocial de julho acaba nesta sexta-feira,Prazo para pagar guia do eSocial de julho acaba nesta sexta-feira,2016-03-08,2016-04-08,mercado,mercado
84312,94975,0.9375,Prazo para pagar guia do eSocial de julho acaba nesta sexta-feira,Prazo para pagar guia do eSocial de julho acaba nesta sexta-feira,2016-03-08,2016-05-08,mercado,mercado
84514,110202,0.90625,Aviso,Aviso,2016-03-10,2016-08-08,colunas,colunas
84541,84546,0.9921875,"'Demônio de Neon' até cria clima sombrio, mas não sai do lugar","'Demônio de Neon' cria clima sombrio, mas não sai do lugar",2016-03-10,2016-03-10,ilustrada,ilustrada
84553,90134,0.9921875,Bons atores coadjuvantes de humor não funcionam juntos em filme de assalto,Galifianakis e Owen Wilson não funcionam juntos em comédia,2016-03-10,2016-04-10,ilustrada,ilustrada
84657,90247,0.9140625,Enem 2016: Veja orientações de estudos em literatura,Enem 2016: Veja orientações de estudos sobre geografia,2016-03-10,2016-04-10,tv,tv
84657,95365,0.9140625,Enem 2016: Veja orientações de estudos em literatura,Enem 2016: Veja orientações de estudos sobre história,2016-03-10,2016-05-10,tv,tv
84657,100362,0.875,Enem 2016: Veja orientações de estudos em literatura,Enem 2016: Veja orientações de estudos sobre sociologia,2016-03-10,2016-06-10,tv,tv
84657,105557,0.9296875,Enem 2016: Veja orientações de estudos em literatura,Enem 2016: Veja orientações de estudos sobre gramática,2016-03-10,2016-07-10,tv,tv
84657,120750,0.9375,Enem 2016: Veja orientações de estudos em literatura,Enem 2016: Veja orientações de estudos sobre física,2016-03-10,2016-10-10,tv,tv
84657,125692,0.9140625,Enem 2016: Veja orientações de estudos em literatura,Enem 2016: Veja orientações de estudos sobre química,2016-03-10,2016-11-10,tv,tv
84669,113234,0.8828125,Aviso,Aviso,2016-03-11,2016-08-25,colunas,colunas
84669,124152,0.8828125,Aviso,Aviso,2016-03-11,2016-11-02,colunas,colunas
85016,85023,0.96875,"Cai número de brasileiros otimistas, diz Datafolha","Cai de 59% para 42% número de brasileiros otimistas, diz Datafolha",2016-03-13,2016-03-13,poder,poder
85017,85024,1.0,Leitores da Folha dizem aprovar ação contra Lula,Leitores da Folha dizem aprovar condução coercitiva contra Lula,2016-03-13,2016-03-13,poder,poder
85242,87836,1.0,Veja um smartphone com tela 4K e outros produtos tecnológicos,Veja um carregador sem fio para o iPhone e outras compras tecnológicas,2016-03-14,2016-03-28,tec,tec
85242,88613,1.0,Veja um smartphone com tela 4K e outros produtos tecnológicos,Veja um gramofone para conectar ao celular e outras compras tecnológicas,2016-03-14,2016-04-01,tec,tec
85242,104379,1.0,Veja um smartphone com tela 4K e outros produtos tecnológicos,Veja o contador de seguidores de redes sociais e outras compras tecnológicas,2016-03-14,2016-07-03,tec,tec
85242,124130,1.0,Veja um smartphone com tela 4K e outros produtos tecnológicos,Confira o petisco wi-fi para cachorros e outras compras tecnológicas,2016-03-14,2016-11-01,tec,tec
85242,124680,1.0,Veja um smartphone com tela 4K e outros produtos tecnológicos,Veja um sensor de movimentos para TV e outras compras tecnológicas,2016-03-14,2016-11-04,tec,tec
85569,85571,0.90625,"Dólar recua e Bolsa sobe com Fed e petróleo, apesar de incertezas políticas",Investidor internacional compra papéis brasileiros após divulgação de gravação de Dilma e Lula,2016-03-16,2016-03-16,mercado,mercado
85951,85952,0.9921875,Vídeo mostra reação nas ruas após nomeação de Lula,Vídeo mostra reação nas ruas após nomeação de Lula,2016-03-17,2016-03-17,tv,tv
86219,142156,0.9765625,"Jornalistas ingleses investigam, por dentro, narcotráfico latino-americano","Para jornalista, América Latina vive 'Holocausto movido pela cocaína'",2016-03-19,2017-03-19,ilustrada,ilustrada
86268,86269,1.0,"Em show, Elza Soares pede 'luta' e diz que 'não vai ter golpe'","Em show, Elza Soares pede 'luta' e diz que 'não vai ter golpe'",2016-03-19,2016-03-19,tv,tv
86570,86571,0.9921875,Coluna de ombudsman sobre teorias conspiratórias é elogiada por leitores,Coluna de ombudsman sobre teorias conspiratórias é elogiada por leitores,2016-03-21,2016-03-21,paineldoleitor,paineldoleitor
86866,88064,0.890625,Aviso,Aviso,2016-03-23,2016-03-30,colunas,colunas
87123,87124,1.0,Brasil fez sua melhor partida nesta Copa,Agradeçam ao Barça a recuperação de Romário,2016-03-24,2016-03-24,esporte,esporte
87321,87756,0.859375,'TV Folha' transmite evento Arena do Marketing ao vivo na próxima quarta,Presidente da Y&R Brasil é o convidado do Arena na quarta,2016-03-25,2016-03-28,mercado,mercado
87345,87357,0.9375,Manifestantes do MTST fazem protesto em shopping do Rio,Manifestantes do MTST fazem protesto em shopping do Rio,2016-03-25,2016-03-25,poder,tv
87441,87561,1.0,Astrologia,Astrologia,2016-03-26,2016-03-27,ilustrada,ilustrada
87653,87928,0.9140625,Folha promove debate sobre tecnologia de realidade virtual,Folha promove debate sobre tecnologia de realidade virtual,2016-03-27,2016-03-29,tec,mercado
87683,87694,0.8671875,"Após surto de gripe, pais não acham pediatras na periferia de SP; veja vídeo",Haddad admite falta de médicos e diz que busca a redução da carência em SP,2016-03-28,2016-03-28,cotidiano,cotidiano
87777,87842,0.921875,Vulcão mexicano solta coluna de fumaça de 2 km de altura; veja vídeo,Vulcão mexicano solta coluna de fumaça de 2 km de altura,2016-03-28,2016-03-28,mundo,tv
87821,87997,0.875,Agência confirma que recebeu R$ 6 mi ilegalmente da campanha de Dilma,Delação de dona de agência de comunicação ligada ao PT é dividida,2016-03-28,2016-03-29,poder,poder
87836,88613,1.0,Veja um carregador sem fio para o iPhone e outras compras tecnológicas,Veja um gramofone para conectar ao celular e outras compras tecnológicas,2016-03-28,2016-04-01,tec,tec
87836,104379,1.0,Veja um carregador sem fio para o iPhone e outras compras tecnológicas,Veja o contador de seguidores de redes sociais e outras compras tecnológicas,2016-03-28,2016-07-03,tec,tec
87836,124130,1.0,Veja um carregador sem fio para o iPhone e outras compras tecnológicas,Confira o petisco wi-fi para cachorros e outras compras tecnológicas,2016-03-28,2016-11-01,tec,tec
87836,124680,1.0,Veja um carregador sem fio para o iPhone e outras compras tecnológicas,Veja um sensor de movimentos para TV e outras compras tecnológicas,2016-03-28,2016-11-04,tec,tec
87840,87841,0.9765625,Liniker canta 'Remonta',Liniker canta 'Zero',2016-03-28,2016-03-28,tv,tv
88448,88449,0.96875,Movimentos sociais fazem atos contra impeachment em 25 capitais,"Líder do governo na Câmara, deputado José Guimarães (PT) é hostilizado",2016-03-31,2016-03-31,tv,tv
88459,88460,0.984375,Tabela periódica ganha mais quatro elementos e completa a sétima linha,Tabela periódica ganha mais quatro elementos e completa a sétima linha,2016-04-01,2016-04-01,ciencia,ciencia
88500,88571,1.0,"Mulheres se criticam oito vezes por dia, diz estudo","Mulheres se criticam oito vezes por dia, diz estudo",2016-04-01,2016-04-01,equilibrioesaude,mulher
88570,88618,1.0,"Em ano instável, investidor deve aplicar parte em moeda estrangeira","Em ano instável, investidor deve aplicar parte em moeda estrangeira",2016-04-01,2016-04-01,mercado,tv
88570,93810,1.0,"Em ano instável, investidor deve aplicar parte em moeda estrangeira","Em ano instável, investidor deve aplicar parte do dinheiro em moeda estrangeira",2016-04-01,2016-05-01,mercado,mercado
88613,104379,1.0,Veja um gramofone para conectar ao celular e outras compras tecnológicas,Veja o contador de seguidores de redes sociais e outras compras tecnológicas,2016-04-01,2016-07-03,tec,tec
88613,124130,1.0,Veja um gramofone para conectar ao celular e outras compras tecnológicas,Confira o petisco wi-fi para cachorros e outras compras tecnológicas,2016-04-01,2016-11-01,tec,tec
88613,124680,1.0,Veja um gramofone para conectar ao celular e outras compras tecnológicas,Veja um sensor de movimentos para TV e outras compras tecnológicas,2016-04-01,2016-11-04,tec,tec
88618,93810,1.0,"Em ano instável, investidor deve aplicar parte em moeda estrangeira","Em ano instável, investidor deve aplicar parte do dinheiro em moeda estrangeira",2016-04-01,2016-05-01,tv,mercado
88734,124220,1.0,Receita libera no dia 11 consulta a lote de restituições da malha fina,Receita libera nesta quinta consulta a lote de restituições da malha fina,2016-04-02,2016-11-02,mercado,mercado
89389,94441,0.9140625,'A Grande Virada' é o tema do Fronteiras do Pensamento em 2016,'A Grande Virada' é o tema do Fronteiras do Pensamento em 2016,2016-04-05,2016-05-05,tv,ilustrada
89461,94639,1.0,Arena do Marketing debate medidas anticorrupção na publicidade na terça,Arena do Marketing debate medidas anticorrupção na publicidade na terça,2016-04-06,2016-05-06,mercado,mercado
89461,104767,0.984375,Arena do Marketing debate medidas anticorrupção na publicidade na terça,Arena do Marketing debate medidas anticorrupção na publicidade na terça,2016-04-06,2016-07-06,mercado,mercado
89706,97819,0.9453125,Aviso,Aviso,2016-04-08,2016-05-26,colunas,colunas
89706,103910,0.921875,Aviso,Aviso,2016-04-08,2016-07-01,colunas,colunas
89706,103923,0.921875,Aviso,Aviso,2016-04-08,2016-07-01,colunas,colunas
89706,104390,0.921875,Aviso,Aviso,2016-04-08,2016-07-04,colunas,colunas
89706,130920,0.9140625,Aviso,Aviso,2016-04-08,2016-12-15,colunas,colunas
89723,121021,1.0,Aviso,Aviso,2016-04-08,2016-10-13,colunas,colunas
89827,94975,1.0,Prazo para pagar guia do eSocial de julho acaba nesta sexta-feira,Prazo para pagar guia do eSocial de julho acaba nesta sexta-feira,2016-04-08,2016-05-08,mercado,mercado
90141,95257,0.8984375,"Instituto Brincante reabre em nova sede na Vila Madalena, em SP","Instituto Brincante reabre em nova sede na Vila Madalena, em São Paulo",2016-04-10,2016-05-10,ilustrada,ilustrada
90247,95365,0.9453125,Enem 2016: Veja orientações de estudos sobre geografia,Enem 2016: Veja orientações de estudos sobre história,2016-04-10,2016-05-10,tv,tv
90247,100362,0.8984375,Enem 2016: Veja orientações de estudos sobre geografia,Enem 2016: Veja orientações de estudos sobre sociologia,2016-04-10,2016-06-10,tv,tv
90247,105557,0.9375,Enem 2016: Veja orientações de estudos sobre geografia,Enem 2016: Veja orientações de estudos sobre gramática,2016-04-10,2016-07-10,tv,tv
90247,120750,0.8984375,Enem 2016: Veja orientações de estudos sobre geografia,Enem 2016: Veja orientações de estudos sobre física,2016-04-10,2016-10-10,tv,tv
90247,125692,0.9140625,Enem 2016: Veja orientações de estudos sobre geografia,Enem 2016: Veja orientações de estudos sobre química,2016-04-10,2016-11-10,tv,tv
90328,100427,0.9921875,'The Crown' aborda conflitos interiores da jovem rainha Elizabeth 2ª,'The Crown' tenta se aproximar dos conflitos interiores de Elizabeth 2ª,2016-04-11,2016-06-11,ilustrada,ilustrada
90356,110753,0.9765625,Receita libera consulta ao 6º lote do Imposto de Renda 2016 na terça,Receita abre consulta ao 6º lote do Imposto de Renda 2016 nesta terça,2016-04-11,2016-08-11,mercado,mercado
90466,126076,1.0,Veja cartum de Jean Galvão publicado neste domingo,Veja o cartum de Jean Galvão publicado no caderno neste domingo,2016-04-12,2016-11-13,ilustrissima,ilustrissima
90466,136293,1.0,Veja cartum de Jean Galvão publicado neste domingo,Veja o novo cartum de Jean Galvão,2016-04-12,2017-01-29,ilustrissima,ilustrissima
90466,159142,1.0,Veja cartum de Jean Galvão publicado neste domingo,Veja o cartum de Jean Galvão para a edição deste domingo,2016-04-12,2017-08-01,ilustrissima,ilustrissima
90697,129281,0.875,Governo recorre contra suspensão de posse do ministro da Justiça,Justiça de Brasília suspende nomeação de ministro da Justiça,2016-04-13,2016-12-04,poder,poder
91787,91905,0.9140625,Campeã mundial de snowboard morre em avalanche aos 21 anos,Morre campeã mundial de snowboard,2016-04-19,2016-04-19,esporte,tv
92787,92956,0.9140625,"Em especial sobre Shakespeare, ator Jhe Oliveira interpreta obra do autor","Em especial, Oswaldo Mendes interpreta Shakespeare; assista",2016-04-25,2016-04-26,tv,tv
92789,96264,0.8828125,Entenda as regras do boxe,Entenda as regras do hipismo,2016-04-25,2016-05-16,tv,tv
92789,96265,0.8515625,Entenda as regras do boxe,Entenda as regras do futebol,2016-04-25,2016-05-16,tv,tv
92789,119977,0.8984375,Entenda as regras do boxe,Entenda as regras do rúgbi,2016-04-25,2016-10-05,tv,tv
92789,119978,0.8671875,Entenda as regras do boxe,Entenda as regras do triatlo,2016-04-25,2016-10-05,tv,tv
93055,107077,0.9609375,"Fundos ganham da poupança na maioria dos casos com Selic a 14,25%","Fundos ganham da poupança na maioria dos casos com Selic a 14,25%",2016-04-27,2016-07-20,mercado,mercado
93055,109976,0.9609375,"Fundos ganham da poupança na maioria dos casos com Selic a 14,25%","Fundos ganham da poupança na maioria dos casos com Selic a 14,25%",2016-04-27,2016-08-06,mercado,mercado
93055,114318,0.9609375,"Fundos ganham da poupança na maioria dos casos com Selic a 14,25%","Fundos ganham da poupança na maioria dos casos com Selic a 14,25%",2016-04-27,2016-08-31,mercado,mercado
93055,121904,0.859375,"Fundos ganham da poupança na maioria dos casos com Selic a 14,25%",Fundos ganham da poupança na maioria dos casos com Selic a 14%,2016-04-27,2016-10-19,mercado,mercado
93729,107483,0.859375,Aviso,Aviso,2016-05-01,2016-07-23,colunas,colunas
93729,114436,0.9609375,Aviso,Aviso,2016-05-01,2016-09-01,colunas,colunas
93729,116281,0.9609375,Aviso,Aviso,2016-05-01,2016-09-13,colunas,colunas
93729,117588,0.8984375,Aviso,Aviso,2016-05-01,2016-09-21,colunas,colunas
93729,121712,0.8984375,Aviso,AVISO,2016-05-01,2016-10-18,colunas,colunas
93729,128648,1.0,Aviso,Aviso,2016-05-01,2016-12-01,colunas,colunas
93729,136632,0.859375,Aviso,Aviso,2016-05-01,2017-02-01,colunas,colunas
93729,138513,1.0,Aviso,Aviso,2016-05-01,2017-02-17,colunas,colunas
93729,139896,1.0,Aviso,Aviso,2016-05-01,2017-02-28,colunas,colunas
93729,147463,0.9609375,Aviso,Aviso,2016-05-01,2017-05-01,colunas,colunas
93729,148281,0.9609375,Aviso,Aviso,2016-05-01,2017-05-07,colunas,colunas
93729,155215,1.0,Aviso,Aviso,2016-05-01,2017-06-30,colunas,colunas
93729,155558,1.0,Aviso,Aviso,2016-05-01,2017-07-03,colunas,colunas
93729,156146,1.0,Aviso,Aviso,2016-05-01,2017-07-07,colunas,colunas
93729,156779,1.0,Aviso,Aviso,2016-05-01,2017-07-14,colunas,colunas
93729,157095,0.8984375,Aviso,Aviso de férias,2016-05-01,2017-07-17,colunas,colunas
93729,157634,1.0,Aviso,Aviso de férias,2016-05-01,2017-07-21,colunas,colunas
93729,157638,1.0,Aviso,Aviso,2016-05-01,2017-07-21,colunas,colunas
93729,157840,0.8984375,Aviso,Aviso de férias,2016-05-01,2017-07-23,colunas,colunas
93729,158955,0.8984375,Aviso,Aviso de férias,2016-05-01,2017-07-31,colunas,colunas
93729,163843,0.8984375,Aviso,Aviso de férias,2016-05-01,2017-09-07,colunas,colunas
93729,164893,0.8984375,Aviso,Aviso,2016-05-01,2017-09-17,colunas,colunas
93806,103987,0.984375,Prazo para pagar guia do eSocial de dezembro acaba nesta quinta,Prazo para pagar guia do eSocial de dezembro acaba nesta quinta,2016-05-01,2016-07-01,mercado,mercado
94639,104767,0.984375,Arena do Marketing debate medidas anticorrupção na publicidade na terça,Arena do Marketing debate medidas anticorrupção na publicidade na terça,2016-05-06,2016-07-06,mercado,mercado
94694,102071,1.0,Aviso,Aviso,2016-05-07,2016-06-21,colunas,colunas
94694,103333,1.0,Aviso,Aviso,2016-05-07,2016-06-28,colunas,colunas
94694,129717,1.0,Aviso,Aviso,2016-05-07,2016-12-07,colunas,colunas
94708,129731,1.0,Aviso,Aviso,2016-05-07,2016-12-07,colunas,colunas
95365,105557,0.921875,Enem 2016: Veja orientações de estudos sobre história,Enem 2016: Veja orientações de estudos sobre gramática,2016-05-10,2016-07-10,tv,tv
95365,120750,0.8984375,Enem 2016: Veja orientações de estudos sobre história,Enem 2016: Veja orientações de estudos sobre física,2016-05-10,2016-10-10,tv,tv
95365,125692,0.9140625,Enem 2016: Veja orientações de estudos sobre história,Enem 2016: Veja orientações de estudos sobre química,2016-05-10,2016-11-10,tv,tv
96024,103068,1.0,Veja o cartum do Ogro de Rafael Campos Rocha,"Veja o cartum da série ""ogro"" publicado neste domingo",2016-05-15,2016-06-26,ilustrissima,ilustrissima
96024,107694,1.0,Veja o cartum do Ogro de Rafael Campos Rocha,"Veja o cartum da série ""ogro"" publicado neste domingo",2016-05-15,2016-07-24,ilustrissima,ilustrissima
96024,111262,1.0,Veja o cartum do Ogro de Rafael Campos Rocha,"Veja cartum da série ""cabeças"" publicado neste domingo",2016-05-15,2016-08-14,ilustrissima,ilustrissima
96024,118180,1.0,Veja o cartum do Ogro de Rafael Campos Rocha,"Veja o cartum da série ""Cabeças"" de Rafael Campos Rocha",2016-05-15,2016-09-25,ilustrissima,ilustrissima
96024,120221,1.0,Veja o cartum do Ogro de Rafael Campos Rocha,"Veja o cartum da série ""ogro"" publicado neste domingo",2016-05-15,2016-10-07,ilustrissima,ilustrissima
96024,121465,1.0,Veja o cartum do Ogro de Rafael Campos Rocha,Veja o cartum de Rafael Campos Rocha da edição deste domingo,2016-05-15,2016-10-16,ilustrissima,ilustrissima
96024,125921,1.0,Veja o cartum do Ogro de Rafael Campos Rocha,Veja cartum de Rafael Campos Rocha publicado neste domingo,2016-05-15,2016-11-12,ilustrissima,ilustrissima
96024,129630,1.0,Veja o cartum do Ogro de Rafael Campos Rocha,"Veja o cartum da série ""ogro"" publicado nesta semana",2016-05-15,2016-12-06,ilustrissima,ilustrissima
96024,132223,1.0,Veja o cartum do Ogro de Rafael Campos Rocha,Veja o cartum de Rafael Campos Rocha deste domingo de Natal,2016-05-15,2016-12-25,ilustrissima,ilustrissima
96264,119977,0.8828125,Entenda as regras do hipismo,Entenda as regras do rúgbi,2016-05-16,2016-10-05,tv,tv
96264,119978,0.859375,Entenda as regras do hipismo,Entenda as regras do triatlo,2016-05-16,2016-10-05,tv,tv
96265,119977,0.8671875,Entenda as regras do futebol,Entenda as regras do rúgbi,2016-05-16,2016-10-05,tv,tv
96272,100048,0.9140625,Aviso,AVISO,2016-05-17,2016-06-09,colunas,colunas
96476,124688,1.0,Aviso,Aviso,2016-05-18,2016-11-05,colunas,colunas
96476,158107,1.0,Aviso,Aviso,2016-05-18,2017-07-25,colunas,colunas
96476,166842,1.0,Aviso,Aviso,2016-05-18,2017-09-30,colunas,colunas
96993,98993,0.9609375,Aviso,Aviso,2016-05-21,2016-06-03,colunas,colunas
97210,97211,0.9921875,Gisele conseguiu transformar-se em marca que vale mais que ser modelo,Gisele conseguiu transformar-se em marca que vale mais que ser modelo,2016-05-22,2016-05-22,mercado,mercado
97435,98055,0.8671875,PGR deve ampliar denúncia para incluir propina de R$ 10 mi a Pimentel,STJ homologa delação de empresário considerado operador de Pimentel,2016-05-23,2016-05-27,poder,poder
97819,103910,0.9296875,Aviso,Aviso,2016-05-26,2016-07-01,colunas,colunas
97819,103923,0.9296875,Aviso,Aviso,2016-05-26,2016-07-01,colunas,colunas
97819,104390,0.9296875,Aviso,Aviso,2016-05-26,2016-07-04,colunas,colunas
97819,130920,0.921875,Aviso,Aviso,2016-05-26,2016-12-15,colunas,colunas
97846,97851,0.9921875,Garota presta depoimento à polícia após queixa de estupro coletivo no Rio,Polícia do Rio pede prisão de quatro suspeitos após estupro coletivo,2016-05-26,2016-05-26,cotidiano,cotidiano
97954,109049,1.0,Aviso,Aviso,2016-05-27,2016-08-01,colunas,colunas
98266,125464,1.0,Veja o cartum de Bruno Maron na edição deste domingo,Veja o cartum de Bruno Maron publicado neste domingo,2016-05-29,2016-11-09,ilustrissima,ilustrissima
98266,131410,1.0,Veja o cartum de Bruno Maron na edição deste domingo,Veja o cartum de Bruno Maron publicado nesta edição da Ilustríssima,2016-05-29,2016-12-18,ilustrissima,ilustrissima
98266,134427,1.0,Veja o cartum de Bruno Maron na edição deste domingo,Veja o cartum de Bruno Maron para a edição deste domingo,2016-05-29,2017-01-15,ilustrissima,ilustrissima
98418,99576,0.9296875,Astrologia,Astrologia,2016-05-30,2016-06-06,ilustrada,ilustrada
98443,98604,1.0,'TV Folha' tira dúvidas sobre Previdência ao vivo nesta terça,'TV Folha' tira dúvidas sobre Previdência ao vivo nesta terça,2016-05-30,2016-05-31,mercado,mercado
98870,103996,1.0,"Férias é hora de flexibilizar regras dos condomínios, diz advogado; veja dicas","Férias é hora de flexibilizar regras dos condomínios, diz advogado; veja dicas",2016-06-01,2016-07-01,tv,mercado
98889,98890,0.9375,Estudioso devotado do futebol pernambucano,Mortes: Estudioso devotado do futebol pernambucano,2016-06-02,2016-06-02,cotidiano,cotidiano
99222,104462,0.96875,Europeu 'Mais Forte que Bombas' é mais um retrato de superação,'Mais Forte que Bombas' passa perto do drama de autoajuda,2016-06-04,2016-07-04,ilustrada,ilustrada
99231,104478,0.9921875,Folhainvest tira dúvidas de leitores sobre finanças pessoais,Folhainvest tira dúvidas de leitores sobre investimentos,2016-06-04,2016-07-04,mercado,mercado
99429,115050,0.9921875,Receita libera na segunda consulta a novo lote de restituições da malha fina,Receita libera nesta segunda consulta a lote de restituições da malha fina,2016-06-05,2016-09-05,mercado,mercado
99604,109956,0.9140625,Receita libera na quarta consulta ao primeiro lote de restituição do IR 2016,Receita libera consulta ao primeiro lote de restituição do IR 2016,2016-06-06,2016-08-06,mercado,mercado
99854,99855,1.0,"'Há uma ascensão fascista mundial que me perturba', diz cantor Thiago Pethit","'Ascensão fascista mundial me perturba', diz Thiago Pethit",2016-06-07,2016-06-07,tv,tv
99948,105177,0.953125,"
		Ao som de 'Marta é melhor que Neymar', seleção goleia e avança às quartas
		","
		Ao som de 'Marta é melhor que Neymar', seleção goleia e avança às quartas
		",2016-06-08,2016-07-08,esporte,esporte
100114,110318,0.8515625,Receita abre nesta quinta consulta ao 4º lote do Imposto de Renda 2016,Receita abre nesta segunda-feira consulta ao terceiro lote do IR 2016,2016-06-09,2016-08-08,mercado,mercado
100114,110487,1.0,Receita abre nesta quinta consulta ao 4º lote do Imposto de Renda 2016,Receita abre nesta quinta consulta ao 4º lote do Imposto de Renda 2016,2016-06-09,2016-08-09,mercado,mercado
100114,116715,0.9140625,Receita abre nesta quinta consulta ao 4º lote do Imposto de Renda 2016,Receita Federal deposita nesta quinta 4º lote do Imposto de Renda 2016,2016-06-09,2016-09-15,mercado,mercado
100362,105557,0.8984375,Enem 2016: Veja orientações de estudos sobre sociologia,Enem 2016: Veja orientações de estudos sobre gramática,2016-06-10,2016-07-10,tv,tv
100362,125692,0.8828125,Enem 2016: Veja orientações de estudos sobre sociologia,Enem 2016: Veja orientações de estudos sobre química,2016-06-10,2016-11-10,tv,tv
100445,117159,1.0,Veja o cartum de Cammarota publicado no caderno desta semana,Veja cartum de Ricardo Cammarota para edição deste domingo,2016-06-11,2016-09-18,ilustrissima,ilustrissima
100873,101619,0.9609375,"'Enormes construções' ameaçam a dinâmica das cidades, diz socióloga","'Enormes construções' ameaçam a dinâmica das cidades, diz socióloga",2016-06-14,2016-06-17,cotidiano,tv
101160,101161,1.0,Crise mundial fez TCU profissionalizar análises de contas do governo,Crise mundial fez TCU profissionalizar análises de contas do governo,2016-06-15,2016-06-15,poder,poder
101413,101631,0.9921875,Tiririca canta em festa junina da senadora Kátia Abreu; veja vídeo,Tiririca canta em festa junina da senadora Kátia Abreu,2016-06-16,2016-06-17,poder,tv
101582,101596,0.8671875,Veja quanto Machado diz em delação que cada político recebeu em propina,Alckmin defende reforma política ao comentar delação de Machado,2016-06-17,2016-06-17,poder,poder
101626,101629,1.0,Por que o desemprego chegou ao maior nível dos últimos anos?,Por que o desemprego chegou ao maior nível dos últimos anos? Veja vídeo,2016-06-17,2016-06-17,tv,tv
102071,103333,1.0,Aviso,Aviso,2016-06-21,2016-06-28,colunas,colunas
102071,129717,1.0,Aviso,Aviso,2016-06-21,2016-12-07,colunas,colunas
102230,109501,0.890625,Lewandowski devolve para Toffoli pedido de inquérito contra Renan,Impasse sobre relatoria trava pedido de novo inquérito contra Renan,2016-06-21,2016-08-03,poder,poder
102272,102674,1.0,Aviso,Aviso,2016-06-22,2016-06-24,colunas,colunas
102272,103518,1.0,Aviso,Aviso,2016-06-22,2016-06-29,colunas,colunas
102272,103704,1.0,Aviso,Aviso,2016-06-22,2016-06-30,colunas,colunas
102272,105885,1.0,Aviso,Aviso,2016-06-22,2016-07-13,colunas,colunas
102272,133275,0.9765625,Aviso,Aviso,2016-06-22,2017-01-04,colunas,colunas
102272,143454,1.0,Aviso,Aviso,2016-06-22,2017-03-29,colunas,colunas
102272,148303,0.9765625,Aviso,Aviso,2016-06-22,2017-05-07,colunas,colunas
102272,153319,1.0,Aviso,Aviso,2016-06-22,2017-06-16,colunas,colunas
102272,156403,0.9765625,Aviso,Aviso,2016-06-22,2017-07-09,colunas,colunas
102456,106061,1.0,Aviso,Aviso,2016-06-23,2016-07-14,colunas,colunas
102456,122038,1.0,Aviso,Aviso,2016-06-23,2016-10-20,colunas,colunas
102662,152797,1.0,Aviso,Aviso,2016-06-24,2017-06-10,colunas,colunas
102674,103518,1.0,Aviso,Aviso,2016-06-24,2016-06-29,colunas,colunas
102674,103704,1.0,Aviso,Aviso,2016-06-24,2016-06-30,colunas,colunas
102674,105885,1.0,Aviso,Aviso,2016-06-24,2016-07-13,colunas,colunas
102674,133275,0.9765625,Aviso,Aviso,2016-06-24,2017-01-04,colunas,colunas
102674,143454,1.0,Aviso,Aviso,2016-06-24,2017-03-29,colunas,colunas
102674,148303,0.9765625,Aviso,Aviso,2016-06-24,2017-05-07,colunas,colunas
102674,153319,1.0,Aviso,Aviso,2016-06-24,2017-06-16,colunas,colunas
102674,156403,0.9765625,Aviso,Aviso,2016-06-24,2017-07-09,colunas,colunas
102693,103536,0.9140625,"Com menos bolsas, MEC abre inscrição para Fies do 2° semestre nesta sexta",Candidatos a bolsa do Fies têm até esta quarta para se inscreverem,2016-06-24,2016-06-29,educacao,educacao
102694,103021,0.953125,Folha promove debate sobre nova base curricular na segunda; participe,Nova base curricular nacional é tema de debate na Folha; participe,2016-06-24,2016-06-26,educacao,educacao
102731,102933,0.9296875,Produtos da cultura pop britânica deixam transparecer xenofobia,Obras culturais britânicas revelam traços de rejeição a estrangeiros,2016-06-24,2016-06-25,ilustrada,mundo
102916,122937,0.9921875,"Internet está deixando o marketing preguiçoso, diz presidente de agência","Internet está deixando o marketing preguiçoso, diz presidente de agência de marketing VML",2016-06-25,2016-10-25,mercado,topofmind
103068,107694,1.0,"Veja o cartum da série ""ogro"" publicado neste domingo","Veja o cartum da série ""ogro"" publicado neste domingo",2016-06-26,2016-07-24,ilustrissima,ilustrissima
103068,111262,1.0,"Veja o cartum da série ""ogro"" publicado neste domingo","Veja cartum da série ""cabeças"" publicado neste domingo",2016-06-26,2016-08-14,ilustrissima,ilustrissima
103068,118180,1.0,"Veja o cartum da série ""ogro"" publicado neste domingo","Veja o cartum da série ""Cabeças"" de Rafael Campos Rocha",2016-06-26,2016-09-25,ilustrissima,ilustrissima
103068,120221,1.0,"Veja o cartum da série ""ogro"" publicado neste domingo","Veja o cartum da série ""ogro"" publicado neste domingo",2016-06-26,2016-10-07,ilustrissima,ilustrissima
103068,121465,1.0,"Veja o cartum da série ""ogro"" publicado neste domingo",Veja o cartum de Rafael Campos Rocha da edição deste domingo,2016-06-26,2016-10-16,ilustrissima,ilustrissima
103068,125921,1.0,"Veja o cartum da série ""ogro"" publicado neste domingo",Veja cartum de Rafael Campos Rocha publicado neste domingo,2016-06-26,2016-11-12,ilustrissima,ilustrissima
103068,129630,1.0,"Veja o cartum da série ""ogro"" publicado neste domingo","Veja o cartum da série ""ogro"" publicado nesta semana",2016-06-26,2016-12-06,ilustrissima,ilustrissima
103068,132223,1.0,"Veja o cartum da série ""ogro"" publicado neste domingo",Veja o cartum de Rafael Campos Rocha deste domingo de Natal,2016-06-26,2016-12-25,ilustrissima,ilustrissima
103333,129717,1.0,Aviso,Aviso,2016-06-28,2016-12-07,colunas,colunas
103488,103489,0.9609375,Vídeo mostra perseguição da GCM antes de tiro que matou menino em SP,Vídeos mostram perseguição da GCM e gritos após morte de menino em SP,2016-06-28,2016-06-28,tv,tv
103493,103494,0.9765625,Mandado ou mandato? Thaís Nicoleti explica diferença em estreia de quadro,Mandado ou mandato? Thaís Nicoleti explica diferença em estreia de quadro,2016-06-28,2016-06-28,tv,tv
103518,103704,1.0,Aviso,Aviso,2016-06-29,2016-06-30,colunas,colunas
103518,105885,1.0,Aviso,Aviso,2016-06-29,2016-07-13,colunas,colunas
103518,133275,0.9765625,Aviso,Aviso,2016-06-29,2017-01-04,colunas,colunas
103518,143454,1.0,Aviso,Aviso,2016-06-29,2017-03-29,colunas,colunas
103518,148303,0.9765625,Aviso,Aviso,2016-06-29,2017-05-07,colunas,colunas
103518,153319,1.0,Aviso,Aviso,2016-06-29,2017-06-16,colunas,colunas
103518,156403,0.9765625,Aviso,Aviso,2016-06-29,2017-07-09,colunas,colunas
103526,103533,0.921875,Miss Brasil 2004 é encontrada morta em Gramado (RS),"Miss achada morta pode ter se suicidado, diz polícia gaúcha",2016-06-29,2016-06-29,cotidiano,cotidiano
103698,103901,0.9453125,Janaína Paschoal é hostilizada em aeroporto de Brasília,Janaina Paschoal é hostilizada em aeroporto de Brasília,2016-06-30,2016-06-30,colunas,tv
103704,105885,1.0,Aviso,Aviso,2016-06-30,2016-07-13,colunas,colunas
103704,133275,0.9765625,Aviso,Aviso,2016-06-30,2017-01-04,colunas,colunas
103704,143454,1.0,Aviso,Aviso,2016-06-30,2017-03-29,colunas,colunas
103704,148303,0.9765625,Aviso,Aviso,2016-06-30,2017-05-07,colunas,colunas
103704,153319,1.0,Aviso,Aviso,2016-06-30,2017-06-16,colunas,colunas
103704,156403,0.9765625,Aviso,Aviso,2016-06-30,2017-07-09,colunas,colunas
103910,103923,1.0,Aviso,Aviso,2016-07-01,2016-07-01,colunas,colunas
103910,104390,1.0,Aviso,Aviso,2016-07-01,2016-07-04,colunas,colunas
103910,130920,0.8984375,Aviso,Aviso,2016-07-01,2016-12-15,colunas,colunas
103916,155342,0.9765625,"A China sabe o que quer do Brasil; e nós, o que queremos dela?",Interesses chineses no Brasil,2016-07-01,2017-07-01,colunas,colunas
103917,131859,0.9375,Aviso,Aviso,2016-07-01,2016-12-22,colunas,colunas
103923,104390,1.0,Aviso,Aviso,2016-07-01,2016-07-04,colunas,colunas
103923,130920,0.8984375,Aviso,Aviso,2016-07-01,2016-12-15,colunas,colunas
103967,104096,1.0,Análise: Controle de doping ficará mais eficiente após escândalo na Rússia,Análise: Controle de doping ficará mais eficiente após escândalo na Rússia,2016-07-01,2016-07-01,esporte,tv
103975,103979,1.0,Série que deu Emmy de melhor atriz a Viola Davis estreia 2º ano no Brasil,Estreia nesta 5ª segunda temporada da série 'How to Get Away with Murder',2016-07-01,2016-07-01,ilustrada,ilustrada
104311,109413,1.0,Receita libera nesta terça consulta a lote de restituições da malha fina,Receita libera nesta terça consulta a lote de restituições da malha fina,2016-07-03,2016-08-03,mercado,mercado
104379,124130,1.0,Veja o contador de seguidores de redes sociais e outras compras tecnológicas,Confira o petisco wi-fi para cachorros e outras compras tecnológicas,2016-07-03,2016-11-01,tec,tec
104379,124680,1.0,Veja o contador de seguidores de redes sociais e outras compras tecnológicas,Veja um sensor de movimentos para TV e outras compras tecnológicas,2016-07-03,2016-11-04,tec,tec
104390,130920,0.8984375,Aviso,Aviso,2016-07-04,2016-12-15,colunas,colunas
104652,104653,1.0,Blogueira Helena Bordon casa com banqueiro usando vestido Valentino,Blogueira Helena Bordon casa com banqueiro usando vestido Valentino,2016-07-05,2016-07-05,mulher,mulher
105116,156305,0.953125,Neymar se torna 'garoto-propaganda' do Francês,"No PSG, Neymar se torna 'garoto-propaganda' do Campeonato Francês",2016-07-08,2017-07-08,esporte,esporte
105139,105178,0.953125,"
		Larissa e Talita vencem no vôlei de praia; Pedro e Evandro perdem para cubanos
		","
		Larissa e Talita vencem no vôlei de praia; Pedro e Evandro perdem para cubanos
		",2016-07-08,2016-07-08,esporte,esporte
105155,105181,0.9453125,"
		Ciclista holandesa é hospitalizada após acidente em prova da Rio-2016
		","
		Ciclista holandesa é hospitalizada após acidente em prova da Rio-2016
		",2016-07-08,2016-07-08,esporte,esporte
105179,120356,0.953125,"
		De virada, vôlei masculino vence segunda e enfrenta EUA na quinta
		","
		De virada, vôlei masculino vence segunda e enfrenta EUA na quinta
		",2016-07-08,2016-10-08,esporte,esporte
105297,105372,0.9921875,Por que vendas de desodorante são tão baixas na China e em países da Ásia,Por que as vendas de desodorante são tão baixas na China e outras regiões,2016-07-09,2016-07-09,ciencia,mercado
105330,112011,0.9296875,Inscrição para Fuvest 2017 termina nesta quinta; saiba mais,Inscrição para Fuvest 2017 começa nesta sexta; saiba mais,2016-07-09,2016-08-18,educacao,educacao
105465,120654,0.9765625,Inscrições para o vestibular da Unesp terminam na próxima segunda,Inscrições para o vestibular da Unesp terminam nesta segunda,2016-07-10,2016-10-10,educacao,educacao
105468,122987,0.8515625,Aberta votação para melhores projetos sociais de 2016; escolha seu preferido,Votação para empreendedor social do ano vai até dia 2; escolha seu preferido,2016-07-10,2016-10-26,empreendedorsocial,empreendedorsocial
105557,120750,0.9140625,Enem 2016: Veja orientações de estudos sobre gramática,Enem 2016: Veja orientações de estudos sobre física,2016-07-10,2016-10-10,tv,tv
105557,125692,0.9140625,Enem 2016: Veja orientações de estudos sobre gramática,Enem 2016: Veja orientações de estudos sobre química,2016-07-10,2016-11-10,tv,tv
105632,105637,1.0,Start-up cria site que compara preço de frete internacional,Start-up cria site que compara preço de frete internacional,2016-07-11,2016-07-11,mercado,mercado
105859,110980,0.9609375,Entenda como a genética pode combater o Aedes,Ciência aposta em insetos modificados para reduzir a transmissão de doenças,2016-07-12,2016-08-12,tv,tv
105885,133275,0.9765625,Aviso,Aviso,2016-07-13,2017-01-04,colunas,colunas
105885,143454,1.0,Aviso,Aviso,2016-07-13,2017-03-29,colunas,colunas
105885,148303,0.9765625,Aviso,Aviso,2016-07-13,2017-05-07,colunas,colunas
105885,153319,1.0,Aviso,Aviso,2016-07-13,2017-06-16,colunas,colunas
105885,156403,0.9765625,Aviso,Aviso,2016-07-13,2017-07-09,colunas,colunas
106061,122038,1.0,Aviso,Aviso,2016-07-14,2016-10-20,colunas,colunas
106080,106705,0.96875,Unesp divulga primeira chamada do vestibular do meio do ano; confira,Unesp divulga segunda chamada do vestibular do meio do ano; confira,2016-07-14,2016-07-18,educacao,educacao
106080,107197,0.875,Unesp divulga primeira chamada do vestibular do meio do ano; confira,Unesp divulga terceira chamada do vestibular do meio do ano; confira,2016-07-14,2016-07-21,educacao,educacao
106080,125015,0.859375,Unesp divulga primeira chamada do vestibular do meio do ano; confira,Unesp divulga classificação geral do vestibular do meio do ano; confira,2016-07-14,2016-11-07,educacao,educacao
106407,166843,1.0,Aviso,Aviso,2016-07-16,2017-09-30,colunas,colunas
106418,107020,0.8671875,Voos domésticos passarão a ter segurança mais rígida a partir de 2ª,Aeroporto de Congonhas antecipa abertura e tem 3º dia de longas filas,2016-07-16,2016-07-20,cotidiano,cotidiano
106512,110992,0.921875,Aviso,Aviso,2016-07-17,2016-08-13,colunas,colunas
106656,106660,1.0,"
		Publicitário cria banheiro químico VIP
		","
		Publicitário cria banheiro químico 'VIP', com espelho e iluminação
		",2016-07-17,2016-07-17,sobretudo,sobretudo
106705,107197,0.90625,Unesp divulga segunda chamada do vestibular do meio do ano; confira,Unesp divulga terceira chamada do vestibular do meio do ano; confira,2016-07-18,2016-07-21,educacao,educacao
106823,106936,0.9921875,Brasil (de novo) sem WhatsApp: Entenda polêmicas do app no mundo,Brasil (de novo) sem WhatsApp: Entenda polêmicas do app no mundo,2016-07-19,2016-07-19,bbc,mercado
107077,109976,0.953125,"Fundos ganham da poupança na maioria dos casos com Selic a 14,25%","Fundos ganham da poupança na maioria dos casos com Selic a 14,25%",2016-07-20,2016-08-06,mercado,mercado
107077,114318,0.953125,"Fundos ganham da poupança na maioria dos casos com Selic a 14,25%","Fundos ganham da poupança na maioria dos casos com Selic a 14,25%",2016-07-20,2016-08-31,mercado,mercado
107077,121904,0.859375,"Fundos ganham da poupança na maioria dos casos com Selic a 14,25%",Fundos ganham da poupança na maioria dos casos com Selic a 14%,2016-07-20,2016-10-19,mercado,mercado
107078,109957,0.9296875,"Veja como ficam os juros ao consumidor com a Selic a 14,25%","Veja como ficam os juros ao consumidor com a Selic a 14,25%",2016-07-20,2016-08-06,mercado,mercado
107078,114317,0.9921875,"Veja como ficam os juros ao consumidor com a Selic a 14,25%","Veja como ficam os juros ao consumidor com a Selic a 14,25%",2016-07-20,2016-08-31,mercado,mercado
107337,110056,0.9296875,Aviso,Aviso,2016-07-22,2016-08-07,colunas,colunas
107337,112188,0.921875,Aviso,Aviso,2016-07-22,2016-08-19,colunas,colunas
107337,158540,0.9609375,Aviso,Aviso,2016-07-22,2017-07-28,colunas,colunas
107413,107473,0.96875,Veja trailer dos próximos episódios de 'Fear The Walking Dead',Retorno de 'Fear the Walking Dead' tem trailer divulgado na Comic-Con,2016-07-22,2016-07-22,ilustrada,tv
107483,114436,0.8828125,Aviso,Aviso,2016-07-23,2016-09-01,colunas,colunas
107483,116281,0.8828125,Aviso,Aviso,2016-07-23,2016-09-13,colunas,colunas
107483,117588,0.9609375,Aviso,Aviso,2016-07-23,2016-09-21,colunas,colunas
107483,121712,0.9609375,Aviso,AVISO,2016-07-23,2016-10-18,colunas,colunas
107483,128648,0.859375,Aviso,Aviso,2016-07-23,2016-12-01,colunas,colunas
107483,136632,1.0,Aviso,Aviso,2016-07-23,2017-02-01,colunas,colunas
107483,138513,0.859375,Aviso,Aviso,2016-07-23,2017-02-17,colunas,colunas
107483,139896,0.859375,Aviso,Aviso,2016-07-23,2017-02-28,colunas,colunas
107483,147463,0.8828125,Aviso,Aviso,2016-07-23,2017-05-01,colunas,colunas
107483,148281,0.8828125,Aviso,Aviso,2016-07-23,2017-05-07,colunas,colunas
107483,155215,0.859375,Aviso,Aviso,2016-07-23,2017-06-30,colunas,colunas
107483,155558,0.859375,Aviso,Aviso,2016-07-23,2017-07-03,colunas,colunas
107483,156146,0.859375,Aviso,Aviso,2016-07-23,2017-07-07,colunas,colunas
107483,156779,0.859375,Aviso,Aviso,2016-07-23,2017-07-14,colunas,colunas
107483,157095,0.9609375,Aviso,Aviso de férias,2016-07-23,2017-07-17,colunas,colunas
107483,157634,0.859375,Aviso,Aviso de férias,2016-07-23,2017-07-21,colunas,colunas
107483,157638,0.859375,Aviso,Aviso,2016-07-23,2017-07-21,colunas,colunas
107483,157840,0.9609375,Aviso,Aviso de férias,2016-07-23,2017-07-23,colunas,colunas
107483,158955,0.9609375,Aviso,Aviso de férias,2016-07-23,2017-07-31,colunas,colunas
107483,163843,0.9609375,Aviso,Aviso de férias,2016-07-23,2017-09-07,colunas,colunas
107483,164893,0.9609375,Aviso,Aviso,2016-07-23,2017-09-17,colunas,colunas
107694,111262,1.0,"Veja o cartum da série ""ogro"" publicado neste domingo","Veja cartum da série ""cabeças"" publicado neste domingo",2016-07-24,2016-08-14,ilustrissima,ilustrissima
107694,118180,1.0,"Veja o cartum da série ""ogro"" publicado neste domingo","Veja o cartum da série ""Cabeças"" de Rafael Campos Rocha",2016-07-24,2016-09-25,ilustrissima,ilustrissima
107694,120221,1.0,"Veja o cartum da série ""ogro"" publicado neste domingo","Veja o cartum da série ""ogro"" publicado neste domingo",2016-07-24,2016-10-07,ilustrissima,ilustrissima
107694,121465,1.0,"Veja o cartum da série ""ogro"" publicado neste domingo",Veja o cartum de Rafael Campos Rocha da edição deste domingo,2016-07-24,2016-10-16,ilustrissima,ilustrissima
107694,125921,1.0,"Veja o cartum da série ""ogro"" publicado neste domingo",Veja cartum de Rafael Campos Rocha publicado neste domingo,2016-07-24,2016-11-12,ilustrissima,ilustrissima
107694,129630,1.0,"Veja o cartum da série ""ogro"" publicado neste domingo","Veja o cartum da série ""ogro"" publicado nesta semana",2016-07-24,2016-12-06,ilustrissima,ilustrissima
107694,132223,1.0,"Veja o cartum da série ""ogro"" publicado neste domingo",Veja o cartum de Rafael Campos Rocha deste domingo de Natal,2016-07-24,2016-12-25,ilustrissima,ilustrissima
107989,108867,0.859375,Polícia divulga retrato falado de suspeito de ataques com seringa em SP,Polícia prende suspeito de atacar pessoas com seringa em São Paulo,2016-07-26,2016-07-31,cotidiano,cotidiano
108293,108294,1.0,Impasse sobre Venezuela deixará Mercosul sem chefia a partir do dia 1º,Impasse sobre Venezuela deixará Mercosul sem chefia a partir do dia 1º,2016-07-27,2016-07-27,mundo,mundo
108361,108362,0.8515625,Ex da atriz Luiza Brunet vira réu sob acusação de violência doméstica,"Versão de Luiza é inverídica e provarei inocência de Parisotto, diz advogado",2016-07-28,2016-07-28,cotidiano,cotidiano
109140,109201,1.0,"Repasse menor de custos deve empurrar inflação para baixo, diz economista","Repasse menor de custos deve empurrar inflação para baixo, diz economista",2016-08-01,2016-08-01,mercado,tv
109205,159208,1.0,Plano de emergência,Plano de emergência,2016-08-02,2017-08-02,colunas,colunas
109234,109319,0.984375,Góticos enfrentam chuva e neblina para fugir do Carnaval,Góticos enfrentam chuva e neblina para fugir do Carnaval,2016-08-02,2016-08-02,cotidiano,tv
109244,109322,0.9296875,"Hermes e Renato animam bloco brega na avenida Faria Lima, em Pinheiros","Hermes e Renato animam bloco brega na avenida Faria Lima, em Pinheiros",2016-08-02,2016-08-02,cotidiano,tv
109786,122493,0.9921875,"Veja cartum d'o pintinho na ""Ilustríssima"" deste domingo",Veja o cartum da série pintinho publicado neste domingo,2016-08-05,2016-10-23,ilustrissima,ilustrissima
109900,120021,0.90625,ProUni oferece 125 mil bolsas de estudo; inscrição vai até sexta,"Com 125 mil bolsas, ProUni encerra inscrições nesta sexta",2016-08-06,2016-10-06,educacao,educacao
109956,152306,0.859375,Receita libera consulta ao primeiro lote de restituição do IR 2016,Receita abre nesta quinta consulta ao primeiro lote de restituição do IR 2017,2016-08-06,2017-06-06,mercado,mercado
109956,159824,0.859375,Receita libera consulta ao primeiro lote de restituição do IR 2016,Receita abre nesta quinta consulta ao primeiro lote de restituição do IR 2017,2016-08-06,2017-08-06,mercado,mercado
109957,114317,0.921875,"Veja como ficam os juros ao consumidor com a Selic a 14,25%","Veja como ficam os juros ao consumidor com a Selic a 14,25%",2016-08-06,2016-08-31,mercado,mercado
109976,114318,0.953125,"Fundos ganham da poupança na maioria dos casos com Selic a 14,25%","Fundos ganham da poupança na maioria dos casos com Selic a 14,25%",2016-08-06,2016-08-31,mercado,mercado
109976,121904,0.875,"Fundos ganham da poupança na maioria dos casos com Selic a 14,25%",Fundos ganham da poupança na maioria dos casos com Selic a 14%,2016-08-06,2016-10-19,mercado,mercado
109976,128544,0.875,"Fundos ganham da poupança na maioria dos casos com Selic a 14,25%","Fundos ganham da poupança na maioria dos casos com Selic a 13,75%",2016-08-06,2016-11-30,mercado,mercado
110056,112188,0.90625,Aviso,Aviso,2016-08-07,2016-08-19,colunas,colunas
110056,158540,0.9296875,Aviso,Aviso,2016-08-07,2017-07-28,colunas,colunas
110104,110150,1.0,Nova oportunidade para o Brasil ter uma TV pública,Nova oportunidade para o Brasil ter uma TV pública,2016-08-07,2016-08-07,ilustrada,opiniao
110179,110182,1.0,IPCA ou INPC? Entenda os diferentes índices de inflação,IPCA ou INPC? Entenda os diferentes índices de inflação,2016-08-07,2016-08-07,tv,tv
110241,110290,0.9296875,"
		Brasil tem pior desempenho no início dos Jogos desde 72, quando caiu na 1ª fase
		","
		Futebol masculino do Brasil tem um dos piores desempenhos desde 72
		",2016-08-08,2016-08-08,esporte,esporte
110243,110291,0.90625,"
		Após dia em branco, Phelps e Ledecky conduzem natação dos EUA a dois ouros
		","
		Após dia em branco, Phelps e Ledecky conduzem natação dos EUA a dois ouros
		",2016-08-08,2016-08-08,esporte,esporte
110318,110487,0.8515625,Receita abre nesta segunda-feira consulta ao terceiro lote do IR 2016,Receita abre nesta quinta consulta ao 4º lote do Imposto de Renda 2016,2016-08-08,2016-08-09,mercado,mercado
110318,111469,0.9765625,Receita abre nesta segunda-feira consulta ao terceiro lote do IR 2016,Receita deposita terceiro lote do Imposto de Renda 2016 nesta segunda,2016-08-08,2016-08-15,mercado,mercado
110409,110410,0.9609375,Reforma da Previdência pode ficar parada se Temer mandar proposta depois de terça,PT quer usar reforma da Previdência para atacar Marta e 'jogar governo Temer no colo' dela,2016-08-09,2016-08-09,colunas,colunas
110450,110568,0.9921875,"
		Entenda a classificação dos atletas paraolímpicos em cada esporte
		",Entenda a classificação dos atletas paraolímpicos em cada esporte,2016-08-09,2016-08-09,esporte,tv
110487,116715,0.9140625,Receita abre nesta quinta consulta ao 4º lote do Imposto de Renda 2016,Receita Federal deposita nesta quinta 4º lote do Imposto de Renda 2016,2016-08-09,2016-09-15,mercado,mercado
110836,110837,0.984375,Campanha foi marcada por ataques pessoais e pobreza de debate,Campanha foi marcada por ataques pessoais e pobreza de debate,2016-08-11,2016-08-11,tv,tv
110915,130990,0.96875,Receita abre consulta ao último lote do Imposto de Renda 2016 nesta quinta,Receita paga último lote da restituição do Imposto de Renda 2016 nesta 5ª,2016-08-12,2016-12-15,mercado,mercado
111045,111063,0.96875,"
		Antes de salvar Marta, Bárbara não queria ser goleira
		","
		No futebol feminino, Brasil bate Austrália nos pênaltis e avança à semi
		",2016-08-13,2016-08-13,esporte,esporte
111262,118180,1.0,"Veja cartum da série ""cabeças"" publicado neste domingo","Veja o cartum da série ""Cabeças"" de Rafael Campos Rocha",2016-08-14,2016-09-25,ilustrissima,ilustrissima
111262,120221,1.0,"Veja cartum da série ""cabeças"" publicado neste domingo","Veja o cartum da série ""ogro"" publicado neste domingo",2016-08-14,2016-10-07,ilustrissima,ilustrissima
111262,121465,1.0,"Veja cartum da série ""cabeças"" publicado neste domingo",Veja o cartum de Rafael Campos Rocha da edição deste domingo,2016-08-14,2016-10-16,ilustrissima,ilustrissima
111262,125921,1.0,"Veja cartum da série ""cabeças"" publicado neste domingo",Veja cartum de Rafael Campos Rocha publicado neste domingo,2016-08-14,2016-11-12,ilustrissima,ilustrissima
111262,129630,1.0,"Veja cartum da série ""cabeças"" publicado neste domingo","Veja o cartum da série ""ogro"" publicado nesta semana",2016-08-14,2016-12-06,ilustrissima,ilustrissima
111262,132223,1.0,"Veja cartum da série ""cabeças"" publicado neste domingo",Veja o cartum de Rafael Campos Rocha deste domingo de Natal,2016-08-14,2016-12-25,ilustrissima,ilustrissima
111358,130449,0.8984375,Aviso,Aviso,2016-08-15,2016-12-12,colunas,colunas
111358,131494,0.921875,Aviso,Aviso,2016-08-15,2016-12-19,colunas,colunas
111697,111715,0.90625,Gol tem 2º lucro seguido com câmbio e resultado operacional melhor,Gol tem 2º lucro consecutivo com câmbio e resultado operacional melhor,2016-08-16,2016-08-16,mercado,mercado
112059,112216,0.8828125,"
		Ouro isola ainda mais a vela como mais dourado esporte brasileiro
		","
		Resultado compensa anos de Clube do Bolinha nos pódios
		",2016-08-18,2016-08-19,esporte,esporte
112188,158540,0.9140625,Aviso,Aviso,2016-08-19,2017-07-28,colunas,colunas
112727,114970,0.8828125,Aviso,Aviso,2016-08-22,2016-09-05,colunas,colunas
112727,128159,0.921875,Aviso,Aviso,2016-08-22,2016-11-28,colunas,colunas
112727,130449,0.875,Aviso,Aviso,2016-08-22,2016-12-12,colunas,colunas
112727,131494,0.875,Aviso,Aviso,2016-08-22,2016-12-19,colunas,colunas
113234,124152,0.890625,Aviso,Aviso,2016-08-25,2016-11-02,colunas,colunas
113724,113728,0.8671875,"Após confronto, polícia de SP apreende 3 t de drogas em caminhão do Exército",Militares que transportavam 3 t de maconha receberiam R$ 10 mil cada,2016-08-28,2016-08-28,cotidiano,cotidiano
113815,114045,0.921875,Haddad sobe no palanque em acampamento símbolo do MTST e corteja sem-teto,"Em acampamento do MTST, Haddad corteja sem-teto e celebra parceria",2016-08-28,2016-08-29,poder,poder
114318,121904,0.8984375,"Fundos ganham da poupança na maioria dos casos com Selic a 14,25%",Fundos ganham da poupança na maioria dos casos com Selic a 14%,2016-08-31,2016-10-19,mercado,mercado
114318,128544,0.875,"Fundos ganham da poupança na maioria dos casos com Selic a 14,25%","Fundos ganham da poupança na maioria dos casos com Selic a 13,75%",2016-08-31,2016-11-30,mercado,mercado
114374,114375,0.9296875,Lewandowski permite votação sobre direitos de Dilma em separado,Aliados de Dilma acreditam que podem derrubar a inabilitação,2016-08-31,2016-08-31,poder,poder
114436,116281,1.0,Aviso,Aviso,2016-09-01,2016-09-13,colunas,colunas
114436,117588,0.859375,Aviso,Aviso,2016-09-01,2016-09-21,colunas,colunas
114436,121712,0.859375,Aviso,AVISO,2016-09-01,2016-10-18,colunas,colunas
114436,128648,0.9609375,Aviso,Aviso,2016-09-01,2016-12-01,colunas,colunas
114436,136632,0.8828125,Aviso,Aviso,2016-09-01,2017-02-01,colunas,colunas
114436,138513,0.9609375,Aviso,Aviso,2016-09-01,2017-02-17,colunas,colunas
114436,139896,0.9609375,Aviso,Aviso,2016-09-01,2017-02-28,colunas,colunas
114436,147463,1.0,Aviso,Aviso,2016-09-01,2017-05-01,colunas,colunas
114436,148281,1.0,Aviso,Aviso,2016-09-01,2017-05-07,colunas,colunas
114436,155215,0.9609375,Aviso,Aviso,2016-09-01,2017-06-30,colunas,colunas
114436,155558,0.9609375,Aviso,Aviso,2016-09-01,2017-07-03,colunas,colunas
114436,156146,0.9609375,Aviso,Aviso,2016-09-01,2017-07-07,colunas,colunas
114436,156779,0.9609375,Aviso,Aviso,2016-09-01,2017-07-14,colunas,colunas
114436,157095,0.859375,Aviso,Aviso de férias,2016-09-01,2017-07-17,colunas,colunas
114436,157634,0.9609375,Aviso,Aviso de férias,2016-09-01,2017-07-21,colunas,colunas
114436,157638,0.9609375,Aviso,Aviso,2016-09-01,2017-07-21,colunas,colunas
114436,157840,0.859375,Aviso,Aviso de férias,2016-09-01,2017-07-23,colunas,colunas
114436,158955,0.859375,Aviso,Aviso de férias,2016-09-01,2017-07-31,colunas,colunas
114436,163843,0.859375,Aviso,Aviso de férias,2016-09-01,2017-09-07,colunas,colunas
114436,164893,0.859375,Aviso,Aviso,2016-09-01,2017-09-17,colunas,colunas
114437,163008,0.9765625,Projeto de lei quer proibir pornografia e 'sexo virtual' na internet,Projeto quer proibir pornô na web,2016-09-01,2017-09-01,colunas,colunas
114633,114638,1.0,Mudança climática causou extinção de réptil marinho com cara de golfinho,Mudança climática causou extinção de réptil marinho com cara de golfinho,2016-09-03,2016-09-03,ambiente,ciencia
114932,124616,1.0,A internacionalização da Lava Jato,A internacionalização da Lava Jato,2016-09-04,2016-11-04,opiniao,opiniao
114970,128159,0.8515625,Aviso,Aviso,2016-09-05,2016-11-28,colunas,colunas
115224,115283,0.984375,O legado de segregação da cidade natal de Muhammad Ali,O legado de segregação da cidade natal de Muhammad Ali,2016-09-06,2016-09-06,esporte,mundo
115467,115659,1.0,A reforma quase esquecida,A reforma quase esquecida,2016-09-08,2016-09-09,colunas,colunas
115539,115570,0.953125,"
		Seleção masculina de basquete sofre, mas bate a Espanha por um ponto
		","
		Seleção masculina de basquete sofre, mas bate a Espanha por um ponto
		",2016-09-08,2016-09-08,esporte,esporte
115709,115710,0.921875,"
		Veja os melhores momentos desta quinta-feira dos Jogos Paraolímpicos
		","
		Veja os melhores momentos dos Jogos Paraolímpicos desta quinta-feira
		",2016-09-09,2016-09-09,esporte,esporte
116137,150741,0.921875,Aviso,Aviso,2016-09-12,2017-05-26,colunas,colunas
116137,152785,0.890625,Aviso,Aviso,2016-09-12,2017-06-10,colunas,colunas
116277,129713,0.890625,Aviso,Aviso,2016-09-13,2016-12-07,colunas,colunas
116281,117588,0.859375,Aviso,Aviso,2016-09-13,2016-09-21,colunas,colunas
116281,121712,0.859375,Aviso,AVISO,2016-09-13,2016-10-18,colunas,colunas
116281,128648,0.9609375,Aviso,Aviso,2016-09-13,2016-12-01,colunas,colunas
116281,136632,0.8828125,Aviso,Aviso,2016-09-13,2017-02-01,colunas,colunas
116281,138513,0.9609375,Aviso,Aviso,2016-09-13,2017-02-17,colunas,colunas
116281,139896,0.9609375,Aviso,Aviso,2016-09-13,2017-02-28,colunas,colunas
116281,147463,1.0,Aviso,Aviso,2016-09-13,2017-05-01,colunas,colunas
116281,148281,1.0,Aviso,Aviso,2016-09-13,2017-05-07,colunas,colunas
116281,155215,0.9609375,Aviso,Aviso,2016-09-13,2017-06-30,colunas,colunas
116281,155558,0.9609375,Aviso,Aviso,2016-09-13,2017-07-03,colunas,colunas
116281,156146,0.9609375,Aviso,Aviso,2016-09-13,2017-07-07,colunas,colunas
116281,156779,0.9609375,Aviso,Aviso,2016-09-13,2017-07-14,colunas,colunas
116281,157095,0.859375,Aviso,Aviso de férias,2016-09-13,2017-07-17,colunas,colunas
116281,157634,0.9609375,Aviso,Aviso de férias,2016-09-13,2017-07-21,colunas,colunas
116281,157638,0.9609375,Aviso,Aviso,2016-09-13,2017-07-21,colunas,colunas
116281,157840,0.859375,Aviso,Aviso de férias,2016-09-13,2017-07-23,colunas,colunas
116281,158955,0.859375,Aviso,Aviso de férias,2016-09-13,2017-07-31,colunas,colunas
116281,163843,0.859375,Aviso,Aviso de férias,2016-09-13,2017-09-07,colunas,colunas
116281,164893,0.859375,Aviso,Aviso,2016-09-13,2017-09-17,colunas,colunas
116345,130127,1.0,"Membro da comissão, Petrucelli declara voto em 'Pequeno Segredo'",Crítico controverso Marcos Petruccelli declara voto em 'Pequeno Segredo',2016-09-13,2016-12-09,ilustrada,ilustrada
116701,116869,0.9296875,Domingos Montagner é encontrado morto submerso no rio São Francisco,Corpo de Domingos Montagner chega ao IML de Aracaju,2016-09-15,2016-09-16,ilustrada,ilustrada
116701,116871,0.8515625,Domingos Montagner é encontrado morto submerso no rio São Francisco,Laudo do IML confirma que Domingos Montagner morreu por afogamento,2016-09-15,2016-09-16,ilustrada,ilustrada
116869,116871,0.921875,Corpo de Domingos Montagner chega ao IML de Aracaju,Laudo do IML confirma que Domingos Montagner morreu por afogamento,2016-09-16,2016-09-16,ilustrada,ilustrada
117588,121712,1.0,Aviso,AVISO,2016-09-21,2016-10-18,colunas,colunas
117588,128648,0.8984375,Aviso,Aviso,2016-09-21,2016-12-01,colunas,colunas
117588,136632,0.9609375,Aviso,Aviso,2016-09-21,2017-02-01,colunas,colunas
117588,138513,0.8984375,Aviso,Aviso,2016-09-21,2017-02-17,colunas,colunas
117588,139896,0.8984375,Aviso,Aviso,2016-09-21,2017-02-28,colunas,colunas
117588,147463,0.859375,Aviso,Aviso,2016-09-21,2017-05-01,colunas,colunas
117588,148281,0.859375,Aviso,Aviso,2016-09-21,2017-05-07,colunas,colunas
117588,155215,0.8984375,Aviso,Aviso,2016-09-21,2017-06-30,colunas,colunas
117588,155558,0.8984375,Aviso,Aviso,2016-09-21,2017-07-03,colunas,colunas
117588,156146,0.8984375,Aviso,Aviso,2016-09-21,2017-07-07,colunas,colunas
117588,156779,0.8984375,Aviso,Aviso,2016-09-21,2017-07-14,colunas,colunas
117588,157095,1.0,Aviso,Aviso de férias,2016-09-21,2017-07-17,colunas,colunas
117588,157634,0.8984375,Aviso,Aviso de férias,2016-09-21,2017-07-21,colunas,colunas
117588,157638,0.8984375,Aviso,Aviso,2016-09-21,2017-07-21,colunas,colunas
117588,157840,1.0,Aviso,Aviso de férias,2016-09-21,2017-07-23,colunas,colunas
117588,158955,1.0,Aviso,Aviso de férias,2016-09-21,2017-07-31,colunas,colunas
117588,163843,1.0,Aviso,Aviso de férias,2016-09-21,2017-09-07,colunas,colunas
117588,164893,1.0,Aviso,Aviso,2016-09-21,2017-09-17,colunas,colunas
117711,117887,0.953125,"Prefeituráveis mentem em que ocasião? Assista ao 'Fala, candidato'","Qual o grande amor dos prefeituráveis? Assista ao 'Fala, candidato'",2016-09-21,2016-09-22,tv,tv
117929,136408,0.8515625,Justiça ordena reabertura do processo contra Neymar e Barcelona,Neymar disse que assinava o que pai pedia no acordo com o Barcelona,2016-09-23,2017-01-30,esporte,esporte
118180,120221,1.0,"Veja o cartum da série ""Cabeças"" de Rafael Campos Rocha","Veja o cartum da série ""ogro"" publicado neste domingo",2016-09-25,2016-10-07,ilustrissima,ilustrissima
118180,121465,1.0,"Veja o cartum da série ""Cabeças"" de Rafael Campos Rocha",Veja o cartum de Rafael Campos Rocha da edição deste domingo,2016-09-25,2016-10-16,ilustrissima,ilustrissima
118180,125921,1.0,"Veja o cartum da série ""Cabeças"" de Rafael Campos Rocha",Veja cartum de Rafael Campos Rocha publicado neste domingo,2016-09-25,2016-11-12,ilustrissima,ilustrissima
118180,129630,1.0,"Veja o cartum da série ""Cabeças"" de Rafael Campos Rocha","Veja o cartum da série ""ogro"" publicado nesta semana",2016-09-25,2016-12-06,ilustrissima,ilustrissima
118180,132223,1.0,"Veja o cartum da série ""Cabeças"" de Rafael Campos Rocha",Veja o cartum de Rafael Campos Rocha deste domingo de Natal,2016-09-25,2016-12-25,ilustrissima,ilustrissima
118491,118661,0.890625,Veja dicas e orientações de estudos em biologia para a prova do Enem 2016,Veja dicas de estudos para as questões de espanhol da prova do Enem 2016,2016-09-27,2016-09-28,educacao,educacao
118616,118782,0.9609375,Enem 2016: Veja orientações de estudos em biologia,Veja orientações de estudos em espanhol para o Enem 2016,2016-09-27,2016-09-28,tv,tv
118616,118977,0.921875,Enem 2016: Veja orientações de estudos em biologia,Veja orientações de estudos em inglês para o Enem 2016,2016-09-27,2016-09-29,tv,tv
118782,118977,0.8984375,Veja orientações de estudos em espanhol para o Enem 2016,Veja orientações de estudos em inglês para o Enem 2016,2016-09-28,2016-09-29,tv,tv
118885,131811,0.9140625,"Taxa de financiamento do BNDES é mantida em 7,5% ao ano","Taxa de juros que é referência para empréstimo do BNDES segue em 7,5%",2016-09-29,2016-12-21,mercado,mercado
118906,119074,0.9609375,"Após reunião com governo Macri, sindicato atenua ameaça de greve geral",Sindicato faz reunião com governo Macri e atenua ameaça de greve geral,2016-09-29,2016-09-30,mundo,mundo
119126,123780,1.0,"
		Bagunça no ambiente de trabalho afeta a criatividade e pode gerar atritos
		","
		Bagunça no ambiente de trabalho afeta a criatividade e pode gerar atritos
		",2016-09-30,2016-10-30,sobretudo,sobretudo
119827,124686,0.984375,Cientistas desenvolvem 'segunda pele' para esconder rugas e olheiras,Cientistas desenvolvem 'segunda pele' para esconder rugas e olheiras,2016-10-05,2016-11-05,equilibrioesaude,ciencia
119951,124825,0.8671875,Teori não vê conexão de inquéritos de Aécio e Cunha sobre Furnas com Lava Jato,Gilmar Mendes vai relatar pedido de inquérito contra Aécio Neves no STF,2016-10-05,2016-11-05,poder,poder
119977,119978,0.875,Entenda as regras do rúgbi,Entenda as regras do triatlo,2016-10-05,2016-10-05,tv,tv
120221,121465,1.0,"Veja o cartum da série ""ogro"" publicado neste domingo",Veja o cartum de Rafael Campos Rocha da edição deste domingo,2016-10-07,2016-10-16,ilustrissima,ilustrissima
120221,125921,1.0,"Veja o cartum da série ""ogro"" publicado neste domingo",Veja cartum de Rafael Campos Rocha publicado neste domingo,2016-10-07,2016-11-12,ilustrissima,ilustrissima
120221,129630,1.0,"Veja o cartum da série ""ogro"" publicado neste domingo","Veja o cartum da série ""ogro"" publicado nesta semana",2016-10-07,2016-12-06,ilustrissima,ilustrissima
120221,132223,1.0,"Veja o cartum da série ""ogro"" publicado neste domingo",Veja o cartum de Rafael Campos Rocha deste domingo de Natal,2016-10-07,2016-12-25,ilustrissima,ilustrissima
120346,120408,0.9453125,"
		Thiago Pereira estreia nos Jogos do Rio ao lado de Michael Phelps
		","
		Thiago Pereira estreia nos Jogos do Rio ao lado de Michael Phelps
		",2016-10-08,2016-10-08,esporte,esporte
120355,120405,0.953125,"
		Seleção feminina garante a 1ª posição e enfrenta algoz da Copa nas quartas
		","
		Seleção feminina garante a 1ª posição e enfrenta algoz da Copa nas quartas
		",2016-10-08,2016-10-08,esporte,esporte
120357,120403,0.9140625,"
		Em um intervalo de 73 minutos, Michael Phelps conquista duas medalhas de ouro
		","
		Em um intervalo de 73 minutos, Michael Phelps conquista duas medalhas de ouro
		",2016-10-08,2016-10-08,esporte,esporte
120364,120407,0.9140625,"
		Após superar maior desafio, Ledecky deve consolidar domínio na natação feminina
		","
		Após superar maior desafio, Ledecky deve consolidar domínio na natação feminina
		",2016-10-08,2016-10-08,esporte,esporte
120378,120410,0.9765625,"
		Honduras elimina a Argentina no futebol e sonha com 1º pódio em Jogos Olímpicos
		","
		Honduras elimina a Argentina no futebol e sonha com 1º pódio em Jogos Olímpicos
		",2016-10-08,2016-10-08,esporte,esporte
120409,129952,0.9609375,"
		EUA perdem nos pênaltis e pela 1ª vez estão fora de uma semifinal na Olimpíada
		","
		EUA perdem nos pênaltis e pela 1ª vez estão fora de uma semifinal na Olimpíada
		",2016-10-08,2016-12-08,esporte,esporte
120750,125692,0.90625,Enem 2016: Veja orientações de estudos sobre física,Enem 2016: Veja orientações de estudos sobre química,2016-10-10,2016-11-10,tv,tv
121100,121146,0.9296875,"Morre aos 88 anos o rei da Tailândia, monarca mais longevo do mundo","Morre aos 88 anos o rei da Tailândia, monarca mais longevo do mundo",2016-10-13,2016-10-13,mundo,tv
121145,121376,0.8671875,Enem 2016: Veja orientações de estudos para a redação,Enem 2016: Veja orientações de estudos para interpretação,2016-10-13,2016-10-15,tv,tv
121465,125921,1.0,Veja o cartum de Rafael Campos Rocha da edição deste domingo,Veja cartum de Rafael Campos Rocha publicado neste domingo,2016-10-16,2016-11-12,ilustrissima,ilustrissima
121465,129630,1.0,Veja o cartum de Rafael Campos Rocha da edição deste domingo,"Veja o cartum da série ""ogro"" publicado nesta semana",2016-10-16,2016-12-06,ilustrissima,ilustrissima
121465,132223,1.0,Veja o cartum de Rafael Campos Rocha da edição deste domingo,Veja o cartum de Rafael Campos Rocha deste domingo de Natal,2016-10-16,2016-12-25,ilustrissima,ilustrissima
121712,128648,0.8984375,AVISO,Aviso,2016-10-18,2016-12-01,colunas,colunas
121712,136632,0.9609375,AVISO,Aviso,2016-10-18,2017-02-01,colunas,colunas
121712,138513,0.8984375,AVISO,Aviso,2016-10-18,2017-02-17,colunas,colunas
121712,139896,0.8984375,AVISO,Aviso,2016-10-18,2017-02-28,colunas,colunas
121712,147463,0.859375,AVISO,Aviso,2016-10-18,2017-05-01,colunas,colunas
121712,148281,0.859375,AVISO,Aviso,2016-10-18,2017-05-07,colunas,colunas
121712,155215,0.8984375,AVISO,Aviso,2016-10-18,2017-06-30,colunas,colunas
121712,155558,0.8984375,AVISO,Aviso,2016-10-18,2017-07-03,colunas,colunas
121712,156146,0.8984375,AVISO,Aviso,2016-10-18,2017-07-07,colunas,colunas
121712,156779,0.8984375,AVISO,Aviso,2016-10-18,2017-07-14,colunas,colunas
121712,157095,1.0,AVISO,Aviso de férias,2016-10-18,2017-07-17,colunas,colunas
121712,157634,0.8984375,AVISO,Aviso de férias,2016-10-18,2017-07-21,colunas,colunas
121712,157638,0.8984375,AVISO,Aviso,2016-10-18,2017-07-21,colunas,colunas
121712,157840,1.0,AVISO,Aviso de férias,2016-10-18,2017-07-23,colunas,colunas
121712,158955,1.0,AVISO,Aviso de férias,2016-10-18,2017-07-31,colunas,colunas
121712,163843,1.0,AVISO,Aviso de férias,2016-10-18,2017-09-07,colunas,colunas
121712,164893,1.0,AVISO,Aviso,2016-10-18,2017-09-17,colunas,colunas
121903,128543,0.9296875,Veja como ficam os juros ao consumidor com a Selic a 14%,"Veja como ficam os juros ao consumidor com a Selic a 13,75%",2016-10-19,2016-11-30,mercado,mercado
121903,139232,0.921875,Veja como ficam os juros ao consumidor com a Selic a 14%,"Veja como ficam as taxas de juros ao consumidor com a Selic a 12,25%",2016-10-19,2017-02-22,mercado,mercado
121904,128544,0.9375,Fundos ganham da poupança na maioria dos casos com Selic a 14%,"Fundos ganham da poupança na maioria dos casos com Selic a 13,75%",2016-10-19,2016-11-30,mercado,mercado
122908,132265,1.0,"
		Veja empresas que fazem limpeza de caixa d'água no Estado de São Paulo
		","
		Conheça empresas que fazem limpeza de caixa d'água no Estado de São Paulo
		",2016-10-25,2016-12-25,sobretudo,sobretudo
123117,123119,0.9375,"Para diretor de comunicação da Fiat, vitória 'tardia' no Top of Mind era esperada","Para diretor da Fiat, vitória 'tardia' no Top of Mind era esperada",2016-10-26,2016-10-26,topofmind,tv
123306,123307,0.921875,"Celso Daniel era conivente com corrupção, diz autor de livro","Celso Daniel era conivente com corrupção, diz autor de livro",2016-10-27,2016-10-27,tv,tv
123333,123336,0.9921875,"'Tenho ódio da polícia', diz mãe de jovem morto na Grande SP","Para mulher de policial morto em assalto, 'não existe PM de folga'",2016-10-28,2016-10-28,cotidiano,cotidiano
123976,134179,0.953125,Mapa interativo mostra lembranças de leitores sobre São Paulo; envie a sua,Conte para a Folha o que te surpreende em São Paulo; saiba como participar,2016-11-01,2017-01-13,cotidiano,cotidiano
124034,124139,1.0,"É difícil entender que não tenho mais 20 anos, disse Bowie sobre envelhecer","É difícil entender que não tenho mais 20 anos, disse Bowie sobre envelhecer",2016-11-01,2016-11-01,ilustrada,tv
124078,124141,1.0,"Retração neste ano pode superar a de 2015, diz economista","Retração neste ano pode superar a de 2015, diz economista",2016-11-01,2016-11-01,mercado,tv
124130,124680,1.0,Confira o petisco wi-fi para cachorros e outras compras tecnológicas,Veja um sensor de movimentos para TV e outras compras tecnológicas,2016-11-01,2016-11-04,tec,tec
124688,158107,1.0,Aviso,Aviso,2016-11-05,2017-07-25,colunas,colunas
124688,166842,1.0,Aviso,Aviso,2016-11-05,2017-09-30,colunas,colunas
125061,129785,0.9453125,Astros da MPB revitalizam mística do Brasil no Festival de Jazz de Montreux,"Timaço retoma mística do Brasil no Festival de Jazz de Montreux, na Suíça",2016-11-07,2016-12-07,ilustrada,ilustrada
125464,131410,1.0,Veja o cartum de Bruno Maron publicado neste domingo,Veja o cartum de Bruno Maron publicado nesta edição da Ilustríssima,2016-11-09,2016-12-18,ilustrissima,ilustrissima
125464,134427,1.0,Veja o cartum de Bruno Maron publicado neste domingo,Veja o cartum de Bruno Maron para a edição deste domingo,2016-11-09,2017-01-15,ilustrissima,ilustrissima
125921,129630,1.0,Veja cartum de Rafael Campos Rocha publicado neste domingo,"Veja o cartum da série ""ogro"" publicado nesta semana",2016-11-12,2016-12-06,ilustrissima,ilustrissima
125921,132223,1.0,Veja cartum de Rafael Campos Rocha publicado neste domingo,Veja o cartum de Rafael Campos Rocha deste domingo de Natal,2016-11-12,2016-12-25,ilustrissima,ilustrissima
126076,136293,1.0,Veja o cartum de Jean Galvão publicado no caderno neste domingo,Veja o novo cartum de Jean Galvão,2016-11-13,2017-01-29,ilustrissima,ilustrissima
126076,159142,1.0,Veja o cartum de Jean Galvão publicado no caderno neste domingo,Veja o cartum de Jean Galvão para a edição deste domingo,2016-11-13,2017-08-01,ilustrissima,ilustrissima
126551,126715,0.90625,Talão para de circular e Zona Azul será só digital em SP a partir desta segunda,Fim do talão de Zona Azul em SP é adiado para dezembro,2016-11-17,2016-11-18,cotidiano,cotidiano
126551,128316,0.8671875,Talão para de circular e Zona Azul será só digital em SP a partir desta segunda,CET não reembolsa em dinheiro motorista que tem Zona Azul de papel,2016-11-17,2016-11-29,cotidiano,cotidiano
126718,126943,0.9921875,1ª fase da Unicamp terá mais de 73 mil participantes neste domingo,Unicamp realiza 1ª fase do vestibular 2017 neste domingo; veja dicas,2016-11-18,2016-11-20,educacao,educacao
127723,152795,0.8984375,Aviso,Aviso,2016-11-25,2017-06-10,colunas,colunas
127723,160135,0.9140625,Aviso,Aviso,2016-11-25,2017-08-09,colunas,colunas
127866,127926,0.8515625,'O dia em que acariciei a barba de Fidel e deixei de acreditar nele','O dia em que acariciei a barba de Fidel e deixei de acreditar nele',2016-11-26,2016-11-26,bbc,mundo
128543,139232,0.890625,"Veja como ficam os juros ao consumidor com a Selic a 13,75%","Veja como ficam as taxas de juros ao consumidor com a Selic a 12,25%",2016-11-30,2017-02-22,mercado,mercado
128630,128631,1.0,Mais de cem baleias encalham e ao menos 45 morrem no sul da Índia,Mais de cem baleias encalham e ao menos 45 morrem no sul da Índia,2016-12-01,2016-12-01,ambiente,ciencia
128648,136632,0.859375,Aviso,Aviso,2016-12-01,2017-02-01,colunas,colunas
128648,138513,1.0,Aviso,Aviso,2016-12-01,2017-02-17,colunas,colunas
128648,139896,1.0,Aviso,Aviso,2016-12-01,2017-02-28,colunas,colunas
128648,147463,0.9609375,Aviso,Aviso,2016-12-01,2017-05-01,colunas,colunas
128648,148281,0.9609375,Aviso,Aviso,2016-12-01,2017-05-07,colunas,colunas
128648,155215,1.0,Aviso,Aviso,2016-12-01,2017-06-30,colunas,colunas
128648,155558,1.0,Aviso,Aviso,2016-12-01,2017-07-03,colunas,colunas
128648,156146,1.0,Aviso,Aviso,2016-12-01,2017-07-07,colunas,colunas
128648,156779,1.0,Aviso,Aviso,2016-12-01,2017-07-14,colunas,colunas
128648,157095,0.8984375,Aviso,Aviso de férias,2016-12-01,2017-07-17,colunas,colunas
128648,157634,1.0,Aviso,Aviso de férias,2016-12-01,2017-07-21,colunas,colunas
128648,157638,1.0,Aviso,Aviso,2016-12-01,2017-07-21,colunas,colunas
128648,157840,0.8984375,Aviso,Aviso de férias,2016-12-01,2017-07-23,colunas,colunas
128648,158955,0.8984375,Aviso,Aviso de férias,2016-12-01,2017-07-31,colunas,colunas
128648,163843,0.8984375,Aviso,Aviso de férias,2016-12-01,2017-09-07,colunas,colunas
128648,164893,0.8984375,Aviso,Aviso,2016-12-01,2017-09-17,colunas,colunas
128961,128964,0.9453125,"Games refletem estereótipos sociais sobre a mulher, dizem especialistas","Games refletem estereótipos sociais sobre a mulher, dizem especialistas",2016-12-02,2016-12-02,tec,tv
129308,129487,0.96875,Relembre 4 constrangimentos públicos pelos quais o presidente interino Michel Temer já passou,Relembre 4 constrangimentos públicos que Michel Temer passou,2016-12-05,2016-12-05,asmais,poder
129630,132223,1.0,"Veja o cartum da série ""ogro"" publicado nesta semana",Veja o cartum de Rafael Campos Rocha deste domingo de Natal,2016-12-06,2016-12-25,ilustrissima,ilustrissima
130449,131494,0.90625,Aviso,Aviso,2016-12-12,2016-12-19,colunas,colunas
130786,131115,0.8828125,Sessão na Assembleia de SP acaba em bate-boca entre ouvidor e deputados,Ouvidor das polícias peita bancada da bala na Assembleia de SP; veja vídeo,2016-12-14,2016-12-16,cotidiano,cotidiano
131091,131273,0.9296875,Meirelles tenta ganhar tempo com minipacote contra recessão,"Pacote não resolve crise, mas tenta dar tempo para Meirelles",2016-12-16,2016-12-17,colunas,mercado
131246,131375,1.0,"Crise, feriado em 'dia errado' e chuva esvaziam hotéis em praias paulistas",Aluguel de 'puxadinho' vira opção para férias da crise no litoral norte de SP,2016-12-17,2016-12-18,cotidiano,cotidiano
131410,134427,1.0,Veja o cartum de Bruno Maron publicado nesta edição da Ilustríssima,Veja o cartum de Bruno Maron para a edição deste domingo,2016-12-18,2017-01-15,ilustrissima,ilustrissima
131852,131857,0.890625,Aviso,Aviso,2016-12-22,2016-12-22,colunas,colunas
132101,132109,1.0,Aviso,Aviso,2016-12-24,2016-12-24,colunas,colunas
132101,155340,0.8515625,Aviso,Aviso,2016-12-24,2017-07-01,colunas,colunas
132109,155340,0.8515625,Aviso,Aviso,2016-12-24,2017-07-01,colunas,colunas
132701,132793,0.8671875,Justiça determina libertação de prefeito eleito de Osasco,Prefeito eleito de Osasco sai da prisão e vai pagar fiança após feriado,2016-12-29,2016-12-30,poder,poder
132892,158780,1.0,Aviso,Aviso,2017-01-01,2017-07-30,colunas,colunas
133257,136988,0.8984375,Marcelo Odebrecht depõe em ação de Dilma e Temer no TSE,Depoimento de Marcelo Odebrecht durou quatro horas,2017-01-03,2017-02-03,poder,poder
133275,143454,0.9765625,Aviso,Aviso,2017-01-04,2017-03-29,colunas,colunas
133275,148303,1.0,Aviso,Aviso,2017-01-04,2017-05-07,colunas,colunas
133275,153319,0.9765625,Aviso,Aviso,2017-01-04,2017-06-16,colunas,colunas
133275,156403,1.0,Aviso,Aviso,2017-01-04,2017-07-09,colunas,colunas
133382,133496,0.953125,JBS defenderá acordo com PGR e atuação de Fachin na delação,JBS defende que relatoria de acordo permaneça com Fachin,2017-01-05,2017-01-06,colunas,colunas
133428,137239,0.8828125,"Após agressão a estudante, PM goiana afasta capitão de funções de rua","Estudante agredido por PM segue em estado grave, mas sem risco de morte",2017-01-05,2017-02-05,mercado,mercado
133428,163633,0.875,"Após agressão a estudante, PM goiana afasta capitão de funções de rua",Estudante agredido por PM com cassetete em manifestação sai da UTI,2017-01-05,2017-09-05,mercado,mercado
133661,155234,0.9609375,"Ex-médico Roger Abdelmassih chega ao presídio de Tremembé, em SP","TJ de SP determina volta do ex-médico Roger Abdelmassih, 73, para a prisão",2017-01-07,2017-06-30,cotidiano,cotidiano
134505,166084,0.9140625,Aviso,Aviso,2017-01-16,2017-09-25,colunas,colunas
134613,134736,0.9765625,Preso suspeito de matar 39 pessoas na Turquia em noite de Ano Novo,"Detido em Istambul confessa ser autor de massacre no Ano-Novo, diz governo",2017-01-16,2017-01-17,mundo,mundo
134914,135024,1.0,"Anticomunista, republicano não citou URSS em discurso","Anticomunista, Ronald Reagan não citou União Soviética na posse",2017-01-19,2017-01-19,colunas,mundo
135015,135092,0.984375,Raios laser no combate à trituração de pintinhos,Raios laser no combate à trituração de pintinhos,2017-01-19,2017-01-20,mercado,ambiente
135910,136016,0.9140625,Volta de bolo gigante de aniversário resgata tradições do Bexiga; veja vídeo,'TV Folha' acompanha volta do bolo gigante de aniversário de SP,2017-01-26,2017-01-26,cotidiano,tv
136280,140136,0.890625,Coleção Folha traz mundo encantado de reis e rainhas para livros infantis,Volume da Coleção Folha traz 'Branca de Neve' e 'A Roupa Nova do Rei',2017-01-29,2017-03-02,ilustrada,ilustrada
136293,159142,1.0,Veja o novo cartum de Jean Galvão,Veja o cartum de Jean Galvão para a edição deste domingo,2017-01-29,2017-08-01,ilustrissima,ilustrissima
136317,136445,1.0,Líderes internacionais criticam veto de Trump a cidadãos de sete países,Líderes mundiais criticam veto americano a cidadãos de sete países,2017-01-29,2017-01-30,mundo,mundo
136632,138513,0.859375,Aviso,Aviso,2017-02-01,2017-02-17,colunas,colunas
136632,139896,0.859375,Aviso,Aviso,2017-02-01,2017-02-28,colunas,colunas
136632,147463,0.8828125,Aviso,Aviso,2017-02-01,2017-05-01,colunas,colunas
136632,148281,0.8828125,Aviso,Aviso,2017-02-01,2017-05-07,colunas,colunas
136632,155215,0.859375,Aviso,Aviso,2017-02-01,2017-06-30,colunas,colunas
136632,155558,0.859375,Aviso,Aviso,2017-02-01,2017-07-03,colunas,colunas
136632,156146,0.859375,Aviso,Aviso,2017-02-01,2017-07-07,colunas,colunas
136632,156779,0.859375,Aviso,Aviso,2017-02-01,2017-07-14,colunas,colunas
136632,157095,0.9609375,Aviso,Aviso de férias,2017-02-01,2017-07-17,colunas,colunas
136632,157634,0.859375,Aviso,Aviso de férias,2017-02-01,2017-07-21,colunas,colunas
136632,157638,0.859375,Aviso,Aviso,2017-02-01,2017-07-21,colunas,colunas
136632,157840,0.9609375,Aviso,Aviso de férias,2017-02-01,2017-07-23,colunas,colunas
136632,158955,0.9609375,Aviso,Aviso de férias,2017-02-01,2017-07-31,colunas,colunas
136632,163843,0.9609375,Aviso,Aviso de férias,2017-02-01,2017-09-07,colunas,colunas
136632,164893,0.9609375,Aviso,Aviso,2017-02-01,2017-09-17,colunas,colunas
136768,137482,0.8984375,"João Saldanha, comunista e treinador da seleção, faria 100 anos em 2017","Sem medo nem filtro, João Saldanha foi controverso e craque no que fez",2017-02-02,2017-02-07,esporte,esporte
137164,147451,1.0,"
		Aprenda a limpar o microondas do jeito certo
		","
		Aprenda a limpar o micro-ondas do jeito certo
		",2017-02-04,2017-04-30,sobretudo,sobretudo
137239,163633,0.8984375,"Estudante agredido por PM segue em estado grave, mas sem risco de morte",Estudante agredido por PM com cassetete em manifestação sai da UTI,2017-02-05,2017-09-05,mercado,mercado
137500,152433,1.0,Inovações de 'Homem-Aranha' novo podem fazer fã do gibi surtar,Inovações de 'Homem-Aranha' novo podem fazer fã do gibi surtar,2017-02-07,2017-06-07,ilustrada,ilustrada
137991,156654,1.0,São Paulo aposta em saldo positivo de Dorival em situações de risco,São Paulo põe à prova experiência de Dorival em situações de risco,2017-02-13,2017-07-13,esporte,esporte
138394,138540,0.9609375,Unesp divulga 2ª chamada com 1.393 candidatos aprovados no vestibular,Unesp encerra prazo para matrícula on-line da 2ª chamada nesta sexta,2017-02-16,2017-02-17,educacao,educacao
138394,139046,0.921875,Unesp divulga 2ª chamada com 1.393 candidatos aprovados no vestibular,Unesp divulga 3ª chamada com 372 candidatos aprovados no vestibular,2017-02-16,2017-02-21,educacao,educacao
138513,139896,1.0,Aviso,Aviso,2017-02-17,2017-02-28,colunas,colunas
138513,147463,0.9609375,Aviso,Aviso,2017-02-17,2017-05-01,colunas,colunas
138513,148281,0.9609375,Aviso,Aviso,2017-02-17,2017-05-07,colunas,colunas
138513,155215,1.0,Aviso,Aviso,2017-02-17,2017-06-30,colunas,colunas
138513,155558,1.0,Aviso,Aviso,2017-02-17,2017-07-03,colunas,colunas
138513,156146,1.0,Aviso,Aviso,2017-02-17,2017-07-07,colunas,colunas
138513,156779,1.0,Aviso,Aviso,2017-02-17,2017-07-14,colunas,colunas
138513,157095,0.8984375,Aviso,Aviso de férias,2017-02-17,2017-07-17,colunas,colunas
138513,157634,1.0,Aviso,Aviso de férias,2017-02-17,2017-07-21,colunas,colunas
138513,157638,1.0,Aviso,Aviso,2017-02-17,2017-07-21,colunas,colunas
138513,157840,0.8984375,Aviso,Aviso de férias,2017-02-17,2017-07-23,colunas,colunas
138513,158955,0.8984375,Aviso,Aviso de férias,2017-02-17,2017-07-31,colunas,colunas
138513,163843,0.8984375,Aviso,Aviso de férias,2017-02-17,2017-09-07,colunas,colunas
138513,164893,0.8984375,Aviso,Aviso,2017-02-17,2017-09-17,colunas,colunas
138540,139046,0.8984375,Unesp encerra prazo para matrícula on-line da 2ª chamada nesta sexta,Unesp divulga 3ª chamada com 372 candidatos aprovados no vestibular,2017-02-17,2017-02-21,educacao,educacao
138864,138957,0.9765625,Folha explica os desafios da Previdência no Brasil; veja,Folha explica os desafios da Previdência no Brasil; veja,2017-02-19,2017-02-20,tv,mercado
139329,139510,0.9296875,Páginas do Facebook usam fotos de crianças doentes para ganhar dinheiro,Páginas do Facebook usam fotos de crianças doentes por cliques e dinheiro,2017-02-23,2017-02-24,cotidiano,equilibrioesaude
139896,147463,0.9609375,Aviso,Aviso,2017-02-28,2017-05-01,colunas,colunas
139896,148281,0.9609375,Aviso,Aviso,2017-02-28,2017-05-07,colunas,colunas
139896,155215,1.0,Aviso,Aviso,2017-02-28,2017-06-30,colunas,colunas
139896,155558,1.0,Aviso,Aviso,2017-02-28,2017-07-03,colunas,colunas
139896,156146,1.0,Aviso,Aviso,2017-02-28,2017-07-07,colunas,colunas
139896,156779,1.0,Aviso,Aviso,2017-02-28,2017-07-14,colunas,colunas
139896,157095,0.8984375,Aviso,Aviso de férias,2017-02-28,2017-07-17,colunas,colunas
139896,157634,1.0,Aviso,Aviso de férias,2017-02-28,2017-07-21,colunas,colunas
139896,157638,1.0,Aviso,Aviso,2017-02-28,2017-07-21,colunas,colunas
139896,157840,0.8984375,Aviso,Aviso de férias,2017-02-28,2017-07-23,colunas,colunas
139896,158955,0.8984375,Aviso,Aviso de férias,2017-02-28,2017-07-31,colunas,colunas
139896,163843,0.8984375,Aviso,Aviso de férias,2017-02-28,2017-09-07,colunas,colunas
139896,164893,0.8984375,Aviso,Aviso,2017-02-28,2017-09-17,colunas,colunas
141733,143178,0.921875,Justiça condena apenas um PM pela morte de jovem após assalto em 2015,PMs vão a juri acusados de empurrar suspeito de telhado e matá-lo em SP,2017-03-16,2017-03-27,cotidiano,cotidiano
142941,144282,0.9296875,Folha promove seminário sobre conformidade nos negócios,Seminário da Folha debate regras de conduta para empresas,2017-03-24,2017-04-04,seminariosfolha,poder
143454,148303,0.9765625,Aviso,Aviso,2017-03-29,2017-05-07,colunas,colunas
143454,153319,1.0,Aviso,Aviso,2017-03-29,2017-06-16,colunas,colunas
143454,156403,0.9765625,Aviso,Aviso,2017-03-29,2017-07-09,colunas,colunas
144152,144153,1.0,O espanto de quem votou no PMDB,O espanto de quem votou no PMDB,2017-04-04,2017-04-04,colunas,colunas
146980,147117,0.9453125,Falta de trabalhador de categoria que não aderir à greve pode ser descontada,Faltas injustificadas durante paralisação podem ser descontadas,2017-04-27,2017-04-28,mercado,mercado
147463,148281,1.0,Aviso,Aviso,2017-05-01,2017-05-07,colunas,colunas
147463,155215,0.9609375,Aviso,Aviso,2017-05-01,2017-06-30,colunas,colunas
147463,155558,0.9609375,Aviso,Aviso,2017-05-01,2017-07-03,colunas,colunas
147463,156146,0.9609375,Aviso,Aviso,2017-05-01,2017-07-07,colunas,colunas
147463,156779,0.9609375,Aviso,Aviso,2017-05-01,2017-07-14,colunas,colunas
147463,157095,0.859375,Aviso,Aviso de férias,2017-05-01,2017-07-17,colunas,colunas
147463,157634,0.9609375,Aviso,Aviso de férias,2017-05-01,2017-07-21,colunas,colunas
147463,157638,0.9609375,Aviso,Aviso,2017-05-01,2017-07-21,colunas,colunas
147463,157840,0.859375,Aviso,Aviso de férias,2017-05-01,2017-07-23,colunas,colunas
147463,158955,0.859375,Aviso,Aviso de férias,2017-05-01,2017-07-31,colunas,colunas
147463,163843,0.859375,Aviso,Aviso de férias,2017-05-01,2017-09-07,colunas,colunas
147463,164893,0.859375,Aviso,Aviso,2017-05-01,2017-09-17,colunas,colunas
148022,148026,0.875,Gestão Doria fecha espaço de lazer e leitura para criar vaga na pré-escola,Doria defende fechar salas de leitura e brinquedoteca por vagas na pré-escola,2017-05-05,2017-05-05,cotidiano,cotidiano
148281,155215,0.9609375,Aviso,Aviso,2017-05-07,2017-06-30,colunas,colunas
148281,155558,0.9609375,Aviso,Aviso,2017-05-07,2017-07-03,colunas,colunas
148281,156146,0.9609375,Aviso,Aviso,2017-05-07,2017-07-07,colunas,colunas
148281,156779,0.9609375,Aviso,Aviso,2017-05-07,2017-07-14,colunas,colunas
148281,157095,0.859375,Aviso,Aviso de férias,2017-05-07,2017-07-17,colunas,colunas
148281,157634,0.9609375,Aviso,Aviso de férias,2017-05-07,2017-07-21,colunas,colunas
148281,157638,0.9609375,Aviso,Aviso,2017-05-07,2017-07-21,colunas,colunas
148281,157840,0.859375,Aviso,Aviso de férias,2017-05-07,2017-07-23,colunas,colunas
148281,158955,0.859375,Aviso,Aviso de férias,2017-05-07,2017-07-31,colunas,colunas
148281,163843,0.859375,Aviso,Aviso de férias,2017-05-07,2017-09-07,colunas,colunas
148281,164893,0.859375,Aviso,Aviso,2017-05-07,2017-09-17,colunas,colunas
148303,153319,0.9765625,Aviso,Aviso,2017-05-07,2017-06-16,colunas,colunas
148303,156403,1.0,Aviso,Aviso,2017-05-07,2017-07-09,colunas,colunas
148873,148879,0.921875,Papa Francisco canoniza crianças de Fátima em Portugal,Papa Francisco recebe brasileiro em canonização no Santuário de Fátima,2017-05-13,2017-05-13,mundo,mundo
149498,149689,1.0,Devemos obedecer a um governo ilegítimo?,O povo pode desfazer as leis que ele mesmo fez e destituir instituições,2017-05-18,2017-05-19,colunas,colunas
149697,152150,0.921875,Termina nesta sexta prazo de inscrição para o Enem 2017; veja o que fazer,Inscrições para o Enem 2017 começam nesta segunda; taxa será de R$ 82,2017-05-19,2017-06-05,educacao,educacao
150706,150880,0.9296875,Odebrecht lança versão atualizada de seu canal de denúncia,Odebrecht lança versão de seu disque-denúncia,2017-05-25,2017-05-26,poder,poder
150741,152785,0.90625,Aviso,Aviso,2017-05-26,2017-06-10,colunas,colunas
150741,160130,0.921875,Aviso,Aviso,2017-05-26,2017-08-09,colunas,colunas
151015,151322,0.984375,"Chuvas alagam Marechal Deodoro, na região metropolitana de Maceió",Chuva alaga cidade histórica e deixa 300 famílias desabrigadas em AL,2017-05-28,2017-05-30,cotidiano,cotidiano
151660,155372,0.9765625,Novo diretor do CCSP quer dar mais espaço a escritores na programação,Cadão Volpato quer integração no CCSP,2017-06-01,2017-07-01,ilustrada,ilustrada
151987,158381,1.0,Aviso,Aviso,2017-06-04,2017-07-27,colunas,colunas
152161,152417,0.859375,"Sem verba e a um mês de seletiva, basquete atrasa definição de técnicos","Sem verba e a um mês de seletiva, basquete atrasa definição de técnico",2017-06-05,2017-06-07,esporte,esporte
152264,163741,0.8515625,ProUni oferece 147 mil bolsas de estudo para o 2º semestre de 2017,Terminam nesta sexta as inscrições para 147 mil vagas do ProUni,2017-06-06,2017-09-06,educacao,educacao
152306,159824,1.0,Receita abre nesta quinta consulta ao primeiro lote de restituição do IR 2017,Receita abre nesta quinta consulta ao primeiro lote de restituição do IR 2017,2017-06-06,2017-08-06,mercado,mercado
152535,156288,1.0,"Mortes: Jornalista, Emiliana aposentou as cuecas nas gráficas","Mortes: Jornalista, aposentou as cuecas nas gráficas",2017-06-08,2017-07-08,cotidiano,cotidiano
152711,156562,0.90625,Queda da taxa de juros aciona gatilho que reduz ganho da poupança,Poupança com aniversário neste sábado já rende menos,2017-06-09,2017-07-10,mercado,mercado
152795,160135,0.90625,Aviso,Aviso,2017-06-10,2017-08-09,colunas,colunas
152894,156592,0.90625,Desembargador concede habeas corpus a Cesare Battisti,Cesare Battisti chega a São Paulo após receber habeas corpus,2017-06-10,2017-07-10,poder,poder
153234,153346,0.9140625,"Com Anne Hathaway e monstro, 'Colossal' fica em plano superficial","Filme de monstro, 'Colossal' fica no plano raso da lição de moral",2017-06-15,2017-06-16,ilustrada,ilustrada
153235,153345,0.921875,Espanhol 'Kiki' é um tratado engraçado sobre taras e sacanagem,Longa espanhol 'Kiki' é divertido tratado sobre taras sexuais,2017-06-15,2017-06-16,ilustrada,ilustrada
153292,153410,1.0,Entenda como fazer empréstimos,Precisa de crédito? Conheça opções de empréstimo em vídeo de 3 minutos,2017-06-15,2017-06-16,tv,tv
153319,156403,0.9765625,Aviso,Aviso,2017-06-16,2017-07-09,colunas,colunas
154159,154293,0.9609375,Folha fará debate com candidatos à Procuradoria-Geral,Folha realiza nesta sexta debate com candidatos à PGR,2017-06-22,2017-06-23,poder,poder
155084,155091,0.8671875,Testemunha de morte de jovem em favela diz ter sofrido pressão de PMs,Corpo de rapaz morto em ação anti-drogas em favela é enterrado em SP,2017-06-29,2017-06-29,cotidiano,cotidiano
155215,155558,1.0,Aviso,Aviso,2017-06-30,2017-07-03,colunas,colunas
155215,156146,1.0,Aviso,Aviso,2017-06-30,2017-07-07,colunas,colunas
155215,156779,1.0,Aviso,Aviso,2017-06-30,2017-07-14,colunas,colunas
155215,157095,0.8984375,Aviso,Aviso de férias,2017-06-30,2017-07-17,colunas,colunas
155215,157634,1.0,Aviso,Aviso de férias,2017-06-30,2017-07-21,colunas,colunas
155215,157638,1.0,Aviso,Aviso,2017-06-30,2017-07-21,colunas,colunas
155215,157840,0.8984375,Aviso,Aviso de férias,2017-06-30,2017-07-23,colunas,colunas
155215,158955,0.8984375,Aviso,Aviso de férias,2017-06-30,2017-07-31,colunas,colunas
155215,163843,0.8984375,Aviso,Aviso de férias,2017-06-30,2017-09-07,colunas,colunas
155215,164893,0.8984375,Aviso,Aviso,2017-06-30,2017-09-17,colunas,colunas
155558,156146,1.0,Aviso,Aviso,2017-07-03,2017-07-07,colunas,colunas
155558,156779,1.0,Aviso,Aviso,2017-07-03,2017-07-14,colunas,colunas
155558,157095,0.8984375,Aviso,Aviso de férias,2017-07-03,2017-07-17,colunas,colunas
155558,157634,1.0,Aviso,Aviso de férias,2017-07-03,2017-07-21,colunas,colunas
155558,157638,1.0,Aviso,Aviso,2017-07-03,2017-07-21,colunas,colunas
155558,157840,0.8984375,Aviso,Aviso de férias,2017-07-03,2017-07-23,colunas,colunas
155558,158955,0.8984375,Aviso,Aviso de férias,2017-07-03,2017-07-31,colunas,colunas
155558,163843,0.8984375,Aviso,Aviso de férias,2017-07-03,2017-09-07,colunas,colunas
155558,164893,0.8984375,Aviso,Aviso,2017-07-03,2017-09-17,colunas,colunas
156146,156779,1.0,Aviso,Aviso,2017-07-07,2017-07-14,colunas,colunas
156146,157095,0.8984375,Aviso,Aviso de férias,2017-07-07,2017-07-17,colunas,colunas
156146,157634,1.0,Aviso,Aviso de férias,2017-07-07,2017-07-21,colunas,colunas
156146,157638,1.0,Aviso,Aviso,2017-07-07,2017-07-21,colunas,colunas
156146,157840,0.8984375,Aviso,Aviso de férias,2017-07-07,2017-07-23,colunas,colunas
156146,158955,0.8984375,Aviso,Aviso de férias,2017-07-07,2017-07-31,colunas,colunas
156146,163843,0.8984375,Aviso,Aviso de férias,2017-07-07,2017-09-07,colunas,colunas
156146,164893,0.8984375,Aviso,Aviso,2017-07-07,2017-09-17,colunas,colunas
156336,160048,1.0,Receita abre consulta ao 3º lote de restituição do Imposto de Renda 2017,Receita libera consulta ao 3º lote de restituição do Imposto de Renda 2017,2017-07-08,2017-08-08,mercado,mercado
156446,160182,1.0,Receita abre consulta ao 4º lote de restituição do Imposto de Renda 2017,Receita abre consulta ao 4º lote de restituição do Imposto de Renda 2017,2017-07-09,2017-08-09,mercado,mercado
156779,157095,0.8984375,Aviso,Aviso de férias,2017-07-14,2017-07-17,colunas,colunas
156779,157634,1.0,Aviso,Aviso de férias,2017-07-14,2017-07-21,colunas,colunas
156779,157638,1.0,Aviso,Aviso,2017-07-14,2017-07-21,colunas,colunas
156779,157840,0.8984375,Aviso,Aviso de férias,2017-07-14,2017-07-23,colunas,colunas
156779,158955,0.8984375,Aviso,Aviso de férias,2017-07-14,2017-07-31,colunas,colunas
156779,163843,0.8984375,Aviso,Aviso de férias,2017-07-14,2017-09-07,colunas,colunas
156779,164893,0.8984375,Aviso,Aviso,2017-07-14,2017-09-17,colunas,colunas
157095,157634,0.8984375,Aviso de férias,Aviso de férias,2017-07-17,2017-07-21,colunas,colunas
157095,157638,0.8984375,Aviso de férias,Aviso,2017-07-17,2017-07-21,colunas,colunas
157095,157840,1.0,Aviso de férias,Aviso de férias,2017-07-17,2017-07-23,colunas,colunas
157095,158955,1.0,Aviso de férias,Aviso de férias,2017-07-17,2017-07-31,colunas,colunas
157095,163843,1.0,Aviso de férias,Aviso de férias,2017-07-17,2017-09-07,colunas,colunas
157095,164893,1.0,Aviso de férias,Aviso,2017-07-17,2017-09-17,colunas,colunas
157237,157376,0.953125,Temer sanciona projeto que libera verba para emissão de passaporte,Temer sanciona projeto que libera verba para emissão de passaporte,2017-07-18,2017-07-19,cotidiano,cotidiano
157634,157638,1.0,Aviso de férias,Aviso,2017-07-21,2017-07-21,colunas,colunas
157634,157840,0.8984375,Aviso de férias,Aviso de férias,2017-07-21,2017-07-23,colunas,colunas
157634,158955,0.8984375,Aviso de férias,Aviso de férias,2017-07-21,2017-07-31,colunas,colunas
157634,163843,0.8984375,Aviso de férias,Aviso de férias,2017-07-21,2017-09-07,colunas,colunas
157634,164893,0.8984375,Aviso de férias,Aviso,2017-07-21,2017-09-17,colunas,colunas
157638,157840,0.8984375,Aviso,Aviso de férias,2017-07-21,2017-07-23,colunas,colunas
157638,158955,0.8984375,Aviso,Aviso de férias,2017-07-21,2017-07-31,colunas,colunas
157638,163843,0.8984375,Aviso,Aviso de férias,2017-07-21,2017-09-07,colunas,colunas
157638,164893,0.8984375,Aviso,Aviso,2017-07-21,2017-09-17,colunas,colunas
157733,157793,1.0,Não tem carro? Como o aumento do combustível também afeta seu bolso,Não tem carro? Como o aumento do combustível também afeta seu bolso,2017-07-22,2017-07-22,bbc,mercado
157840,158955,1.0,Aviso de férias,Aviso de férias,2017-07-23,2017-07-31,colunas,colunas
157840,163843,1.0,Aviso de férias,Aviso de férias,2017-07-23,2017-09-07,colunas,colunas
157840,164893,1.0,Aviso de férias,Aviso,2017-07-23,2017-09-17,colunas,colunas
158107,166842,1.0,Aviso,Aviso,2017-07-25,2017-09-30,colunas,colunas
158136,158562,0.9140625,Fies abre nesta terça-feira as inscrições para 75 mil vagas; veja o que fazer,Inscrições para o Fies terminam nesta sexta-feira; veja como fazer,2017-07-25,2017-07-28,educacao,educacao
158955,163843,1.0,Aviso de férias,Aviso de férias,2017-07-31,2017-09-07,colunas,colunas
158955,164893,1.0,Aviso de férias,Aviso,2017-07-31,2017-09-17,colunas,colunas
159216,163153,0.9609375,"Enquanto Rio faz proposta que amplia a crise, ES mantém as contas em dia",Estado do ES mantém contas em dia depois de ajuste fiscal,2017-08-02,2017-09-02,colunas,cotidiano
160022,164000,1.0,Motorista perde o controle e carro invade padaria na zona norte de SP,Vídeo mostra momento em que carro invade padaria na zona norte de SP,2017-08-08,2017-09-08,cotidiano,cotidiano
160645,161581,1.0,Aviso,Aviso,2017-08-15,2017-08-22,colunas,colunas
161106,161111,0.9296875,Haddad ataca Doria e cita 'desmonte' em órgão de combate à corrupção,Doria rebate Haddad e pergunta: 'Quem é ele para falar de corrupção?',2017-08-18,2017-08-18,cotidiano,cotidiano
161153,161154,1.0,Fazenda indica que aceitará baixar valor de entrada para o Refis,Fazenda indica que aceitará baixar valor de entrada para o Refis,2017-08-18,2017-08-18,mercado,mercado
163017,166958,0.890625,"Diante de avanço de facções, União precisa deixar de ser coadjuvante",Atuação federal no problema prisional é tímida e desarticulada,2017-09-01,2017-10-01,cotidiano,cotidiano
163025,166960,0.9296875,"Sob pressão, ministro anuncia envio da Força Nacional para AM e RR",Força Nacional chega a Manaus para ajudar a controlar crise nos presídios,2017-09-01,2017-10-01,cotidiano,cotidiano
163241,163242,1.0,Primeira russa a comandar partido diz que revolução tem que ser na urna,Primeira russa a comandar partido diz que revolução tem que ser na urna,2017-09-02,2017-09-02,mundo,mundo
163241,163908,1.0,Primeira russa a comandar partido diz que revolução tem que ser na urna,Primeira russa a comandar partido diz que revolução tem de ser nas urnas,2017-09-02,2017-09-07,mundo,mundo
163242,163908,1.0,Primeira russa a comandar partido diz que revolução tem que ser na urna,Primeira russa a comandar partido diz que revolução tem de ser nas urnas,2017-09-02,2017-09-07,mundo,mundo
163243,163910,0.9921875,Discrição e atenção são marcas de clínicas da Planned Parenthood,Discrição e atenção são marcas de clínicas da Planned Parenthood,2017-09-02,2017-09-07,mundo,mundo
163843,164893,1.0,Aviso de férias,Aviso,2017-09-07,2017-09-17,colunas,colunas
164368,164416,0.921875,Temer faz apelo à base aliada para retomar reformas governistas,Temer pede à base aliada que não aquiete e que rebata críticas,2017-09-13,2017-09-13,mercado,poder
164529,165110,0.9375,Comédia búlgara 'Glory' trata de corrupção política e dignidade,Comédia búlgara trata de corrupção política e dignidade,2017-09-14,2017-09-18,ilustrada,ilustrada
166203,166204,0.9921875,"
		Toyota anuncia investimento de R$ 1,6 bilhão para produzir carro nacional
		","
		Toyota anuncia investimento de R$ 1,6 bilhão para produzir carro nacional
		",2017-09-25,2017-09-25,sobretudo,sobretudo
