id_a,id_b,jaccard_estimado,title_a,title_b,date_a,date_b,category_a,category_b
120,72821,0.9765625,"Fechamos o ano com grave dívida moral, reclama leitor","Fechamos o ano com grande dívida moral, reclama leitor",2015-01-01,2016-01-01,paineldoleitor,paineldoleitor
659,19046,0.9453125,Forças Armadas começam a deixar Complexo da Maré no Rio,"No Rio, UPP da Maré será instalada em área controlada por milícia",2015-01-04,2015-03-30,cotidiano,cotidiano
835,20962,0.8515625,Aviso,Aviso,2015-01-05,2015-04-09,colunas,colunas
847,20962,0.8515625,Aviso,Aviso,2015-01-05,2015-04-09,colunas,colunas
1153,10072,0.984375,Confira a tampa de privada luminescente e outras bugigangas,Confira os disquetes porta-copos e outras bugigangas tecnológicas,2015-01-06,2015-02-17,tec,tec
1153,11663,0.984375,Confira a tampa de privada luminescente e outras bugigangas,Confira o 'botão Bluetooth' e outras bugigangas tecnológicas,2015-01-06,2015-02-24,tec,tec
1153,13067,0.984375,Confira a tampa de privada luminescente e outras bugigangas,Confira a capa de concreto para iPhone e outras bugigangas tecnológicas,2015-01-06,2015-03-02,tec,tec
1153,13341,0.984375,Confira a tampa de privada luminescente e outras bugigangas,Confira a 'torradeira Darth Vader' e outras bugigangas tecnológicas,2015-01-06,2015-03-03,tec,tec
1153,14221,0.953125,Confira a tampa de privada luminescente e outras bugigangas,Confira a 'máscara Doge' e outras compras tecnológicas,2015-01-06,2015-03-08,tec,tec
1153,16178,0.984375,Confira a tampa de privada luminescente e outras bugigangas,Confira tábua de carne do 'Nintendinho' e outras bugigangas tecnológicas,2015-01-06,2015-03-17,tec,tec
1153,17870,0.984375,Confira a tampa de privada luminescente e outras bugigangas,Confira colchão inteligente e outras bugigangas tecnológicas,2015-01-06,2015-03-24,tec,tec
1153,19396,0.9921875,Confira a tampa de privada luminescente e outras bugigangas,Veja cabideiro que imita controle de PS3 e outras bugigangas tecnológicas,2015-01-06,2015-03-31,tec,tec
1153,20404,1.0,Confira a tampa de privada luminescente e outras bugigangas,Confira o alto-falante 'Iron Man' e outras bugigangas tecnológicas,2015-01-06,2015-04-05,tec,tec
1153,22086,1.0,Confira a tampa de privada luminescente e outras bugigangas,Confira projetor de papelão e outras bugigangas tecnológicas,2015-01-06,2015-04-14,tec,tec
1153,23357,1.0,Confira a tampa de privada luminescente e outras bugigangas,Confira 'anzol' inteligente e outras bugigangas tecnológicas,2015-01-06,2015-04-21,tec,tec
1153,24531,0.953125,Confira a tampa de privada luminescente e outras bugigangas,Veja escova de dentes com visor e outras bugigangas tecnológicas,2015-01-06,2015-04-27,tec,tec
1153,27130,0.9375,Confira a tampa de privada luminescente e outras bugigangas,Confira o transmissor FM para carros e outras compras tecnológicas,2015-01-06,2015-05-10,tec,tec
1153,28607,1.0,Confira a tampa de privada luminescente e outras bugigangas,Confira adaptador bluetooth e outras bugigangas tecnológicas,2015-01-06,2015-05-18,tec,tec
1153,29918,1.0,Confira a tampa de privada luminescente e outras bugigangas,Confira o recarregador USB solar e outras compras tecnológicas,2015-01-06,2015-05-25,tec,tec
1153,31336,0.984375,Confira a tampa de privada luminescente e outras bugigangas,Confira a espada 'Minecraft' e outras bugigangas tecnológicas,2015-01-06,2015-06-01,tec,tec
1153,32564,0.953125,Confira a tampa de privada luminescente e outras bugigangas,Confira o suporte para celular na bike e outras compras tecnológicas,2015-01-06,2015-06-07,tec,tec
1153,34003,0.953125,Confira a tampa de privada luminescente e outras bugigangas,Veja USB que vira lanterna e outras bugigangas tecnológicas,2015-01-06,2015-06-15,tec,tec
1153,35417,0.9375,Confira a tampa de privada luminescente e outras bugigangas,Veja casaco de moletom para os fãs de wi-fi e outras compras tecnológicas,2015-01-06,2015-06-22,tec,tec
1153,36823,0.953125,Confira a tampa de privada luminescente e outras bugigangas,Confira o alto-falante canino e outras compras tecnológicas,2015-01-06,2015-06-29,tec,tec
1153,37886,1.0,Confira a tampa de privada luminescente e outras bugigangas,Confira celular de baixo custo da Sony e outras bugigangas tecnológicas,2015-01-06,2015-07-04,tec,tec
1153,38842,0.953125,Confira a tampa de privada luminescente e outras bugigangas,Confira o esterilizador de celular e outras compras tecnológicas,2015-01-06,2015-07-09,tec,tec
1153,40954,0.953125,Confira a tampa de privada luminescente e outras bugigangas,Confira o comunicador de 'Jornada nas Estrelas' e outras compras tecnológicas,2015-01-06,2015-07-20,tec,tec
1153,42225,0.953125,Confira a tampa de privada luminescente e outras bugigangas,Confira o novo celular Alcatel e outras compras tecnológicas,2015-01-06,2015-07-27,tec,tec
1153,44209,1.0,Confira a tampa de privada luminescente e outras bugigangas,Veja o alto-falante com 20 horas de bateria e outras compras tecnológicas,2015-01-06,2015-08-06,tec,tec
1153,47657,0.953125,Confira a tampa de privada luminescente e outras bugigangas,Confira o roteador 'drone' e outras compras tecnológicas,2015-01-06,2015-08-24,tec,tec
1153,49105,0.953125,Confira a tampa de privada luminescente e outras bugigangas,Confira o smartphone com Linux e outras compras tecnológicas,2015-01-06,2015-08-31,tec,tec
1153,54735,0.9375,Confira a tampa de privada luminescente e outras bugigangas,Confira a câmera disfarçada de fonte e outras compras tecnológicas,2015-01-06,2015-09-28,tec,tec
1153,55556,0.984375,Confira a tampa de privada luminescente e outras bugigangas,Confira o 'capacete Metroid' e outras bugigangas tecnológicas,2015-01-06,2015-10-02,tec,tec
1153,55807,0.984375,Confira a tampa de privada luminescente e outras bugigangas,Confira o kit de decoração de unhas tetris e outras bugigangas tecnológicas,2015-01-06,2015-10-03,tec,tec
1153,56751,0.953125,Confira a tampa de privada luminescente e outras bugigangas,Confira a lente 'profissional' para smartphone e outras compras,2015-01-06,2015-10-08,tec,tec
1153,68450,1.0,Confira a tampa de privada luminescente e outras bugigangas,Confira o tablet projetor e outras bugigangas tecnológicas,2015-01-06,2015-12-05,tec,tec
1495,8318,1.0,Domingo tem bloqueios na zona sul e festival de cerveja artesanal,Redução de velocidade no centro e na zona leste começam nesta segunda,2015-01-08,2015-02-08,saopaulo,saopaulo
1495,14220,1.0,Domingo tem bloqueios na zona sul e festival de cerveja artesanal,"SPh: Aos 93, Bibi Ferreira volta aos palcos nesta terça para cantar Sinatra",2015-01-08,2015-03-08,saopaulo,saopaulo
2137,67334,0.953125,Fuvest foi clássica e sem 'pegadinha' na 1ª fase; professores comentam,Fuvest foi clássica e sem 'pegadinha' na 1ª fase; professores comentam,2015-01-12,2015-11-30,educacao,tv
2513,10072,1.0,Confira a jaqueta com luzes de LED e outras bugigangas tecnológicas,Confira os disquetes porta-copos e outras bugigangas tecnológicas,2015-01-13,2015-02-17,tec,tec
2513,11663,1.0,Confira a jaqueta com luzes de LED e outras bugigangas tecnológicas,Confira o 'botão Bluetooth' e outras bugigangas tecnológicas,2015-01-13,2015-02-24,tec,tec
2513,13067,1.0,Confira a jaqueta com luzes de LED e outras bugigangas tecnológicas,Confira a capa de concreto para iPhone e outras bugigangas tecnológicas,2015-01-13,2015-03-02,tec,tec
2513,13341,1.0,Confira a jaqueta com luzes de LED e outras bugigangas tecnológicas,Confira a 'torradeira Darth Vader' e outras bugigangas tecnológicas,2015-01-13,2015-03-03,tec,tec
2513,14221,0.9375,Confira a jaqueta com luzes de LED e outras bugigangas tecnológicas,Confira a 'máscara Doge' e outras compras tecnológicas,2015-01-13,2015-03-08,tec,tec
2513,16178,1.0,Confira a jaqueta com luzes de LED e outras bugigangas tecnológicas,Confira tábua de carne do 'Nintendinho' e outras bugigangas tecnológicas,2015-01-13,2015-03-17,tec,tec
2513,17870,1.0,Confira a jaqueta com luzes de LED e outras bugigangas tecnológicas,Confira colchão inteligente e outras bugigangas tecnológicas,2015-01-13,2015-03-24,tec,tec
2513,19396,0.9765625,Confira a jaqueta com luzes de LED e outras bugigangas tecnológicas,Veja cabideiro que imita controle de PS3 e outras bugigangas tecnológicas,2015-01-13,2015-03-31,tec,tec
2513,20404,0.984375,Confira a jaqueta com luzes de LED e outras bugigangas tecnológicas,Confira o alto-falante 'Iron Man' e outras bugigangas tecnológicas,2015-01-13,2015-04-05,tec,tec
2513,22086,0.984375,Confira a jaqueta com luzes de LED e outras bugigangas tecnológicas,Confira projetor de papelão e outras bugigangas tecnológicas,2015-01-13,2015-04-14,tec,tec
2513,23357,0.984375,Confira a jaqueta com luzes de LED e outras bugigangas tecnológicas,Confira 'anzol' inteligente e outras bugigangas tecnológicas,2015-01-13,2015-04-21,tec,tec
2513,24531,0.9375,Confira a jaqueta com luzes de LED e outras bugigangas tecnológicas,Veja escova de dentes com visor e outras bugigangas tecnológicas,2015-01-13,2015-04-27,tec,tec
2513,27130,0.921875,Confira a jaqueta com luzes de LED e outras bugigangas tecnológicas,Confira o transmissor FM para carros e outras compras tecnológicas,2015-01-13,2015-05-10,tec,tec
2513,28607,0.984375,Confira a jaqueta com luzes de LED e outras bugigangas tecnológicas,Confira adaptador bluetooth e outras bugigangas tecnológicas,2015-01-13,2015-05-18,tec,tec
2513,29918,0.984375,Confira a jaqueta com luzes de LED e outras bugigangas tecnológicas,Confira o recarregador USB solar e outras compras tecnológicas,2015-01-13,2015-05-25,tec,tec
2513,31336,1.0,Confira a jaqueta com luzes de LED e outras bugigangas tecnológicas,Confira a espada 'Minecraft' e outras bugigangas tecnológicas,2015-01-13,2015-06-01,tec,tec
2513,32564,0.9375,Confira a jaqueta com luzes de LED e outras bugigangas tecnológicas,Confira o suporte para celular na bike e outras compras tecnológicas,2015-01-13,2015-06-07,tec,tec
2513,34003,0.9375,Confira a jaqueta com luzes de LED e outras bugigangas tecnológicas,Veja USB que vira lanterna e outras bugigangas tecnológicas,2015-01-13,2015-06-15,tec,tec
2513,35417,0.953125,Confira a jaqueta com luzes de LED e outras bugigangas tecnológicas,Veja casaco de moletom para os fãs de wi-fi e outras compras tecnológicas,2015-01-13,2015-06-22,tec,tec
2513,36823,0.9375,Confira a jaqueta com luzes de LED e outras bugigangas tecnológicas,Confira o alto-falante canino e outras compras tecnológicas,2015-01-13,2015-06-29,tec,tec
2513,37886,0.984375,Confira a jaqueta com luzes de LED e outras bugigangas tecnológicas,Confira celular de baixo custo da Sony e outras bugigangas tecnológicas,2015-01-13,2015-07-04,tec,tec
2513,38842,0.9375,Confira a jaqueta com luzes de LED e outras bugigangas tecnológicas,Confira o esterilizador de celular e outras compras tecnológicas,2015-01-13,2015-07-09,tec,tec
2513,40954,0.9375,Confira a jaqueta com luzes de LED e outras bugigangas tecnológicas,Confira o comunicador de 'Jornada nas Estrelas' e outras compras tecnológicas,2015-01-13,2015-07-20,tec,tec
2513,42225,0.9375,Confira a jaqueta com luzes de LED e outras bugigangas tecnológicas,Confira o novo celular Alcatel e outras compras tecnológicas,2015-01-13,2015-07-27,tec,tec
2513,44209,0.984375,Confira a jaqueta com luzes de LED e outras bugigangas tecnológicas,Veja o alto-falante com 20 horas de bateria e outras compras tecnológicas,2015-01-13,2015-08-06,tec,tec
2513,47657,0.9375,Confira a jaqueta com luzes de LED e outras bugigangas tecnológicas,Confira o roteador 'drone' e outras compras tecnológicas,2015-01-13,2015-08-24,tec,tec
2513,49105,0.9375,Confira a jaqueta com luzes de LED e outras bugigangas tecnológicas,Confira o smartphone com Linux e outras compras tecnológicas,2015-01-13,2015-08-31,tec,tec
2513,54735,0.921875,Confira a jaqueta com luzes de LED e outras bugigangas tecnológicas,Confira a câmera disfarçada de fonte e outras compras tecnológicas,2015-01-13,2015-09-28,tec,tec
2513,55556,1.0,Confira a jaqueta com luzes de LED e outras bugigangas tecnológicas,Confira o 'capacete Metroid' e outras bugigangas tecnológicas,2015-01-13,2015-10-02,tec,tec
2513,55807,1.0,Confira a jaqueta com luzes de LED e outras bugigangas tecnológicas,Confira o kit de decoração de unhas tetris e outras bugigangas tecnológicas,2015-01-13,2015-10-03,tec,tec
2513,56751,0.9375,Confira a jaqueta com luzes de LED e outras bugigangas tecnológicas,Confira a lente 'profissional' para smartphone e outras compras,2015-01-13,2015-10-08,tec,tec
2513,68450,0.984375,Confira a jaqueta com luzes de LED e outras bugigangas tecnológicas,Confira o tablet projetor e outras bugigangas tecnológicas,2015-01-13,2015-12-05,tec,tec
2555,67367,0.9765625,"Mega-Sena pode pagar R$ 7,5 milhões nesta quarta","Acumulada, Mega-Sena pode pagar prêmio de R$ 7,5 milhões na quarta",2015-01-14,2015-12-01,cotidiano,cotidiano
3159,75417,1.0,Xiaomi não atinge meta de vendas de celulares em 2015,Xiaomi não atinge meta de vendas de celulares em 2015,2015-01-16,2016-01-16,mercado,mercado
3352,55253,0.984375,Veja os livros de economia e negócios mais vendidos de 5 a 11 de janeiro,Veja os livros de economia e negócios mais vendidos de 29 de dezembro a 4 de janeiro,2015-01-17,2015-10-01,mercado,mercado
3766,67491,1.0,"Eu invisto em: veja em que investe Fabrício Bittar, diretor de TV",Eu invisto em: veja o investimento da modelo Flávia Lucini,2015-01-19,2015-12-01,mercado,mercado
4078,11663,1.0,Confira a 'carteira playstation' e outras bugigangas tecnológicas,Confira o 'botão Bluetooth' e outras bugigangas tecnológicas,2015-01-20,2015-02-24,tec,tec
4078,13067,1.0,Confira a 'carteira playstation' e outras bugigangas tecnológicas,Confira a capa de concreto para iPhone e outras bugigangas tecnológicas,2015-01-20,2015-03-02,tec,tec
4078,13341,1.0,Confira a 'carteira playstation' e outras bugigangas tecnológicas,Confira a 'torradeira Darth Vader' e outras bugigangas tecnológicas,2015-01-20,2015-03-03,tec,tec
4078,14221,0.9375,Confira a 'carteira playstation' e outras bugigangas tecnológicas,Confira a 'máscara Doge' e outras compras tecnológicas,2015-01-20,2015-03-08,tec,tec
4078,16178,1.0,Confira a 'carteira playstation' e outras bugigangas tecnológicas,Confira tábua de carne do 'Nintendinho' e outras bugigangas tecnológicas,2015-01-20,2015-03-17,tec,tec
4078,17870,1.0,Confira a 'carteira playstation' e outras bugigangas tecnológicas,Confira colchão inteligente e outras bugigangas tecnológicas,2015-01-20,2015-03-24,tec,tec
4078,19396,0.9765625,Confira a 'carteira playstation' e outras bugigangas tecnológicas,Veja cabideiro que imita controle de PS3 e outras bugigangas tecnológicas,2015-01-20,2015-03-31,tec,tec
4078,20404,0.984375,Confira a 'carteira playstation' e outras bugigangas tecnológicas,Confira o alto-falante 'Iron Man' e outras bugigangas tecnológicas,2015-01-20,2015-04-05,tec,tec
4078,22086,0.984375,Confira a 'carteira playstation' e outras bugigangas tecnológicas,Confira projetor de papelão e outras bugigangas tecnológicas,2015-01-20,2015-04-14,tec,tec
4078,23357,0.984375,Confira a 'carteira playstation' e outras bugigangas tecnológicas,Confira 'anzol' inteligente e outras bugigangas tecnológicas,2015-01-20,2015-04-21,tec,tec
4078,24531,0.9375,Confira a 'carteira playstation' e outras bugigangas tecnológicas,Veja escova de dentes com visor e outras bugigangas tecnológicas,2015-01-20,2015-04-27,tec,tec
4078,27130,0.921875,Confira a 'carteira playstation' e outras bugigangas tecnológicas,Confira o transmissor FM para carros e outras compras tecnológicas,2015-01-20,2015-05-10,tec,tec
4078,28607,0.984375,Confira a 'carteira playstation' e outras bugigangas tecnológicas,Confira adaptador bluetooth e outras bugigangas tecnológicas,2015-01-20,2015-05-18,tec,tec
4078,29918,0.984375,Confira a 'carteira playstation' e outras bugigangas tecnológicas,Confira o recarregador USB solar e outras compras tecnológicas,2015-01-20,2015-05-25,tec,tec
4078,31336,1.0,Confira a 'carteira playstation' e outras bugigangas tecnológicas,Confira a espada 'Minecraft' e outras bugigangas tecnológicas,2015-01-20,2015-06-01,tec,tec
4078,32564,0.9375,Confira a 'carteira playstation' e outras bugigangas tecnológicas,Confira o suporte para celular na bike e outras compras tecnológicas,2015-01-20,2015-06-07,tec,tec
4078,34003,0.9375,Confira a 'carteira playstation' e outras bugigangas tecnológicas,Veja USB que vira lanterna e outras bugigangas tecnológicas,2015-01-20,2015-06-15,tec,tec
4078,35417,0.953125,Confira a 'carteira playstation' e outras bugigangas tecnológicas,Veja casaco de moletom para os fãs de wi-fi e outras compras tecnológicas,2015-01-20,2015-06-22,tec,tec
4078,36823,0.9375,Confira a 'carteira playstation' e outras bugigangas tecnológicas,Confira o alto-falante canino e outras compras tecnológicas,2015-01-20,2015-06-29,tec,tec
4078,37886,0.984375,Confira a 'carteira playstation' e outras bugigangas tecnológicas,Confira celular de baixo custo da Sony e outras bugigangas tecnológicas,2015-01-20,2015-07-04,tec,tec
4078,38842,0.9375,Confira a 'carteira playstation' e outras bugigangas tecnológicas,Confira o esterilizador de celular e outras compras tecnológicas,2015-01-20,2015-07-09,tec,tec
4078,40954,0.9375,Confira a 'carteira playstation' e outras bugigangas tecnológicas,Confira o comunicador de 'Jornada nas Estrelas' e outras compras tecnológicas,2015-01-20,2015-07-20,tec,tec
4078,42225,0.9375,Confira a 'carteira playstation' e outras bugigangas tecnológicas,Confira o novo celular Alcatel e outras compras tecnológicas,2015-01-20,2015-07-27,tec,tec
4078,44209,0.984375,Confira a 'carteira playstation' e outras bugigangas tecnológicas,Veja o alto-falante com 20 horas de bateria e outras compras tecnológicas,2015-01-20,2015-08-06,tec,tec
4078,47657,0.9375,Confira a 'carteira playstation' e outras bugigangas tecnológicas,Confira o roteador 'drone' e outras compras tecnológicas,2015-01-20,2015-08-24,tec,tec
4078,49105,0.9375,Confira a 'carteira playstation' e outras bugigangas tecnológicas,Confira o smartphone com Linux e outras compras tecnológicas,2015-01-20,2015-08-31,tec,tec
4078,54735,0.921875,Confira a 'carteira playstation' e outras bugigangas tecnológicas,Confira a câmera disfarçada de fonte e outras compras tecnológicas,2015-01-20,2015-09-28,tec,tec
4078,55556,1.0,Confira a 'carteira playstation' e outras bugigangas tecnológicas,Confira o 'capacete Metroid' e outras bugigangas tecnológicas,2015-01-20,2015-10-02,tec,tec
4078,55807,1.0,Confira a 'carteira playstation' e outras bugigangas tecnológicas,Confira o kit de decoração de unhas tetris e outras bugigangas tecnológicas,2015-01-20,2015-10-03,tec,tec
4078,56751,0.9375,Confira a 'carteira playstation' e outras bugigangas tecnológicas,Confira a lente 'profissional' para smartphone e outras compras,2015-01-20,2015-10-08,tec,tec
4078,68450,0.984375,Confira a 'carteira playstation' e outras bugigangas tecnológicas,Confira o tablet projetor e outras bugigangas tecnológicas,2015-01-20,2015-12-05,tec,tec
4232,13781,0.9453125,Entenda como a taxa básica de juros influencia a economia brasileira,Selic: saiba como a taxa básica de juros influencia a economia brasileira,2015-01-21,2015-03-06,mercado,mercado
4232,19935,0.9765625,Entenda como a taxa básica de juros influencia a economia brasileira,Entenda como a taxa básica de juros influencia a economia brasileira,2015-01-21,2015-04-03,mercado,mercado
4232,24873,0.9765625,Entenda como a taxa básica de juros influencia a economia brasileira,Entenda como a taxa básica de juros influencia a economia brasileira,2015-01-21,2015-04-29,mercado,mercado
4232,42498,0.9609375,Entenda como a taxa básica de juros influencia a economia brasileira,Selic: entenda como a taxa básica de juros influencia a economia brasileira,2015-01-21,2015-07-29,mercado,mercado
4232,59198,0.9609375,Entenda como a taxa básica de juros influencia a economia brasileira,Selic: entenda como a taxa básica de juros influencia a economia brasileira,2015-01-21,2015-10-21,mercado,mercado
4232,66195,0.9609375,Entenda como a taxa básica de juros influencia a economia brasileira,Selic: entenda como a taxa básica de juros influencia a economia brasileira,2015-01-21,2015-11-25,mercado,mercado
4955,55253,0.9765625,Veja os livros de economia e negócios mais vendidos de 12 a 18 de janeiro,Veja os livros de economia e negócios mais vendidos de 29 de dezembro a 4 de janeiro,2015-01-24,2015-10-01,mercado,mercado
5270,12194,1.0,São Paulo não tem fim nas lentes aéreas de Cássio Vasconcellos; assista,Correnteza arrasta caçamba durante tempestade na zona leste; veja vídeo,2015-01-25,2015-02-26,tv,tv
5270,13356,1.0,São Paulo não tem fim nas lentes aéreas de Cássio Vasconcellos; assista,Tablet compete com PCs usando pacote Office e corpo à prova d'água,2015-01-25,2015-03-03,tv,tv
5270,20058,1.0,São Paulo não tem fim nas lentes aéreas de Cássio Vasconcellos; assista,"Homem terá que se adaptar a viver com menos água, dizem especialistas",2015-01-25,2015-04-03,tv,tv
5270,55569,1.0,São Paulo não tem fim nas lentes aéreas de Cássio Vasconcellos; assista,Comércio virtual é tão difícil quanto o de lojas físicas,2015-01-25,2015-10-02,tv,tv
5270,61765,1.0,São Paulo não tem fim nas lentes aéreas de Cássio Vasconcellos; assista,Menino do Acre 'bomba' na internet com brincadeira sobre seca paulista,2015-01-25,2015-11-02,tv,tv
5270,67805,1.0,São Paulo não tem fim nas lentes aéreas de Cássio Vasconcellos; assista,"Com assembleia cercada, deputados do Paraná vão de ônibus da PM para sessão",2015-01-25,2015-12-02,tv,tv
5757,13067,1.0,Confira o mouse com entrada USB e outras bugigangas tecnológicas,Confira a capa de concreto para iPhone e outras bugigangas tecnológicas,2015-01-27,2015-03-02,tec,tec
5757,13341,1.0,Confira o mouse com entrada USB e outras bugigangas tecnológicas,Confira a 'torradeira Darth Vader' e outras bugigangas tecnológicas,2015-01-27,2015-03-03,tec,tec
5757,14221,0.9375,Confira o mouse com entrada USB e outras bugigangas tecnológicas,Confira a 'máscara Doge' e outras compras tecnológicas,2015-01-27,2015-03-08,tec,tec
5757,16178,1.0,Confira o mouse com entrada USB e outras bugigangas tecnológicas,Confira tábua de carne do 'Nintendinho' e outras bugigangas tecnológicas,2015-01-27,2015-03-17,tec,tec
5757,17870,1.0,Confira o mouse com entrada USB e outras bugigangas tecnológicas,Confira colchão inteligente e outras bugigangas tecnológicas,2015-01-27,2015-03-24,tec,tec
5757,19396,0.9765625,Confira o mouse com entrada USB e outras bugigangas tecnológicas,Veja cabideiro que imita controle de PS3 e outras bugigangas tecnológicas,2015-01-27,2015-03-31,tec,tec
5757,20404,0.984375,Confira o mouse com entrada USB e outras bugigangas tecnológicas,Confira o alto-falante 'Iron Man' e outras bugigangas tecnológicas,2015-01-27,2015-04-05,tec,tec
5757,22086,0.984375,Confira o mouse com entrada USB e outras bugigangas tecnológicas,Confira projetor de papelão e outras bugigangas tecnológicas,2015-01-27,2015-04-14,tec,tec
5757,23357,0.984375,Confira o mouse com entrada USB e outras bugigangas tecnológicas,Confira 'anzol' inteligente e outras bugigangas tecnológicas,2015-01-27,2015-04-21,tec,tec
5757,24531,0.9375,Confira o mouse com entrada USB e outras bugigangas tecnológicas,Veja escova de dentes com visor e outras bugigangas tecnológicas,2015-01-27,2015-04-27,tec,tec
5757,27130,0.921875,Confira o mouse com entrada USB e outras bugigangas tecnológicas,Confira o transmissor FM para carros e outras compras tecnológicas,2015-01-27,2015-05-10,tec,tec
5757,28607,0.984375,Confira o mouse com entrada USB e outras bugigangas tecnológicas,Confira adaptador bluetooth e outras bugigangas tecnológicas,2015-01-27,2015-05-18,tec,tec
5757,29918,0.984375,Confira o mouse com entrada USB e outras bugigangas tecnológicas,Confira o recarregador USB solar e outras compras tecnológicas,2015-01-27,2015-05-25,tec,tec
5757,31336,1.0,Confira o mouse com entrada USB e outras bugigangas tecnológicas,Confira a espada 'Minecraft' e outras bugigangas tecnológicas,2015-01-27,2015-06-01,tec,tec
5757,32564,0.9375,Confira o mouse com entrada USB e outras bugigangas tecnológicas,Confira o suporte para celular na bike e outras compras tecnológicas,2015-01-27,2015-06-07,tec,tec
5757,34003,0.9375,Confira o mouse com entrada USB e outras bugigangas tecnológicas,Veja USB que vira lanterna e outras bugigangas tecnológicas,2015-01-27,2015-06-15,tec,tec
5757,35417,0.953125,Confira o mouse com entrada USB e outras bugigangas tecnológicas,Veja casaco de moletom para os fãs de wi-fi e outras compras tecnológicas,2015-01-27,2015-06-22,tec,tec
5757,36823,0.9375,Confira o mouse com entrada USB e outras bugigangas tecnológicas,Confira o alto-falante canino e outras compras tecnológicas,2015-01-27,2015-06-29,tec,tec
5757,37886,0.984375,Confira o mouse com entrada USB e outras bugigangas tecnológicas,Confira celular de baixo custo da Sony e outras bugigangas tecnológicas,2015-01-27,2015-07-04,tec,tec
5757,38842,0.9375,Confira o mouse com entrada USB e outras bugigangas tecnológicas,Confira o esterilizador de celular e outras compras tecnológicas,2015-01-27,2015-07-09,tec,tec
5757,40954,0.9375,Confira o mouse com entrada USB e outras bugigangas tecnológicas,Confira o comunicador de 'Jornada nas Estrelas' e outras compras tecnológicas,2015-01-27,2015-07-20,tec,tec
5757,42225,0.9375,Confira o mouse com entrada USB e outras bugigangas tecnológicas,Confira o novo celular Alcatel e outras compras tecnológicas,2015-01-27,2015-07-27,tec,tec
5757,44209,0.984375,Confira o mouse com entrada USB e outras bugigangas tecnológicas,Veja o alto-falante com 20 horas de bateria e outras compras tecnológicas,2015-01-27,2015-08-06,tec,tec
5757,47657,0.9375,Confira o mouse com entrada USB e outras bugigangas tecnológicas,Confira o roteador 'drone' e outras compras tecnológicas,2015-01-27,2015-08-24,tec,tec
5757,49105,0.9375,Confira o mouse com entrada USB e outras bugigangas tecnológicas,Confira o smartphone com Linux e outras compras tecnológicas,2015-01-27,2015-08-31,tec,tec
5757,54735,0.921875,Confira o mouse com entrada USB e outras bugigangas tecnológicas,Confira a câmera disfarçada de fonte e outras compras tecnológicas,2015-01-27,2015-09-28,tec,tec
5757,55556,1.0,Confira o mouse com entrada USB e outras bugigangas tecnológicas,Confira o 'capacete Metroid' e outras bugigangas tecnológicas,2015-01-27,2015-10-02,tec,tec
5757,55807,1.0,Confira o mouse com entrada USB e outras bugigangas tecnológicas,Confira o kit de decoração de unhas tetris e outras bugigangas tecnológicas,2015-01-27,2015-10-03,tec,tec
5757,56751,0.9375,Confira o mouse com entrada USB e outras bugigangas tecnológicas,Confira a lente 'profissional' para smartphone e outras compras,2015-01-27,2015-10-08,tec,tec
5757,68450,0.984375,Confira o mouse com entrada USB e outras bugigangas tecnológicas,Confira o tablet projetor e outras bugigangas tecnológicas,2015-01-27,2015-12-05,tec,tec
6009,31610,1.0,São Paulo Cia. de Dança interpreta coreografias em exposição no MAM,Negros 'se travestem' de branco na busca por espaço em circuito artístico,2015-01-28,2015-06-02,tv,tv
6354,12898,0.9921875,Matrícula para os aprovados no Sisu 2015 começa nesta sexta,Matrícula para os aprovados no Sisu 2015 termina nesta terça,2015-01-30,2015-03-02,educacao,educacao
6354,31426,0.8671875,Matrícula para os aprovados no Sisu 2015 começa nesta sexta,Estudantes têm até esta sexta para incluir nome na lista de espera do Sisu,2015-01-30,2015-06-02,educacao,educacao
6749,77975,0.984375,Otimismo,Otimismo,2015-02-01,2016-02-01,colunas,colunas
6987,19637,0.8515625,Aprovado na 1ª lista da Fuvest deve fazer matrícula a partir desta terça,Aprovado na 1ª lista da Fuvest tem até hoje para fazer matrícula on-line,2015-02-02,2015-04-02,educacao,educacao
7377,20554,1.0,"'Quem tiver de pagar, vai pagar', diz Janot a manifestantes",Fiéis oram pelo fim da corrupção durante a Marcha para Jesus,2015-02-03,2015-04-06,tv,tv
7377,25917,1.0,"'Quem tiver de pagar, vai pagar', diz Janot a manifestantes",Reintegração da área do parque Augusta é concluída; veja imagens,2015-02-03,2015-05-03,tv,tv
7377,55821,1.0,"'Quem tiver de pagar, vai pagar', diz Janot a manifestantes","Sob holofotes e pressão, mulher de TI não pode ter medo, diz programadora",2015-02-03,2015-10-03,tv,tv
7551,20554,1.0,Imagens aéreas mostram incêndio de grandes proporções em Santos,Fiéis oram pelo fim da corrupção durante a Marcha para Jesus,2015-02-04,2015-04-06,tv,tv
7551,25917,1.0,Imagens aéreas mostram incêndio de grandes proporções em Santos,Reintegração da área do parque Augusta é concluída; veja imagens,2015-02-04,2015-05-03,tv,tv
7551,55821,1.0,Imagens aéreas mostram incêndio de grandes proporções em Santos,"Sob holofotes e pressão, mulher de TI não pode ter medo, diz programadora",2015-02-04,2015-10-03,tv,tv
7585,26078,0.9921875,Folha faz debate sobre eficácia das dietas alimentares,Folha faz debate sobre eficácia das dietas alimentares,2015-02-05,2015-05-05,cotidiano,cotidiano
7585,32061,0.9921875,Folha faz debate sobre eficácia das dietas alimentares,Folha faz debate sobre eficácia das dietas alimentares,2015-02-05,2015-06-05,cotidiano,cotidiano
7802,30193,0.8515625,Brasileiro indiciado em escândalo da Fifa é procurado pela Interpol,"Indiciado, brasileiro diz não temer prisão e quer ver Messi em Berlim",2015-02-06,2015-05-27,esporte,esporte
8236,33388,0.8671875,Veja o cartum de Odyr na edição deste domingo,Veja o cartum de Odyr deste domingo,2015-02-08,2015-06-12,ilustrissima,ilustrissima
8236,101826,0.9296875,Veja o cartum de Odyr na edição deste domingo,"Veja o cartum de Odyr publicado na ""Ilustríssima"" da semana",2015-02-08,2016-06-19,ilustrissima,ilustrissima
8418,19935,0.9609375,Selic: entenda como a taxa básica de juros influencia a economia brasileira,Entenda como a taxa básica de juros influencia a economia brasileira,2015-02-09,2015-04-03,mercado,mercado
8418,24873,0.9609375,Selic: entenda como a taxa básica de juros influencia a economia brasileira,Entenda como a taxa básica de juros influencia a economia brasileira,2015-02-09,2015-04-29,mercado,mercado
8418,42498,0.9609375,Selic: entenda como a taxa básica de juros influencia a economia brasileira,Selic: entenda como a taxa básica de juros influencia a economia brasileira,2015-02-09,2015-07-29,mercado,mercado
8418,59198,0.9765625,Selic: entenda como a taxa básica de juros influencia a economia brasileira,Selic: entenda como a taxa básica de juros influencia a economia brasileira,2015-02-09,2015-10-21,mercado,mercado
8418,66195,0.9765625,Selic: entenda como a taxa básica de juros influencia a economia brasileira,Selic: entenda como a taxa básica de juros influencia a economia brasileira,2015-02-09,2015-11-25,mercado,mercado
8419,59201,0.9375,"Fundos mantêm vantagem sobre poupança com Selic a 14,25% ao ano","Fundos de investimento ganham da poupança com Selic a 14,25% ao ano",2015-02-09,2015-10-21,mercado,mercado
8419,66196,0.9296875,"Fundos mantêm vantagem sobre poupança com Selic a 14,25% ao ano","Com Selic a 14,25%, fundos mantêm vantagem sobre a poupança",2015-02-09,2015-11-25,mercado,mercado
8419,76054,0.9296875,"Fundos mantêm vantagem sobre poupança com Selic a 14,25% ao ano","Fundos ampliam vantagem sobre a poupança com Selic a 14,25%",2015-02-09,2016-01-20,mercado,mercado
8420,59199,0.90625,"Com a Selic em 14,25%, veja como ficam os juros dos empréstimos","Com Selic a 14,25%, saiba como ficam juros de empréstimos",2015-02-09,2015-10-21,mercado,mercado
9891,31610,1.0,"Em SP, blocos de Carnaval se cruzam e evento gay sofre debandada; assista",Negros 'se travestem' de branco na busca por espaço em circuito artístico,2015-02-16,2015-06-02,tv,tv
9908,19215,1.0,Aviso,Aviso,2015-02-17,2015-03-31,colunas,colunas
9908,29939,1.0,Aviso,Aviso,2015-02-17,2015-05-26,colunas,colunas
9908,36848,1.0,Aviso,Aviso,2015-02-17,2015-06-30,colunas,colunas
9908,55324,1.0,Aviso,Aviso,2015-02-17,2015-10-02,colunas,colunas
9908,94708,1.0,Aviso,Aviso,2015-02-17,2016-05-07,colunas,colunas
9908,129731,1.0,Aviso,Aviso,2015-02-17,2016-12-07,colunas,colunas
10072,17870,1.0,Confira os disquetes porta-copos e outras bugigangas tecnológicas,Confira colchão inteligente e outras bugigangas tecnológicas,2015-02-17,2015-03-24,tec,tec
10072,19396,0.9765625,Confira os disquetes porta-copos e outras bugigangas tecnológicas,Veja cabideiro que imita controle de PS3 e outras bugigangas tecnológicas,2015-02-17,2015-03-31,tec,tec
10072,20404,0.984375,Confira os disquetes porta-copos e outras bugigangas tecnológicas,Confira o alto-falante 'Iron Man' e outras bugigangas tecnológicas,2015-02-17,2015-04-05,tec,tec
10072,22086,0.984375,Confira os disquetes porta-copos e outras bugigangas tecnológicas,Confira projetor de papelão e outras bugigangas tecnológicas,2015-02-17,2015-04-14,tec,tec
10072,23357,0.984375,Confira os disquetes porta-copos e outras bugigangas tecnológicas,Confira 'anzol' inteligente e outras bugigangas tecnológicas,2015-02-17,2015-04-21,tec,tec
10072,24531,0.9375,Confira os disquetes porta-copos e outras bugigangas tecnológicas,Veja escova de dentes com visor e outras bugigangas tecnológicas,2015-02-17,2015-04-27,tec,tec
10072,27130,0.921875,Confira os disquetes porta-copos e outras bugigangas tecnológicas,Confira o transmissor FM para carros e outras compras tecnológicas,2015-02-17,2015-05-10,tec,tec
10072,28607,0.984375,Confira os disquetes porta-copos e outras bugigangas tecnológicas,Confira adaptador bluetooth e outras bugigangas tecnológicas,2015-02-17,2015-05-18,tec,tec
10072,29918,0.984375,Confira os disquetes porta-copos e outras bugigangas tecnológicas,Confira o recarregador USB solar e outras compras tecnológicas,2015-02-17,2015-05-25,tec,tec
10072,31336,1.0,Confira os disquetes porta-copos e outras bugigangas tecnológicas,Confira a espada 'Minecraft' e outras bugigangas tecnológicas,2015-02-17,2015-06-01,tec,tec
10072,32564,0.9375,Confira os disquetes porta-copos e outras bugigangas tecnológicas,Confira o suporte para celular na bike e outras compras tecnológicas,2015-02-17,2015-06-07,tec,tec
10072,34003,0.9375,Confira os disquetes porta-copos e outras bugigangas tecnológicas,Veja USB que vira lanterna e outras bugigangas tecnológicas,2015-02-17,2015-06-15,tec,tec
10072,35417,0.953125,Confira os disquetes porta-copos e outras bugigangas tecnológicas,Veja casaco de moletom para os fãs de wi-fi e outras compras tecnológicas,2015-02-17,2015-06-22,tec,tec
10072,36823,0.9375,Confira os disquetes porta-copos e outras bugigangas tecnológicas,Confira o alto-falante canino e outras compras tecnológicas,2015-02-17,2015-06-29,tec,tec
10072,37886,0.984375,Confira os disquetes porta-copos e outras bugigangas tecnológicas,Confira celular de baixo custo da Sony e outras bugigangas tecnológicas,2015-02-17,2015-07-04,tec,tec
10072,38842,0.9375,Confira os disquetes porta-copos e outras bugigangas tecnológicas,Confira o esterilizador de celular e outras compras tecnológicas,2015-02-17,2015-07-09,tec,tec
10072,40954,0.9375,Confira os disquetes porta-copos e outras bugigangas tecnológicas,Confira o comunicador de 'Jornada nas Estrelas' e outras compras tecnológicas,2015-02-17,2015-07-20,tec,tec
10072,42225,0.9375,Confira os disquetes porta-copos e outras bugigangas tecnológicas,Confira o novo celular Alcatel e outras compras tecnológicas,2015-02-17,2015-07-27,tec,tec
10072,44209,0.984375,Confira os disquetes porta-copos e outras bugigangas tecnológicas,Veja o alto-falante com 20 horas de bateria e outras compras tecnológicas,2015-02-17,2015-08-06,tec,tec
10072,47657,0.9375,Confira os disquetes porta-copos e outras bugigangas tecnológicas,Confira o roteador 'drone' e outras compras tecnológicas,2015-02-17,2015-08-24,tec,tec
10072,49105,0.9375,Confira os disquetes porta-copos e outras bugigangas tecnológicas,Confira o smartphone com Linux e outras compras tecnológicas,2015-02-17,2015-08-31,tec,tec
10072,54735,0.921875,Confira os disquetes porta-copos e outras bugigangas tecnológicas,Confira a câmera disfarçada de fonte e outras compras tecnológicas,2015-02-17,2015-09-28,tec,tec
10072,55556,1.0,Confira os disquetes porta-copos e outras bugigangas tecnológicas,Confira o 'capacete Metroid' e outras bugigangas tecnológicas,2015-02-17,2015-10-02,tec,tec
10072,55807,1.0,Confira os disquetes porta-copos e outras bugigangas tecnológicas,Confira o kit de decoração de unhas tetris e outras bugigangas tecnológicas,2015-02-17,2015-10-03,tec,tec
10072,56751,0.9375,Confira os disquetes porta-copos e outras bugigangas tecnológicas,Confira a lente 'profissional' para smartphone e outras compras,2015-02-17,2015-10-08,tec,tec
10072,68450,0.984375,Confira os disquetes porta-copos e outras bugigangas tecnológicas,Confira o tablet projetor e outras bugigangas tecnológicas,2015-02-17,2015-12-05,tec,tec
10096,43664,0.859375,Aviso,Aviso,2015-02-18,2015-08-04,colunas,colunas
10096,43677,0.859375,Aviso,Aviso,2015-02-18,2015-08-04,colunas,colunas
10096,43678,0.859375,Aviso,Aviso,2015-02-18,2015-08-04,colunas,colunas
10280,20554,1.0,Acidente com ônibus deixa oito mortos em São Gonçalo,Fiéis oram pelo fim da corrupção durante a Marcha para Jesus,2015-02-18,2015-04-06,tv,tv
10280,25917,1.0,Acidente com ônibus deixa oito mortos em São Gonçalo,Reintegração da área do parque Augusta é concluída; veja imagens,2015-02-18,2015-05-03,tv,tv
10280,55821,1.0,Acidente com ônibus deixa oito mortos em São Gonçalo,"Sob holofotes e pressão, mulher de TI não pode ter medo, diz programadora",2015-02-18,2015-10-03,tv,tv
10301,131852,0.953125,Aviso,Aviso,2015-02-19,2016-12-22,colunas,colunas
10301,131857,0.8515625,Aviso,Aviso,2015-02-19,2016-12-22,colunas,colunas
10304,40244,1.0,Aviso,Aviso,2015-02-19,2015-07-17,colunas,colunas
10304,41559,1.0,Aviso,Aviso,2015-02-19,2015-07-24,colunas,colunas
10304,42257,1.0,Aviso,Aviso,2015-02-19,2015-07-28,colunas,colunas
10304,42820,1.0,Aviso,Aviso,2015-02-19,2015-07-31,colunas,colunas
10304,58195,1.0,Aviso,Aviso,2015-02-19,2015-10-16,colunas,colunas
10304,61777,0.9296875,Aviso,Aviso,2015-02-19,2015-11-03,colunas,colunas
10304,102272,0.9765625,Aviso,Aviso,2015-02-19,2016-06-22,colunas,colunas
10304,102674,0.9765625,Aviso,Aviso,2015-02-19,2016-06-24,colunas,colunas
10304,103518,0.9765625,Aviso,Aviso,2015-02-19,2016-06-29,colunas,colunas
10304,103704,0.9765625,Aviso,Aviso,2015-02-19,2016-06-30,colunas,colunas
10304,105885,0.9765625,Aviso,Aviso,2015-02-19,2016-07-13,colunas,colunas
10304,133275,1.0,Aviso,Aviso,2015-02-19,2017-01-04,colunas,colunas
10304,143454,0.9765625,Aviso,Aviso,2015-02-19,2017-03-29,colunas,colunas
10304,148303,1.0,Aviso,Aviso,2015-02-19,2017-05-07,colunas,colunas
10304,153319,0.9765625,Aviso,Aviso,2015-02-19,2017-06-16,colunas,colunas
10304,156403,1.0,Aviso,Aviso,2015-02-19,2017-07-09,colunas,colunas
10529,31610,1.0,"No quesito fantasia, as ruas merecem nota dez? Vídeo traz 'apuração'",Negros 'se travestem' de branco na busca por espaço em circuito artístico,2015-02-19,2015-06-02,tv,tv
10543,115662,0.859375,Aviso,Aviso,2015-02-20,2016-09-09,colunas,colunas
11436,19215,1.0,aviso,Aviso,2015-02-24,2015-03-31,colunas,colunas
11436,29939,1.0,aviso,Aviso,2015-02-24,2015-05-26,colunas,colunas
11436,36848,1.0,aviso,Aviso,2015-02-24,2015-06-30,colunas,colunas
11436,55324,1.0,aviso,Aviso,2015-02-24,2015-10-02,colunas,colunas
11436,94708,1.0,aviso,Aviso,2015-02-24,2016-05-07,colunas,colunas
11436,129731,1.0,aviso,Aviso,2015-02-24,2016-12-07,colunas,colunas
11663,19396,0.9765625,Confira o 'botão Bluetooth' e outras bugigangas tecnológicas,Veja cabideiro que imita controle de PS3 e outras bugigangas tecnológicas,2015-02-24,2015-03-31,tec,tec
11663,20404,0.984375,Confira o 'botão Bluetooth' e outras bugigangas tecnológicas,Confira o alto-falante 'Iron Man' e outras bugigangas tecnológicas,2015-02-24,2015-04-05,tec,tec
11663,22086,0.984375,Confira o 'botão Bluetooth' e outras bugigangas tecnológicas,Confira projetor de papelão e outras bugigangas tecnológicas,2015-02-24,2015-04-14,tec,tec
11663,23357,0.984375,Confira o 'botão Bluetooth' e outras bugigangas tecnológicas,Confira 'anzol' inteligente e outras bugigangas tecnológicas,2015-02-24,2015-04-21,tec,tec
11663,24531,0.9375,Confira o 'botão Bluetooth' e outras bugigangas tecnológicas,Veja escova de dentes com visor e outras bugigangas tecnológicas,2015-02-24,2015-04-27,tec,tec
11663,27130,0.921875,Confira o 'botão Bluetooth' e outras bugigangas tecnológicas,Confira o transmissor FM para carros e outras compras tecnológicas,2015-02-24,2015-05-10,tec,tec
11663,28607,0.984375,Confira o 'botão Bluetooth' e outras bugigangas tecnológicas,Confira adaptador bluetooth e outras bugigangas tecnológicas,2015-02-24,2015-05-18,tec,tec
11663,29918,0.984375,Confira o 'botão Bluetooth' e outras bugigangas tecnológicas,Confira o recarregador USB solar e outras compras tecnológicas,2015-02-24,2015-05-25,tec,tec
11663,31336,1.0,Confira o 'botão Bluetooth' e outras bugigangas tecnológicas,Confira a espada 'Minecraft' e outras bugigangas tecnológicas,2015-02-24,2015-06-01,tec,tec
11663,32564,0.9375,Confira o 'botão Bluetooth' e outras bugigangas tecnológicas,Confira o suporte para celular na bike e outras compras tecnológicas,2015-02-24,2015-06-07,tec,tec
11663,34003,0.9375,Confira o 'botão Bluetooth' e outras bugigangas tecnológicas,Veja USB que vira lanterna e outras bugigangas tecnológicas,2015-02-24,2015-06-15,tec,tec
11663,35417,0.953125,Confira o 'botão Bluetooth' e outras bugigangas tecnológicas,Veja casaco de moletom para os fãs de wi-fi e outras compras tecnológicas,2015-02-24,2015-06-22,tec,tec
11663,36823,0.9375,Confira o 'botão Bluetooth' e outras bugigangas tecnológicas,Confira o alto-falante canino e outras compras tecnológicas,2015-02-24,2015-06-29,tec,tec
11663,37886,0.984375,Confira o 'botão Bluetooth' e outras bugigangas tecnológicas,Confira celular de baixo custo da Sony e outras bugigangas tecnológicas,2015-02-24,2015-07-04,tec,tec
11663,38842,0.9375,Confira o 'botão Bluetooth' e outras bugigangas tecnológicas,Confira o esterilizador de celular e outras compras tecnológicas,2015-02-24,2015-07-09,tec,tec
11663,40954,0.9375,Confira o 'botão Bluetooth' e outras bugigangas tecnológicas,Confira o comunicador de 'Jornada nas Estrelas' e outras compras tecnológicas,2015-02-24,2015-07-20,tec,tec
11663,42225,0.9375,Confira o 'botão Bluetooth' e outras bugigangas tecnológicas,Confira o novo celular Alcatel e outras compras tecnológicas,2015-02-24,2015-07-27,tec,tec
11663,44209,0.984375,Confira o 'botão Bluetooth' e outras bugigangas tecnológicas,Veja o alto-falante com 20 horas de bateria e outras compras tecnológicas,2015-02-24,2015-08-06,tec,tec
11663,47657,0.9375,Confira o 'botão Bluetooth' e outras bugigangas tecnológicas,Confira o roteador 'drone' e outras compras tecnológicas,2015-02-24,2015-08-24,tec,tec
11663,49105,0.9375,Confira o 'botão Bluetooth' e outras bugigangas tecnológicas,Confira o smartphone com Linux e outras compras tecnológicas,2015-02-24,2015-08-31,tec,tec
11663,54735,0.921875,Confira o 'botão Bluetooth' e outras bugigangas tecnológicas,Confira a câmera disfarçada de fonte e outras compras tecnológicas,2015-02-24,2015-09-28,tec,tec
11663,55556,1.0,Confira o 'botão Bluetooth' e outras bugigangas tecnológicas,Confira o 'capacete Metroid' e outras bugigangas tecnológicas,2015-02-24,2015-10-02,tec,tec
11663,55807,1.0,Confira o 'botão Bluetooth' e outras bugigangas tecnológicas,Confira o kit de decoração de unhas tetris e outras bugigangas tecnológicas,2015-02-24,2015-10-03,tec,tec
11663,56751,0.9375,Confira o 'botão Bluetooth' e outras bugigangas tecnológicas,Confira a lente 'profissional' para smartphone e outras compras,2015-02-24,2015-10-08,tec,tec
11663,68450,0.984375,Confira o 'botão Bluetooth' e outras bugigangas tecnológicas,Confira o tablet projetor e outras bugigangas tecnológicas,2015-02-24,2015-12-05,tec,tec
12194,20058,1.0,Correnteza arrasta caçamba durante tempestade na zona leste; veja vídeo,"Homem terá que se adaptar a viver com menos água, dizem especialistas",2015-02-26,2015-04-03,tv,tv
12194,55569,1.0,Correnteza arrasta caçamba durante tempestade na zona leste; veja vídeo,Comércio virtual é tão difícil quanto o de lojas físicas,2015-02-26,2015-10-02,tv,tv
12194,61765,1.0,Correnteza arrasta caçamba durante tempestade na zona leste; veja vídeo,Menino do Acre 'bomba' na internet com brincadeira sobre seca paulista,2015-02-26,2015-11-02,tv,tv
12194,67805,1.0,Correnteza arrasta caçamba durante tempestade na zona leste; veja vídeo,"Com assembleia cercada, deputados do Paraná vão de ônibus da PM para sessão",2015-02-26,2015-12-02,tv,tv
12675,20554,1.0,"Durante crise da água, melhor evitar utensílios de madeira, diz professora",Fiéis oram pelo fim da corrupção durante a Marcha para Jesus,2015-02-28,2015-04-06,tv,tv
12675,25917,1.0,"Durante crise da água, melhor evitar utensílios de madeira, diz professora",Reintegração da área do parque Augusta é concluída; veja imagens,2015-02-28,2015-05-03,tv,tv
12675,55821,1.0,"Durante crise da água, melhor evitar utensílios de madeira, diz professora","Sob holofotes e pressão, mulher de TI não pode ter medo, diz programadora",2015-02-28,2015-10-03,tv,tv
12722,19442,0.984375,Mega-Sena acumula e pode pagar prêmio de R$ 5 milhões na quarta,Mega-Sena acumula e pode pagar R$ 5 milhões na próxima quarta-feira,2015-03-01,2015-04-01,cotidiano,cotidiano
12855,40244,1.0,Aviso,Aviso,2015-03-02,2015-07-17,colunas,colunas
12855,41559,1.0,Aviso,Aviso,2015-03-02,2015-07-24,colunas,colunas
12855,42257,1.0,Aviso,Aviso,2015-03-02,2015-07-28,colunas,colunas
12855,42820,1.0,Aviso,Aviso,2015-03-02,2015-07-31,colunas,colunas
12855,58195,1.0,Aviso,Aviso,2015-03-02,2015-10-16,colunas,colunas
12855,61777,0.9296875,Aviso,Aviso,2015-03-02,2015-11-03,colunas,colunas
12855,102272,0.9765625,Aviso,Aviso,2015-03-02,2016-06-22,colunas,colunas
12855,102674,0.9765625,Aviso,Aviso,2015-03-02,2016-06-24,colunas,colunas
12855,103518,0.9765625,Aviso,Aviso,2015-03-02,2016-06-29,colunas,colunas
12855,103704,0.9765625,Aviso,Aviso,2015-03-02,2016-06-30,colunas,colunas
12855,105885,0.9765625,Aviso,Aviso,2015-03-02,2016-07-13,colunas,colunas
12855,133275,1.0,Aviso,Aviso,2015-03-02,2017-01-04,colunas,colunas
12855,143454,0.9765625,Aviso,Aviso,2015-03-02,2017-03-29,colunas,colunas
12855,148303,1.0,Aviso,Aviso,2015-03-02,2017-05-07,colunas,colunas
12855,153319,0.9765625,Aviso,Aviso,2015-03-02,2017-06-16,colunas,colunas
12855,156403,1.0,Aviso,Aviso,2015-03-02,2017-07-09,colunas,colunas
13067,20404,0.984375,Confira a capa de concreto para iPhone e outras bugigangas tecnológicas,Confira o alto-falante 'Iron Man' e outras bugigangas tecnológicas,2015-03-02,2015-04-05,tec,tec
13067,22086,0.984375,Confira a capa de concreto para iPhone e outras bugigangas tecnológicas,Confira projetor de papelão e outras bugigangas tecnológicas,2015-03-02,2015-04-14,tec,tec
13067,23357,0.984375,Confira a capa de concreto para iPhone e outras bugigangas tecnológicas,Confira 'anzol' inteligente e outras bugigangas tecnológicas,2015-03-02,2015-04-21,tec,tec
13067,24531,0.9375,Confira a capa de concreto para iPhone e outras bugigangas tecnológicas,Veja escova de dentes com visor e outras bugigangas tecnológicas,2015-03-02,2015-04-27,tec,tec
13067,27130,0.921875,Confira a capa de concreto para iPhone e outras bugigangas tecnológicas,Confira o transmissor FM para carros e outras compras tecnológicas,2015-03-02,2015-05-10,tec,tec
13067,28607,0.984375,Confira a capa de concreto para iPhone e outras bugigangas tecnológicas,Confira adaptador bluetooth e outras bugigangas tecnológicas,2015-03-02,2015-05-18,tec,tec
13067,29918,0.984375,Confira a capa de concreto para iPhone e outras bugigangas tecnológicas,Confira o recarregador USB solar e outras compras tecnológicas,2015-03-02,2015-05-25,tec,tec
13067,31336,1.0,Confira a capa de concreto para iPhone e outras bugigangas tecnológicas,Confira a espada 'Minecraft' e outras bugigangas tecnológicas,2015-03-02,2015-06-01,tec,tec
13067,32564,0.9375,Confira a capa de concreto para iPhone e outras bugigangas tecnológicas,Confira o suporte para celular na bike e outras compras tecnológicas,2015-03-02,2015-06-07,tec,tec
13067,34003,0.9375,Confira a capa de concreto para iPhone e outras bugigangas tecnológicas,Veja USB que vira lanterna e outras bugigangas tecnológicas,2015-03-02,2015-06-15,tec,tec
13067,35417,0.953125,Confira a capa de concreto para iPhone e outras bugigangas tecnológicas,Veja casaco de moletom para os fãs de wi-fi e outras compras tecnológicas,2015-03-02,2015-06-22,tec,tec
13067,36823,0.9375,Confira a capa de concreto para iPhone e outras bugigangas tecnológicas,Confira o alto-falante canino e outras compras tecnológicas,2015-03-02,2015-06-29,tec,tec
13067,37886,0.984375,Confira a capa de concreto para iPhone e outras bugigangas tecnológicas,Confira celular de baixo custo da Sony e outras bugigangas tecnológicas,2015-03-02,2015-07-04,tec,tec
13067,38842,0.9375,Confira a capa de concreto para iPhone e outras bugigangas tecnológicas,Confira o esterilizador de celular e outras compras tecnológicas,2015-03-02,2015-07-09,tec,tec
13067,40954,0.9375,Confira a capa de concreto para iPhone e outras bugigangas tecnológicas,Confira o comunicador de 'Jornada nas Estrelas' e outras compras tecnológicas,2015-03-02,2015-07-20,tec,tec
13067,42225,0.9375,Confira a capa de concreto para iPhone e outras bugigangas tecnológicas,Confira o novo celular Alcatel e outras compras tecnológicas,2015-03-02,2015-07-27,tec,tec
13067,44209,0.984375,Confira a capa de concreto para iPhone e outras bugigangas tecnológicas,Veja o alto-falante com 20 horas de bateria e outras compras tecnológicas,2015-03-02,2015-08-06,tec,tec
13067,47657,0.9375,Confira a capa de concreto para iPhone e outras bugigangas tecnológicas,Confira o roteador 'drone' e outras compras tecnológicas,2015-03-02,2015-08-24,tec,tec
13067,49105,0.9375,Confira a capa de concreto para iPhone e outras bugigangas tecnológicas,Confira o smartphone com Linux e outras compras tecnológicas,2015-03-02,2015-08-31,tec,tec
13067,54735,0.921875,Confira a capa de concreto para iPhone e outras bugigangas tecnológicas,Confira a câmera disfarçada de fonte e outras compras tecnológicas,2015-03-02,2015-09-28,tec,tec
13067,55556,1.0,Confira a capa de concreto para iPhone e outras bugigangas tecnológicas,Confira o 'capacete Metroid' e outras bugigangas tecnológicas,2015-03-02,2015-10-02,tec,tec
13067,55807,1.0,Confira a capa de concreto para iPhone e outras bugigangas tecnológicas,Confira o kit de decoração de unhas tetris e outras bugigangas tecnológicas,2015-03-02,2015-10-03,tec,tec
13067,56751,0.9375,Confira a capa de concreto para iPhone e outras bugigangas tecnológicas,Confira a lente 'profissional' para smartphone e outras compras,2015-03-02,2015-10-08,tec,tec
13067,68450,0.984375,Confira a capa de concreto para iPhone e outras bugigangas tecnológicas,Confira o tablet projetor e outras bugigangas tecnológicas,2015-03-02,2015-12-05,tec,tec
13082,88809,0.875,Seis dicas para baratear sua compra de dólar,Seis dicas para baratear sua compra de dólar,2015-03-03,2016-04-03,asmais,asmais
13341,20404,0.984375,Confira a 'torradeira Darth Vader' e outras bugigangas tecnológicas,Confira o alto-falante 'Iron Man' e outras bugigangas tecnológicas,2015-03-03,2015-04-05,tec,tec
13341,22086,0.984375,Confira a 'torradeira Darth Vader' e outras bugigangas tecnológicas,Confira projetor de papelão e outras bugigangas tecnológicas,2015-03-03,2015-04-14,tec,tec
13341,23357,0.984375,Confira a 'torradeira Darth Vader' e outras bugigangas tecnológicas,Confira 'anzol' inteligente e outras bugigangas tecnológicas,2015-03-03,2015-04-21,tec,tec
13341,24531,0.9375,Confira a 'torradeira Darth Vader' e outras bugigangas tecnológicas,Veja escova de dentes com visor e outras bugigangas tecnológicas,2015-03-03,2015-04-27,tec,tec
13341,27130,0.921875,Confira a 'torradeira Darth Vader' e outras bugigangas tecnológicas,Confira o transmissor FM para carros e outras compras tecnológicas,2015-03-03,2015-05-10,tec,tec
13341,28607,0.984375,Confira a 'torradeira Darth Vader' e outras bugigangas tecnológicas,Confira adaptador bluetooth e outras bugigangas tecnológicas,2015-03-03,2015-05-18,tec,tec
13341,29918,0.984375,Confira a 'torradeira Darth Vader' e outras bugigangas tecnológicas,Confira o recarregador USB solar e outras compras tecnológicas,2015-03-03,2015-05-25,tec,tec
13341,31336,1.0,Confira a 'torradeira Darth Vader' e outras bugigangas tecnológicas,Confira a espada 'Minecraft' e outras bugigangas tecnológicas,2015-03-03,2015-06-01,tec,tec
13341,32564,0.9375,Confira a 'torradeira Darth Vader' e outras bugigangas tecnológicas,Confira o suporte para celular na bike e outras compras tecnológicas,2015-03-03,2015-06-07,tec,tec
13341,34003,0.9375,Confira a 'torradeira Darth Vader' e outras bugigangas tecnológicas,Veja USB que vira lanterna e outras bugigangas tecnológicas,2015-03-03,2015-06-15,tec,tec
13341,35417,0.953125,Confira a 'torradeira Darth Vader' e outras bugigangas tecnológicas,Veja casaco de moletom para os fãs de wi-fi e outras compras tecnológicas,2015-03-03,2015-06-22,tec,tec
13341,36823,0.9375,Confira a 'torradeira Darth Vader' e outras bugigangas tecnológicas,Confira o alto-falante canino e outras compras tecnológicas,2015-03-03,2015-06-29,tec,tec
13341,37886,0.984375,Confira a 'torradeira Darth Vader' e outras bugigangas tecnológicas,Confira celular de baixo custo da Sony e outras bugigangas tecnológicas,2015-03-03,2015-07-04,tec,tec
13341,38842,0.9375,Confira a 'torradeira Darth Vader' e outras bugigangas tecnológicas,Confira o esterilizador de celular e outras compras tecnológicas,2015-03-03,2015-07-09,tec,tec
13341,40954,0.9375,Confira a 'torradeira Darth Vader' e outras bugigangas tecnológicas,Confira o comunicador de 'Jornada nas Estrelas' e outras compras tecnológicas,2015-03-03,2015-07-20,tec,tec
13341,42225,0.9375,Confira a 'torradeira Darth Vader' e outras bugigangas tecnológicas,Confira o novo celular Alcatel e outras compras tecnológicas,2015-03-03,2015-07-27,tec,tec
13341,44209,0.984375,Confira a 'torradeira Darth Vader' e outras bugigangas tecnológicas,Veja o alto-falante com 20 horas de bateria e outras compras tecnológicas,2015-03-03,2015-08-06,tec,tec
13341,47657,0.9375,Confira a 'torradeira Darth Vader' e outras bugigangas tecnológicas,Confira o roteador 'drone' e outras compras tecnológicas,2015-03-03,2015-08-24,tec,tec
13341,49105,0.9375,Confira a 'torradeira Darth Vader' e outras bugigangas tecnológicas,Confira o smartphone com Linux e outras compras tecnológicas,2015-03-03,2015-08-31,tec,tec
13341,54735,0.921875,Confira a 'torradeira Darth Vader' e outras bugigangas tecnológicas,Confira a câmera disfarçada de fonte e outras compras tecnológicas,2015-03-03,2015-09-28,tec,tec
13341,55556,1.0,Confira a 'torradeira Darth Vader' e outras bugigangas tecnológicas,Confira o 'capacete Metroid' e outras bugigangas tecnológicas,2015-03-03,2015-10-02,tec,tec
13341,55807,1.0,Confira a 'torradeira Darth Vader' e outras bugigangas tecnológicas,Confira o kit de decoração de unhas tetris e outras bugigangas tecnológicas,2015-03-03,2015-10-03,tec,tec
13341,56751,0.9375,Confira a 'torradeira Darth Vader' e outras bugigangas tecnológicas,Confira a lente 'profissional' para smartphone e outras compras,2015-03-03,2015-10-08,tec,tec
13341,68450,0.984375,Confira a 'torradeira Darth Vader' e outras bugigangas tecnológicas,Confira o tablet projetor e outras bugigangas tecnológicas,2015-03-03,2015-12-05,tec,tec
13356,20058,1.0,Tablet compete com PCs usando pacote Office e corpo à prova d'água,"Homem terá que se adaptar a viver com menos água, dizem especialistas",2015-03-03,2015-04-03,tv,tv
13356,55569,1.0,Tablet compete com PCs usando pacote Office e corpo à prova d'água,Comércio virtual é tão difícil quanto o de lojas físicas,2015-03-03,2015-10-02,tv,tv
13356,61765,1.0,Tablet compete com PCs usando pacote Office e corpo à prova d'água,Menino do Acre 'bomba' na internet com brincadeira sobre seca paulista,2015-03-03,2015-11-02,tv,tv
13356,67805,1.0,Tablet compete com PCs usando pacote Office e corpo à prova d'água,"Com assembleia cercada, deputados do Paraná vão de ônibus da PM para sessão",2015-03-03,2015-12-02,tv,tv
13357,20554,1.0,"Indústria precisa definir utilidade dos relógios inteligentes, diz especial",Fiéis oram pelo fim da corrupção durante a Marcha para Jesus,2015-03-03,2015-04-06,tv,tv
13357,25917,1.0,"Indústria precisa definir utilidade dos relógios inteligentes, diz especial",Reintegração da área do parque Augusta é concluída; veja imagens,2015-03-03,2015-05-03,tv,tv
13357,55821,1.0,"Indústria precisa definir utilidade dos relógios inteligentes, diz especial","Sob holofotes e pressão, mulher de TI não pode ter medo, diz programadora",2015-03-03,2015-10-03,tv,tv
13522,26078,0.9140625,Folha realiza debate sobre eficácia de dietas alimentares,Folha faz debate sobre eficácia das dietas alimentares,2015-03-05,2015-05-05,cotidiano,cotidiano
13522,32061,0.9140625,Folha realiza debate sobre eficácia de dietas alimentares,Folha faz debate sobre eficácia das dietas alimentares,2015-03-05,2015-06-05,cotidiano,cotidiano
13781,24873,0.96875,Selic: saiba como a taxa básica de juros influencia a economia brasileira,Entenda como a taxa básica de juros influencia a economia brasileira,2015-03-06,2015-04-29,mercado,mercado
13781,42498,0.96875,Selic: saiba como a taxa básica de juros influencia a economia brasileira,Selic: entenda como a taxa básica de juros influencia a economia brasileira,2015-03-06,2015-07-29,mercado,mercado
13781,59198,0.96875,Selic: saiba como a taxa básica de juros influencia a economia brasileira,Selic: entenda como a taxa básica de juros influencia a economia brasileira,2015-03-06,2015-10-21,mercado,mercado
13781,66195,0.96875,Selic: saiba como a taxa básica de juros influencia a economia brasileira,Selic: entenda como a taxa básica de juros influencia a economia brasileira,2015-03-06,2015-11-25,mercado,mercado
13783,24877,0.859375,"Veja como ficam os juros dos empréstimos com a Selic em 13,75%","Veja como ficam os juros dos empréstimos com a Selic em 13,25%",2015-03-06,2015-04-29,mercado,mercado
13789,24882,0.9296875,"CDB e Fundos ampliam vantagem sobre poupança com Selic em 13,75%","CDB e Fundos ampliam vantagem sobre poupança com Selic em 13,25%",2015-03-06,2015-04-29,mercado,mercado
13884,30552,1.0,Aviso,Aviso,2015-03-07,2015-05-29,colunas,colunas
14088,32618,0.859375,MEC reabre prazo para renovação de contrato do Fies,Inscrição para o Fies do 2° semestre termina nesta quinta,2015-03-08,2015-06-08,educacao,educacao
14147,53872,0.875,Fazenda paulista cobra R$ 293 milhões de IPVA de 337 mil donos de veículos,Fazenda paulista cobra R$ 507 milhões de IPVA de 611 mil donos de veículos,2015-03-08,2015-09-24,mercado,mercado
14221,22086,0.953125,Confira a 'máscara Doge' e outras compras tecnológicas,Confira projetor de papelão e outras bugigangas tecnológicas,2015-03-08,2015-04-14,tec,tec
14221,23357,0.953125,Confira a 'máscara Doge' e outras compras tecnológicas,Confira 'anzol' inteligente e outras bugigangas tecnológicas,2015-03-08,2015-04-21,tec,tec
14221,24531,1.0,Confira a 'máscara Doge' e outras compras tecnológicas,Veja escova de dentes com visor e outras bugigangas tecnológicas,2015-03-08,2015-04-27,tec,tec
14221,27130,0.984375,Confira a 'máscara Doge' e outras compras tecnológicas,Confira o transmissor FM para carros e outras compras tecnológicas,2015-03-08,2015-05-10,tec,tec
14221,28607,0.953125,Confira a 'máscara Doge' e outras compras tecnológicas,Confira adaptador bluetooth e outras bugigangas tecnológicas,2015-03-08,2015-05-18,tec,tec
14221,29918,0.953125,Confira a 'máscara Doge' e outras compras tecnológicas,Confira o recarregador USB solar e outras compras tecnológicas,2015-03-08,2015-05-25,tec,tec
14221,31336,0.9375,Confira a 'máscara Doge' e outras compras tecnológicas,Confira a espada 'Minecraft' e outras bugigangas tecnológicas,2015-03-08,2015-06-01,tec,tec
14221,32564,1.0,Confira a 'máscara Doge' e outras compras tecnológicas,Confira o suporte para celular na bike e outras compras tecnológicas,2015-03-08,2015-06-07,tec,tec
14221,34003,1.0,Confira a 'máscara Doge' e outras compras tecnológicas,Veja USB que vira lanterna e outras bugigangas tecnológicas,2015-03-08,2015-06-15,tec,tec
14221,35417,0.984375,Confira a 'máscara Doge' e outras compras tecnológicas,Veja casaco de moletom para os fãs de wi-fi e outras compras tecnológicas,2015-03-08,2015-06-22,tec,tec
14221,36823,1.0,Confira a 'máscara Doge' e outras compras tecnológicas,Confira o alto-falante canino e outras compras tecnológicas,2015-03-08,2015-06-29,tec,tec
14221,37886,0.953125,Confira a 'máscara Doge' e outras compras tecnológicas,Confira celular de baixo custo da Sony e outras bugigangas tecnológicas,2015-03-08,2015-07-04,tec,tec
14221,38842,1.0,Confira a 'máscara Doge' e outras compras tecnológicas,Confira o esterilizador de celular e outras compras tecnológicas,2015-03-08,2015-07-09,tec,tec
14221,40954,1.0,Confira a 'máscara Doge' e outras compras tecnológicas,Confira o comunicador de 'Jornada nas Estrelas' e outras compras tecnológicas,2015-03-08,2015-07-20,tec,tec
14221,42225,1.0,Confira a 'máscara Doge' e outras compras tecnológicas,Confira o novo celular Alcatel e outras compras tecnológicas,2015-03-08,2015-07-27,tec,tec
14221,44209,0.953125,Confira a 'máscara Doge' e outras compras tecnológicas,Veja o alto-falante com 20 horas de bateria e outras compras tecnológicas,2015-03-08,2015-08-06,tec,tec
14221,47657,1.0,Confira a 'máscara Doge' e outras compras tecnológicas,Confira o roteador 'drone' e outras compras tecnológicas,2015-03-08,2015-08-24,tec,tec
14221,49105,1.0,Confira a 'máscara Doge' e outras compras tecnológicas,Confira o smartphone com Linux e outras compras tecnológicas,2015-03-08,2015-08-31,tec,tec
14221,54735,0.984375,Confira a 'máscara Doge' e outras compras tecnológicas,Confira a câmera disfarçada de fonte e outras compras tecnológicas,2015-03-08,2015-09-28,tec,tec
14221,55556,0.9375,Confira a 'máscara Doge' e outras compras tecnológicas,Confira o 'capacete Metroid' e outras bugigangas tecnológicas,2015-03-08,2015-10-02,tec,tec
14221,55807,0.9375,Confira a 'máscara Doge' e outras compras tecnológicas,Confira o kit de decoração de unhas tetris e outras bugigangas tecnológicas,2015-03-08,2015-10-03,tec,tec
14221,56751,1.0,Confira a 'máscara Doge' e outras compras tecnológicas,Confira a lente 'profissional' para smartphone e outras compras,2015-03-08,2015-10-08,tec,tec
14221,68450,0.953125,Confira a 'máscara Doge' e outras compras tecnológicas,Confira o tablet projetor e outras bugigangas tecnológicas,2015-03-08,2015-12-05,tec,tec
14248,21311,1.0,Aviso,Aviso,2015-03-09,2015-04-11,colunas,colunas
14248,26614,1.0,Aviso,Aviso,2015-03-09,2015-05-08,colunas,colunas
14248,35639,1.0,Aviso,Aviso,2015-03-09,2015-06-24,colunas,colunas
14248,41161,1.0,Aviso,Aviso,2015-03-09,2015-07-22,colunas,colunas
14248,96476,1.0,Aviso,Aviso,2015-03-09,2016-05-18,colunas,colunas
14248,124688,1.0,Aviso,Aviso,2015-03-09,2016-11-05,colunas,colunas
14248,158107,1.0,Aviso,Aviso,2015-03-09,2017-07-25,colunas,colunas
14248,166842,1.0,Aviso,Aviso,2015-03-09,2017-09-30,colunas,colunas
14351,44635,0.953125,Receita libera no dia 8 consulta ao 4º lote de restituições do IR de 2015,Receita libera consulta ao 4º lote de restituições do IR de 2015,2015-03-09,2015-08-09,mercado,mercado
14767,39394,1.0,Veja o novo celular da chinesa Meizu e outras compras tecnológicas,Veja o conversor de filme fotográfico e outras bugigangas tecnológicas,2015-03-11,2015-07-12,tec,tec
14767,51376,1.0,Veja o novo celular da chinesa Meizu e outras compras tecnológicas,Conheça o teclado para viciados em emojis e outras compras tecnológicas,2015-03-11,2015-09-11,tec,tec
14767,51973,1.0,Veja o novo celular da chinesa Meizu e outras compras tecnológicas,Câmera digital resgata elementos da Polaroid; veja outras compras,2015-03-11,2015-09-14,tec,tec
14767,53308,1.0,Veja o novo celular da chinesa Meizu e outras compras tecnológicas,HD externo protege contra fogo e água; veja outras compras tecnológicas,2015-03-11,2015-09-21,tec,tec
14767,58899,1.0,Veja o novo celular da chinesa Meizu e outras compras tecnológicas,Confira o kit de lentes para celulares e outras bugigangas tecnológicas,2015-03-11,2015-10-19,tec,tec
14767,60308,1.0,Veja o novo celular da chinesa Meizu e outras compras tecnológicas,Confira a camisinha Netflix e outras bugigangas tecnológicas,2015-03-11,2015-10-26,tec,tec
14767,64538,1.0,Veja o novo celular da chinesa Meizu e outras compras tecnológicas,Veja a pulseira fitness baratinha e outras compras tecnológicas,2015-03-11,2015-11-16,tec,tec
14767,65872,1.0,Veja o novo celular da chinesa Meizu e outras compras tecnológicas,Veja novo smartphone para crianças e outras compras tecnológicas,2015-03-11,2015-11-23,tec,tec
14767,67329,1.0,Veja o novo celular da chinesa Meizu e outras compras tecnológicas,Veja a meia conectada para monitorar bebês e outras compras tecnológicas,2015-03-11,2015-11-30,tec,tec
14767,69331,1.0,Veja o novo celular da chinesa Meizu e outras compras tecnológicas,Confira as máscaras de emoji e outras bugigangas tecnológicas,2015-03-11,2015-12-10,tec,tec
14767,70090,1.0,Veja o novo celular da chinesa Meizu e outras compras tecnológicas,Veja enfeite em formato de emoji para a árvore de Natal e outros produtos,2015-03-11,2015-12-14,tec,tec
14767,71433,1.0,Veja o novo celular da chinesa Meizu e outras compras tecnológicas,Veja a almofada para fãs de WhatsApp e outras compras tecnológicas,2015-03-11,2015-12-21,tec,tec
14767,72301,1.0,Veja o novo celular da chinesa Meizu e outras compras tecnológicas,Confira um teclado dobrável e outras bugigangas tecnológicas,2015-03-11,2015-12-28,tec,tec
14767,73016,1.0,Veja o novo celular da chinesa Meizu e outras compras tecnológicas,Veja o controle remoto com cara de smartphone e outros gadgets,2015-03-11,2016-01-02,tec,tec
14767,75776,1.0,Veja o novo celular da chinesa Meizu e outras compras tecnológicas,Veja as telas adicionais para notebook e outras compras tecnológicas,2015-03-11,2016-01-18,tec,tec
14767,76909,1.0,Veja o novo celular da chinesa Meizu e outras compras tecnológicas,Veja um skate com caixas de som e outras compras tecnológicas,2015-03-11,2016-01-25,tec,tec
14767,80320,1.0,Veja o novo celular da chinesa Meizu e outras compras tecnológicas,Veja um roteador portátil útil para viajantes e outros produtos,2015-03-11,2016-02-15,tec,tec
14767,82972,1.0,Veja o novo celular da chinesa Meizu e outras compras tecnológicas,Confira um 'mouse ambidestro' e outras compras tecnológicas,2015-03-11,2016-02-29,tec,tec
14767,85242,1.0,Veja o novo celular da chinesa Meizu e outras compras tecnológicas,Veja um smartphone com tela 4K e outros produtos tecnológicos,2015-03-11,2016-03-14,tec,tec
14767,87836,1.0,Veja o novo celular da chinesa Meizu e outras compras tecnológicas,Veja um carregador sem fio para o iPhone e outras compras tecnológicas,2015-03-11,2016-03-28,tec,tec
14767,88613,1.0,Veja o novo celular da chinesa Meizu e outras compras tecnológicas,Veja um gramofone para conectar ao celular e outras compras tecnológicas,2015-03-11,2016-04-01,tec,tec
14767,104379,1.0,Veja o novo celular da chinesa Meizu e outras compras tecnológicas,Veja o contador de seguidores de redes sociais e outras compras tecnológicas,2015-03-11,2016-07-03,tec,tec
14767,124130,1.0,Veja o novo celular da chinesa Meizu e outras compras tecnológicas,Confira o petisco wi-fi para cachorros e outras compras tecnológicas,2015-03-11,2016-11-01,tec,tec
14767,124680,1.0,Veja o novo celular da chinesa Meizu e outras compras tecnológicas,Veja um sensor de movimentos para TV e outras compras tecnológicas,2015-03-11,2016-11-04,tec,tec
14823,65229,0.8984375,Baixe o pôster do Palmeiras campeão da Copa do Brasil-2015,Baixe o pôster do Corinthians campeão do Campeonato Brasileiro,2015-03-12,2015-11-20,esporte,esporte
14823,109737,0.90625,Baixe o pôster do Palmeiras campeão da Copa do Brasil-2015,Baixe o pôster do Santos campeão do Campeonato Paulista,2015-03-12,2016-08-05,esporte,esporte
15359,37604,1.0,Veja os livros de negócios e economia mais vendidos entre 2 e 8 de março,Confira os livros de negócios e economia mais vendidos entre 23 de fevereiro e 1º de março,2015-03-14,2015-07-03,mercado,mercado
15359,62131,1.0,Veja os livros de negócios e economia mais vendidos entre 2 e 8 de março,Guia de finanças para casais volta a lista de livros mais vendidos na semana,2015-03-14,2015-11-04,mercado,mercado
15948,49835,1.0,"Em ato contra governo, manifestantes divergem sobre impeachment; veja","Para Dilma, ""terceiro turno"" não é motivo para impeachment",2015-03-16,2015-09-03,tv,tv
16178,23357,0.984375,Confira tábua de carne do 'Nintendinho' e outras bugigangas tecnológicas,Confira 'anzol' inteligente e outras bugigangas tecnológicas,2015-03-17,2015-04-21,tec,tec
16178,24531,0.9375,Confira tábua de carne do 'Nintendinho' e outras bugigangas tecnológicas,Veja escova de dentes com visor e outras bugigangas tecnológicas,2015-03-17,2015-04-27,tec,tec
16178,27130,0.921875,Confira tábua de carne do 'Nintendinho' e outras bugigangas tecnológicas,Confira o transmissor FM para carros e outras compras tecnológicas,2015-03-17,2015-05-10,tec,tec
16178,28607,0.984375,Confira tábua de carne do 'Nintendinho' e outras bugigangas tecnológicas,Confira adaptador bluetooth e outras bugigangas tecnológicas,2015-03-17,2015-05-18,tec,tec
16178,29918,0.984375,Confira tábua de carne do 'Nintendinho' e outras bugigangas tecnológicas,Confira o recarregador USB solar e outras compras tecnológicas,2015-03-17,2015-05-25,tec,tec
16178,31336,1.0,Confira tábua de carne do 'Nintendinho' e outras bugigangas tecnológicas,Confira a espada 'Minecraft' e outras bugigangas tecnológicas,2015-03-17,2015-06-01,tec,tec
16178,32564,0.9375,Confira tábua de carne do 'Nintendinho' e outras bugigangas tecnológicas,Confira o suporte para celular na bike e outras compras tecnológicas,2015-03-17,2015-06-07,tec,tec
16178,34003,0.9375,Confira tábua de carne do 'Nintendinho' e outras bugigangas tecnológicas,Veja USB que vira lanterna e outras bugigangas tecnológicas,2015-03-17,2015-06-15,tec,tec
16178,35417,0.953125,Confira tábua de carne do 'Nintendinho' e outras bugigangas tecnológicas,Veja casaco de moletom para os fãs de wi-fi e outras compras tecnológicas,2015-03-17,2015-06-22,tec,tec
16178,36823,0.9375,Confira tábua de carne do 'Nintendinho' e outras bugigangas tecnológicas,Confira o alto-falante canino e outras compras tecnológicas,2015-03-17,2015-06-29,tec,tec
16178,37886,0.984375,Confira tábua de carne do 'Nintendinho' e outras bugigangas tecnológicas,Confira celular de baixo custo da Sony e outras bugigangas tecnológicas,2015-03-17,2015-07-04,tec,tec
16178,38842,0.9375,Confira tábua de carne do 'Nintendinho' e outras bugigangas tecnológicas,Confira o esterilizador de celular e outras compras tecnológicas,2015-03-17,2015-07-09,tec,tec
16178,40954,0.9375,Confira tábua de carne do 'Nintendinho' e outras bugigangas tecnológicas,Confira o comunicador de 'Jornada nas Estrelas' e outras compras tecnológicas,2015-03-17,2015-07-20,tec,tec
16178,42225,0.9375,Confira tábua de carne do 'Nintendinho' e outras bugigangas tecnológicas,Confira o novo celular Alcatel e outras compras tecnológicas,2015-03-17,2015-07-27,tec,tec
16178,44209,0.984375,Confira tábua de carne do 'Nintendinho' e outras bugigangas tecnológicas,Veja o alto-falante com 20 horas de bateria e outras compras tecnológicas,2015-03-17,2015-08-06,tec,tec
16178,47657,0.9375,Confira tábua de carne do 'Nintendinho' e outras bugigangas tecnológicas,Confira o roteador 'drone' e outras compras tecnológicas,2015-03-17,2015-08-24,tec,tec
16178,49105,0.9375,Confira tábua de carne do 'Nintendinho' e outras bugigangas tecnológicas,Confira o smartphone com Linux e outras compras tecnológicas,2015-03-17,2015-08-31,tec,tec
16178,54735,0.921875,Confira tábua de carne do 'Nintendinho' e outras bugigangas tecnológicas,Confira a câmera disfarçada de fonte e outras compras tecnológicas,2015-03-17,2015-09-28,tec,tec
16178,55556,1.0,Confira tábua de carne do 'Nintendinho' e outras bugigangas tecnológicas,Confira o 'capacete Metroid' e outras bugigangas tecnológicas,2015-03-17,2015-10-02,tec,tec
16178,55807,1.0,Confira tábua de carne do 'Nintendinho' e outras bugigangas tecnológicas,Confira o kit de decoração de unhas tetris e outras bugigangas tecnológicas,2015-03-17,2015-10-03,tec,tec
16178,56751,0.9375,Confira tábua de carne do 'Nintendinho' e outras bugigangas tecnológicas,Confira a lente 'profissional' para smartphone e outras compras,2015-03-17,2015-10-08,tec,tec
16178,68450,0.984375,Confira tábua de carne do 'Nintendinho' e outras bugigangas tecnológicas,Confira o tablet projetor e outras bugigangas tecnológicas,2015-03-17,2015-12-05,tec,tec
16193,49835,1.0,Brincadeiras e preconceitos atrapalham alcoólatras em tratamento,"Para Dilma, ""terceiro turno"" não é motivo para impeachment",2015-03-17,2015-09-03,tv,tv
16198,23848,0.9609375,Prêmio de oncologia do Icesp abre inscrições,Inscrições para prêmio de oncologia vão até dia 30,2015-03-18,2015-04-24,ciencia,equilibrioesaude
16458,49835,1.0,Pele com brilho natural é tendência e banho quente pode ressecá-la,"Para Dilma, ""terceiro turno"" não é motivo para impeachment",2015-03-18,2015-09-03,tv,tv
16734,102662,0.984375,Aviso,Aviso,2015-03-20,2016-06-24,colunas,colunas
16734,152797,0.984375,Aviso,Aviso,2015-03-20,2017-06-10,colunas,colunas
17088,37604,1.0,Veja os livros de negócios e economia mais vendidos entre 9 e 15 de março,Confira os livros de negócios e economia mais vendidos entre 23 de fevereiro e 1º de março,2015-03-21,2015-07-03,mercado,mercado
17088,62131,1.0,Veja os livros de negócios e economia mais vendidos entre 9 e 15 de março,Guia de finanças para casais volta a lista de livros mais vendidos na semana,2015-03-21,2015-11-04,mercado,mercado
17870,24531,0.9375,Confira colchão inteligente e outras bugigangas tecnológicas,Veja escova de dentes com visor e outras bugigangas tecnológicas,2015-03-24,2015-04-27,tec,tec
17870,27130,0.921875,Confira colchão inteligente e outras bugigangas tecnológicas,Confira o transmissor FM para carros e outras compras tecnológicas,2015-03-24,2015-05-10,tec,tec
17870,28607,0.984375,Confira colchão inteligente e outras bugigangas tecnológicas,Confira adaptador bluetooth e outras bugigangas tecnológicas,2015-03-24,2015-05-18,tec,tec
17870,29918,0.984375,Confira colchão inteligente e outras bugigangas tecnológicas,Confira o recarregador USB solar e outras compras tecnológicas,2015-03-24,2015-05-25,tec,tec
17870,31336,1.0,Confira colchão inteligente e outras bugigangas tecnológicas,Confira a espada 'Minecraft' e outras bugigangas tecnológicas,2015-03-24,2015-06-01,tec,tec
17870,32564,0.9375,Confira colchão inteligente e outras bugigangas tecnológicas,Confira o suporte para celular na bike e outras compras tecnológicas,2015-03-24,2015-06-07,tec,tec
17870,34003,0.9375,Confira colchão inteligente e outras bugigangas tecnológicas,Veja USB que vira lanterna e outras bugigangas tecnológicas,2015-03-24,2015-06-15,tec,tec
17870,35417,0.953125,Confira colchão inteligente e outras bugigangas tecnológicas,Veja casaco de moletom para os fãs de wi-fi e outras compras tecnológicas,2015-03-24,2015-06-22,tec,tec
17870,36823,0.9375,Confira colchão inteligente e outras bugigangas tecnológicas,Confira o alto-falante canino e outras compras tecnológicas,2015-03-24,2015-06-29,tec,tec
17870,37886,0.984375,Confira colchão inteligente e outras bugigangas tecnológicas,Confira celular de baixo custo da Sony e outras bugigangas tecnológicas,2015-03-24,2015-07-04,tec,tec
17870,38842,0.9375,Confira colchão inteligente e outras bugigangas tecnológicas,Confira o esterilizador de celular e outras compras tecnológicas,2015-03-24,2015-07-09,tec,tec
17870,40954,0.9375,Confira colchão inteligente e outras bugigangas tecnológicas,Confira o comunicador de 'Jornada nas Estrelas' e outras compras tecnológicas,2015-03-24,2015-07-20,tec,tec
17870,42225,0.9375,Confira colchão inteligente e outras bugigangas tecnológicas,Confira o novo celular Alcatel e outras compras tecnológicas,2015-03-24,2015-07-27,tec,tec
17870,44209,0.984375,Confira colchão inteligente e outras bugigangas tecnológicas,Veja o alto-falante com 20 horas de bateria e outras compras tecnológicas,2015-03-24,2015-08-06,tec,tec
17870,47657,0.9375,Confira colchão inteligente e outras bugigangas tecnológicas,Confira o roteador 'drone' e outras compras tecnológicas,2015-03-24,2015-08-24,tec,tec
17870,49105,0.9375,Confira colchão inteligente e outras bugigangas tecnológicas,Confira o smartphone com Linux e outras compras tecnológicas,2015-03-24,2015-08-31,tec,tec
17870,54735,0.921875,Confira colchão inteligente e outras bugigangas tecnológicas,Confira a câmera disfarçada de fonte e outras compras tecnológicas,2015-03-24,2015-09-28,tec,tec
17870,55556,1.0,Confira colchão inteligente e outras bugigangas tecnológicas,Confira o 'capacete Metroid' e outras bugigangas tecnológicas,2015-03-24,2015-10-02,tec,tec
17870,55807,1.0,Confira colchão inteligente e outras bugigangas tecnológicas,Confira o kit de decoração de unhas tetris e outras bugigangas tecnológicas,2015-03-24,2015-10-03,tec,tec
17870,56751,0.9375,Confira colchão inteligente e outras bugigangas tecnológicas,Confira a lente 'profissional' para smartphone e outras compras,2015-03-24,2015-10-08,tec,tec
17870,68450,0.984375,Confira colchão inteligente e outras bugigangas tecnológicas,Confira o tablet projetor e outras bugigangas tecnológicas,2015-03-24,2015-12-05,tec,tec
18131,49835,1.0,Artista lança trabalho que mistura intervenção urbana e tecnologia,"Para Dilma, ""terceiro turno"" não é motivo para impeachment",2015-03-25,2015-09-03,tv,tv
18364,49835,1.0,Humorista é levado a delegacia após 'matar' jacaré inflável em fonte,"Para Dilma, ""terceiro turno"" não é motivo para impeachment",2015-03-26,2015-09-03,tv,tv
18491,61900,0.890625,Entenda os dados do PIB brasileiro e a revisão pelo IBGE,Entenda a revisão dos dados do PIB brasileiro pelo IBGE,2015-03-27,2015-11-03,mercado,mercado
18720,37604,1.0,Veja os livros de negócios e economia mais vendidos entre 16 e 22 de março,Confira os livros de negócios e economia mais vendidos entre 23 de fevereiro e 1º de março,2015-03-28,2015-07-03,mercado,mercado
18720,62131,1.0,Veja os livros de negócios e economia mais vendidos entre 16 e 22 de março,Guia de finanças para casais volta a lista de livros mais vendidos na semana,2015-03-28,2015-11-04,mercado,mercado
18923,33738,0.9296875,Veja o cartum de Odyr da edição deste domingo,Veja o cartum de Odyr da edição deste domingo,2015-03-29,2015-06-14,ilustrissima,ilustrissima
19168,36797,0.875,Confira a agenda desta semana,Confira a agenda desta semana,2015-03-30,2015-06-29,poder,poder
19215,29939,1.0,Aviso,Aviso,2015-03-31,2015-05-26,colunas,colunas
19215,36848,1.0,Aviso,Aviso,2015-03-31,2015-06-30,colunas,colunas
19215,55324,1.0,Aviso,Aviso,2015-03-31,2015-10-02,colunas,colunas
19215,94708,1.0,Aviso,Aviso,2015-03-31,2016-05-07,colunas,colunas
19215,129731,1.0,Aviso,Aviso,2015-03-31,2016-12-07,colunas,colunas
19396,27130,0.9453125,Veja cabideiro que imita controle de PS3 e outras bugigangas tecnológicas,Confira o transmissor FM para carros e outras compras tecnológicas,2015-03-31,2015-05-10,tec,tec
19396,28607,0.9921875,Veja cabideiro que imita controle de PS3 e outras bugigangas tecnológicas,Confira adaptador bluetooth e outras bugigangas tecnológicas,2015-03-31,2015-05-18,tec,tec
19396,29918,0.9921875,Veja cabideiro que imita controle de PS3 e outras bugigangas tecnológicas,Confira o recarregador USB solar e outras compras tecnológicas,2015-03-31,2015-05-25,tec,tec
19396,31336,0.9765625,Veja cabideiro que imita controle de PS3 e outras bugigangas tecnológicas,Confira a espada 'Minecraft' e outras bugigangas tecnológicas,2015-03-31,2015-06-01,tec,tec
19396,32564,0.9453125,Veja cabideiro que imita controle de PS3 e outras bugigangas tecnológicas,Confira o suporte para celular na bike e outras compras tecnológicas,2015-03-31,2015-06-07,tec,tec
19396,34003,0.9453125,Veja cabideiro que imita controle de PS3 e outras bugigangas tecnológicas,Veja USB que vira lanterna e outras bugigangas tecnológicas,2015-03-31,2015-06-15,tec,tec
19396,35417,0.9296875,Veja cabideiro que imita controle de PS3 e outras bugigangas tecnológicas,Veja casaco de moletom para os fãs de wi-fi e outras compras tecnológicas,2015-03-31,2015-06-22,tec,tec
19396,36823,0.9453125,Veja cabideiro que imita controle de PS3 e outras bugigangas tecnológicas,Confira o alto-falante canino e outras compras tecnológicas,2015-03-31,2015-06-29,tec,tec
19396,37886,0.9921875,Veja cabideiro que imita controle de PS3 e outras bugigangas tecnológicas,Confira celular de baixo custo da Sony e outras bugigangas tecnológicas,2015-03-31,2015-07-04,tec,tec
19396,38842,0.9453125,Veja cabideiro que imita controle de PS3 e outras bugigangas tecnológicas,Confira o esterilizador de celular e outras compras tecnológicas,2015-03-31,2015-07-09,tec,tec
19396,40954,0.9453125,Veja cabideiro que imita controle de PS3 e outras bugigangas tecnológicas,Confira o comunicador de 'Jornada nas Estrelas' e outras compras tecnológicas,2015-03-31,2015-07-20,tec,tec
19396,42225,0.9453125,Veja cabideiro que imita controle de PS3 e outras bugigangas tecnológicas,Confira o novo celular Alcatel e outras compras tecnológicas,2015-03-31,2015-07-27,tec,tec
19396,44209,0.9921875,Veja cabideiro que imita controle de PS3 e outras bugigangas tecnológicas,Veja o alto-falante com 20 horas de bateria e outras compras tecnológicas,2015-03-31,2015-08-06,tec,tec
19396,47657,0.9453125,Veja cabideiro que imita controle de PS3 e outras bugigangas tecnológicas,Confira o roteador 'drone' e outras compras tecnológicas,2015-03-31,2015-08-24,tec,tec
19396,49105,0.9453125,Veja cabideiro que imita controle de PS3 e outras bugigangas tecnológicas,Confira o smartphone com Linux e outras compras tecnológicas,2015-03-31,2015-08-31,tec,tec
19396,54735,0.9453125,Veja cabideiro que imita controle de PS3 e outras bugigangas tecnológicas,Confira a câmera disfarçada de fonte e outras compras tecnológicas,2015-03-31,2015-09-28,tec,tec
19396,55556,0.9765625,Veja cabideiro que imita controle de PS3 e outras bugigangas tecnológicas,Confira o 'capacete Metroid' e outras bugigangas tecnológicas,2015-03-31,2015-10-02,tec,tec
19396,55807,0.9765625,Veja cabideiro que imita controle de PS3 e outras bugigangas tecnológicas,Confira o kit de decoração de unhas tetris e outras bugigangas tecnológicas,2015-03-31,2015-10-03,tec,tec
19396,56751,0.9453125,Veja cabideiro que imita controle de PS3 e outras bugigangas tecnológicas,Confira a lente 'profissional' para smartphone e outras compras,2015-03-31,2015-10-08,tec,tec
19396,68450,0.9921875,Veja cabideiro que imita controle de PS3 e outras bugigangas tecnológicas,Confira o tablet projetor e outras bugigangas tecnológicas,2015-03-31,2015-12-05,tec,tec
19935,42498,0.984375,Entenda como a taxa básica de juros influencia a economia brasileira,Selic: entenda como a taxa básica de juros influencia a economia brasileira,2015-04-03,2015-07-29,mercado,mercado
19935,59198,0.984375,Entenda como a taxa básica de juros influencia a economia brasileira,Selic: entenda como a taxa básica de juros influencia a economia brasileira,2015-04-03,2015-10-21,mercado,mercado
19935,66195,0.984375,Entenda como a taxa básica de juros influencia a economia brasileira,Selic: entenda como a taxa básica de juros influencia a economia brasileira,2015-04-03,2015-11-25,mercado,mercado
20058,55569,1.0,"Homem terá que se adaptar a viver com menos água, dizem especialistas",Comércio virtual é tão difícil quanto o de lojas físicas,2015-04-03,2015-10-02,tv,tv
20058,61765,1.0,"Homem terá que se adaptar a viver com menos água, dizem especialistas",Menino do Acre 'bomba' na internet com brincadeira sobre seca paulista,2015-04-03,2015-11-02,tv,tv
20058,67805,1.0,"Homem terá que se adaptar a viver com menos água, dizem especialistas","Com assembleia cercada, deputados do Paraná vão de ônibus da PM para sessão",2015-04-03,2015-12-02,tv,tv
20156,37604,1.0,Livro sobre negociação é novidade entre mais vendidos; confira lista,Confira os livros de negócios e economia mais vendidos entre 23 de fevereiro e 1º de março,2015-04-04,2015-07-03,mercado,mercado
20156,62131,1.0,Livro sobre negociação é novidade entre mais vendidos; confira lista,Guia de finanças para casais volta a lista de livros mais vendidos na semana,2015-04-04,2015-11-04,mercado,mercado
20404,27130,0.9375,Confira o alto-falante 'Iron Man' e outras bugigangas tecnológicas,Confira o transmissor FM para carros e outras compras tecnológicas,2015-04-05,2015-05-10,tec,tec
20404,28607,1.0,Confira o alto-falante 'Iron Man' e outras bugigangas tecnológicas,Confira adaptador bluetooth e outras bugigangas tecnológicas,2015-04-05,2015-05-18,tec,tec
20404,29918,1.0,Confira o alto-falante 'Iron Man' e outras bugigangas tecnológicas,Confira o recarregador USB solar e outras compras tecnológicas,2015-04-05,2015-05-25,tec,tec
20404,31336,0.984375,Confira o alto-falante 'Iron Man' e outras bugigangas tecnológicas,Confira a espada 'Minecraft' e outras bugigangas tecnológicas,2015-04-05,2015-06-01,tec,tec
20404,32564,0.953125,Confira o alto-falante 'Iron Man' e outras bugigangas tecnológicas,Confira o suporte para celular na bike e outras compras tecnológicas,2015-04-05,2015-06-07,tec,tec
20404,34003,0.953125,Confira o alto-falante 'Iron Man' e outras bugigangas tecnológicas,Veja USB que vira lanterna e outras bugigangas tecnológicas,2015-04-05,2015-06-15,tec,tec
20404,35417,0.9375,Confira o alto-falante 'Iron Man' e outras bugigangas tecnológicas,Veja casaco de moletom para os fãs de wi-fi e outras compras tecnológicas,2015-04-05,2015-06-22,tec,tec
20404,36823,0.953125,Confira o alto-falante 'Iron Man' e outras bugigangas tecnológicas,Confira o alto-falante canino e outras compras tecnológicas,2015-04-05,2015-06-29,tec,tec
20404,37886,1.0,Confira o alto-falante 'Iron Man' e outras bugigangas tecnológicas,Confira celular de baixo custo da Sony e outras bugigangas tecnológicas,2015-04-05,2015-07-04,tec,tec
20404,38842,0.953125,Confira o alto-falante 'Iron Man' e outras bugigangas tecnológicas,Confira o esterilizador de celular e outras compras tecnológicas,2015-04-05,2015-07-09,tec,tec
20404,40954,0.953125,Confira o alto-falante 'Iron Man' e outras bugigangas tecnológicas,Confira o comunicador de 'Jornada nas Estrelas' e outras compras tecnológicas,2015-04-05,2015-07-20,tec,tec
20404,42225,0.953125,Confira o alto-falante 'Iron Man' e outras bugigangas tecnológicas,Confira o novo celular Alcatel e outras compras tecnológicas,2015-04-05,2015-07-27,tec,tec
20404,44209,1.0,Confira o alto-falante 'Iron Man' e outras bugigangas tecnológicas,Veja o alto-falante com 20 horas de bateria e outras compras tecnológicas,2015-04-05,2015-08-06,tec,tec
20404,47657,0.953125,Confira o alto-falante 'Iron Man' e outras bugigangas tecnológicas,Confira o roteador 'drone' e outras compras tecnológicas,2015-04-05,2015-08-24,tec,tec
20404,49105,0.953125,Confira o alto-falante 'Iron Man' e outras bugigangas tecnológicas,Confira o smartphone com Linux e outras compras tecnológicas,2015-04-05,2015-08-31,tec,tec
20404,54735,0.9375,Confira o alto-falante 'Iron Man' e outras bugigangas tecnológicas,Confira a câmera disfarçada de fonte e outras compras tecnológicas,2015-04-05,2015-09-28,tec,tec
20404,55556,0.984375,Confira o alto-falante 'Iron Man' e outras bugigangas tecnológicas,Confira o 'capacete Metroid' e outras bugigangas tecnológicas,2015-04-05,2015-10-02,tec,tec
20404,55807,0.984375,Confira o alto-falante 'Iron Man' e outras bugigangas tecnológicas,Confira o kit de decoração de unhas tetris e outras bugigangas tecnológicas,2015-04-05,2015-10-03,tec,tec
20404,56751,0.953125,Confira o alto-falante 'Iron Man' e outras bugigangas tecnológicas,Confira a lente 'profissional' para smartphone e outras compras,2015-04-05,2015-10-08,tec,tec
20404,68450,1.0,Confira o alto-falante 'Iron Man' e outras bugigangas tecnológicas,Confira o tablet projetor e outras bugigangas tecnológicas,2015-04-05,2015-12-05,tec,tec
20554,55821,1.0,Fiéis oram pelo fim da corrupção durante a Marcha para Jesus,"Sob holofotes e pressão, mulher de TI não pode ter medo, diz programadora",2015-04-06,2015-10-03,tv,tv
20760,36855,0.9375,Aviso,Aviso,2015-04-08,2015-06-30,colunas,colunas
20928,32748,1.0,SPh: Tempo seco piora nesta quarta em SP e exige cuidados,SPh: Sexta tem intervenção artística na Paulista e Glória Menezes no teatro,2015-04-08,2015-06-08,saopaulo,saopaulo
21214,69793,0.9921875,"Veja cartum da série ""Ogro"" na edição deste domingo","Veja um cartum da série ""Ogro"", de Rafa Campos",2015-04-10,2015-12-13,ilustrissima,ilustrissima
21311,35639,1.0,Aviso,Aviso,2015-04-11,2015-06-24,colunas,colunas
21311,41161,1.0,Aviso,Aviso,2015-04-11,2015-07-22,colunas,colunas
21311,96476,1.0,Aviso,Aviso,2015-04-11,2016-05-18,colunas,colunas
21311,124688,1.0,Aviso,Aviso,2015-04-11,2016-11-05,colunas,colunas
21311,158107,1.0,Aviso,Aviso,2015-04-11,2017-07-25,colunas,colunas
21311,166842,1.0,Aviso,Aviso,2015-04-11,2017-09-30,colunas,colunas
21854,39569,0.9140625,Confira a agenda desta semana,Confira a agenda desta semana,2015-04-13,2015-07-13,poder,poder
22086,28607,1.0,Confira projetor de papelão e outras bugigangas tecnológicas,Confira adaptador bluetooth e outras bugigangas tecnológicas,2015-04-14,2015-05-18,tec,tec
22086,29918,1.0,Confira projetor de papelão e outras bugigangas tecnológicas,Confira o recarregador USB solar e outras compras tecnológicas,2015-04-14,2015-05-25,tec,tec
22086,31336,0.984375,Confira projetor de papelão e outras bugigangas tecnológicas,Confira a espada 'Minecraft' e outras bugigangas tecnológicas,2015-04-14,2015-06-01,tec,tec
22086,32564,0.953125,Confira projetor de papelão e outras bugigangas tecnológicas,Confira o suporte para celular na bike e outras compras tecnológicas,2015-04-14,2015-06-07,tec,tec
22086,34003,0.953125,Confira projetor de papelão e outras bugigangas tecnológicas,Veja USB que vira lanterna e outras bugigangas tecnológicas,2015-04-14,2015-06-15,tec,tec
22086,35417,0.9375,Confira projetor de papelão e outras bugigangas tecnológicas,Veja casaco de moletom para os fãs de wi-fi e outras compras tecnológicas,2015-04-14,2015-06-22,tec,tec
22086,36823,0.953125,Confira projetor de papelão e outras bugigangas tecnológicas,Confira o alto-falante canino e outras compras tecnológicas,2015-04-14,2015-06-29,tec,tec
22086,37886,1.0,Confira projetor de papelão e outras bugigangas tecnológicas,Confira celular de baixo custo da Sony e outras bugigangas tecnológicas,2015-04-14,2015-07-04,tec,tec
22086,38842,0.953125,Confira projetor de papelão e outras bugigangas tecnológicas,Confira o esterilizador de celular e outras compras tecnológicas,2015-04-14,2015-07-09,tec,tec
22086,40954,0.953125,Confira projetor de papelão e outras bugigangas tecnológicas,Confira o comunicador de 'Jornada nas Estrelas' e outras compras tecnológicas,2015-04-14,2015-07-20,tec,tec
22086,42225,0.953125,Confira projetor de papelão e outras bugigangas tecnológicas,Confira o novo celular Alcatel e outras compras tecnológicas,2015-04-14,2015-07-27,tec,tec
22086,44209,1.0,Confira projetor de papelão e outras bugigangas tecnológicas,Veja o alto-falante com 20 horas de bateria e outras compras tecnológicas,2015-04-14,2015-08-06,tec,tec
22086,47657,0.953125,Confira projetor de papelão e outras bugigangas tecnológicas,Confira o roteador 'drone' e outras compras tecnológicas,2015-04-14,2015-08-24,tec,tec
22086,49105,0.953125,Confira projetor de papelão e outras bugigangas tecnológicas,Confira o smartphone com Linux e outras compras tecnológicas,2015-04-14,2015-08-31,tec,tec
22086,54735,0.9375,Confira projetor de papelão e outras bugigangas tecnológicas,Confira a câmera disfarçada de fonte e outras compras tecnológicas,2015-04-14,2015-09-28,tec,tec
22086,55556,0.984375,Confira projetor de papelão e outras bugigangas tecnológicas,Confira o 'capacete Metroid' e outras bugigangas tecnológicas,2015-04-14,2015-10-02,tec,tec
22086,55807,0.984375,Confira projetor de papelão e outras bugigangas tecnológicas,Confira o kit de decoração de unhas tetris e outras bugigangas tecnológicas,2015-04-14,2015-10-03,tec,tec
22086,56751,0.953125,Confira projetor de papelão e outras bugigangas tecnológicas,Confira a lente 'profissional' para smartphone e outras compras,2015-04-14,2015-10-08,tec,tec
22086,68450,1.0,Confira projetor de papelão e outras bugigangas tecnológicas,Confira o tablet projetor e outras bugigangas tecnológicas,2015-04-14,2015-12-05,tec,tec
22101,43865,1.0,França recebe 84 milhões de turistas e lidera entre destinos em 2014,França foi primeiro destino turístico em 2014 com 84 milhões de visitantes,2015-04-14,2015-08-04,turismo,turismo
23357,29918,1.0,Confira 'anzol' inteligente e outras bugigangas tecnológicas,Confira o recarregador USB solar e outras compras tecnológicas,2015-04-21,2015-05-25,tec,tec
23357,31336,0.984375,Confira 'anzol' inteligente e outras bugigangas tecnológicas,Confira a espada 'Minecraft' e outras bugigangas tecnológicas,2015-04-21,2015-06-01,tec,tec
23357,32564,0.953125,Confira 'anzol' inteligente e outras bugigangas tecnológicas,Confira o suporte para celular na bike e outras compras tecnológicas,2015-04-21,2015-06-07,tec,tec
23357,34003,0.953125,Confira 'anzol' inteligente e outras bugigangas tecnológicas,Veja USB que vira lanterna e outras bugigangas tecnológicas,2015-04-21,2015-06-15,tec,tec
23357,35417,0.9375,Confira 'anzol' inteligente e outras bugigangas tecnológicas,Veja casaco de moletom para os fãs de wi-fi e outras compras tecnológicas,2015-04-21,2015-06-22,tec,tec
23357,36823,0.953125,Confira 'anzol' inteligente e outras bugigangas tecnológicas,Confira o alto-falante canino e outras compras tecnológicas,2015-04-21,2015-06-29,tec,tec
23357,37886,1.0,Confira 'anzol' inteligente e outras bugigangas tecnológicas,Confira celular de baixo custo da Sony e outras bugigangas tecnológicas,2015-04-21,2015-07-04,tec,tec
23357,38842,0.953125,Confira 'anzol' inteligente e outras bugigangas tecnológicas,Confira o esterilizador de celular e outras compras tecnológicas,2015-04-21,2015-07-09,tec,tec
23357,40954,0.953125,Confira 'anzol' inteligente e outras bugigangas tecnológicas,Confira o comunicador de 'Jornada nas Estrelas' e outras compras tecnológicas,2015-04-21,2015-07-20,tec,tec
23357,42225,0.953125,Confira 'anzol' inteligente e outras bugigangas tecnológicas,Confira o novo celular Alcatel e outras compras tecnológicas,2015-04-21,2015-07-27,tec,tec
23357,44209,1.0,Confira 'anzol' inteligente e outras bugigangas tecnológicas,Veja o alto-falante com 20 horas de bateria e outras compras tecnológicas,2015-04-21,2015-08-06,tec,tec
23357,47657,0.953125,Confira 'anzol' inteligente e outras bugigangas tecnológicas,Confira o roteador 'drone' e outras compras tecnológicas,2015-04-21,2015-08-24,tec,tec
23357,49105,0.953125,Confira 'anzol' inteligente e outras bugigangas tecnológicas,Confira o smartphone com Linux e outras compras tecnológicas,2015-04-21,2015-08-31,tec,tec
23357,54735,0.9375,Confira 'anzol' inteligente e outras bugigangas tecnológicas,Confira a câmera disfarçada de fonte e outras compras tecnológicas,2015-04-21,2015-09-28,tec,tec
23357,55556,0.984375,Confira 'anzol' inteligente e outras bugigangas tecnológicas,Confira o 'capacete Metroid' e outras bugigangas tecnológicas,2015-04-21,2015-10-02,tec,tec
23357,55807,0.984375,Confira 'anzol' inteligente e outras bugigangas tecnológicas,Confira o kit de decoração de unhas tetris e outras bugigangas tecnológicas,2015-04-21,2015-10-03,tec,tec
23357,56751,0.953125,Confira 'anzol' inteligente e outras bugigangas tecnológicas,Confira a lente 'profissional' para smartphone e outras compras,2015-04-21,2015-10-08,tec,tec
23357,68450,1.0,Confira 'anzol' inteligente e outras bugigangas tecnológicas,Confira o tablet projetor e outras bugigangas tecnológicas,2015-04-21,2015-12-05,tec,tec
24261,36563,1.0,Veja o cartum de Rafa Campos da edição deste domingo,"Veja o cartum da série ""Ogro"" na edição deste domingo",2015-04-26,2015-06-28,ilustrissima,ilustrissima
24261,68170,1.0,Veja o cartum de Rafa Campos da edição deste domingo,Veja o cartum de Rafa Campos da edição deste domingo,2015-04-26,2015-12-04,ilustrissima,ilustrissima
24261,68757,1.0,Veja o cartum de Rafa Campos da edição deste domingo,Veja o cartum de Rafa Campos na edição deste domingo,2015-04-26,2015-12-07,ilustrissima,ilustrissima
24523,42200,0.8515625,Confira a agenda desta semana,Confira a agenda desta semana,2015-04-27,2015-07-27,poder,poder
24531,31336,0.9375,Veja escova de dentes com visor e outras bugigangas tecnológicas,Confira a espada 'Minecraft' e outras bugigangas tecnológicas,2015-04-27,2015-06-01,tec,tec
24531,32564,1.0,Veja escova de dentes com visor e outras bugigangas tecnológicas,Confira o suporte para celular na bike e outras compras tecnológicas,2015-04-27,2015-06-07,tec,tec
24531,34003,1.0,Veja escova de dentes com visor e outras bugigangas tecnológicas,Veja USB que vira lanterna e outras bugigangas tecnológicas,2015-04-27,2015-06-15,tec,tec
24531,35417,0.984375,Veja escova de dentes com visor e outras bugigangas tecnológicas,Veja casaco de moletom para os fãs de wi-fi e outras compras tecnológicas,2015-04-27,2015-06-22,tec,tec
24531,36823,1.0,Veja escova de dentes com visor e outras bugigangas tecnológicas,Confira o alto-falante canino e outras compras tecnológicas,2015-04-27,2015-06-29,tec,tec
24531,37886,0.953125,Veja escova de dentes com visor e outras bugigangas tecnológicas,Confira celular de baixo custo da Sony e outras bugigangas tecnológicas,2015-04-27,2015-07-04,tec,tec
24531,38842,1.0,Veja escova de dentes com visor e outras bugigangas tecnológicas,Confira o esterilizador de celular e outras compras tecnológicas,2015-04-27,2015-07-09,tec,tec
24531,40954,1.0,Veja escova de dentes com visor e outras bugigangas tecnológicas,Confira o comunicador de 'Jornada nas Estrelas' e outras compras tecnológicas,2015-04-27,2015-07-20,tec,tec
24531,42225,1.0,Veja escova de dentes com visor e outras bugigangas tecnológicas,Confira o novo celular Alcatel e outras compras tecnológicas,2015-04-27,2015-07-27,tec,tec
24531,44209,0.953125,Veja escova de dentes com visor e outras bugigangas tecnológicas,Veja o alto-falante com 20 horas de bateria e outras compras tecnológicas,2015-04-27,2015-08-06,tec,tec
24531,47657,1.0,Veja escova de dentes com visor e outras bugigangas tecnológicas,Confira o roteador 'drone' e outras compras tecnológicas,2015-04-27,2015-08-24,tec,tec
24531,49105,1.0,Veja escova de dentes com visor e outras bugigangas tecnológicas,Confira o smartphone com Linux e outras compras tecnológicas,2015-04-27,2015-08-31,tec,tec
24531,54735,0.984375,Veja escova de dentes com visor e outras bugigangas tecnológicas,Confira a câmera disfarçada de fonte e outras compras tecnológicas,2015-04-27,2015-09-28,tec,tec
24531,55556,0.9375,Veja escova de dentes com visor e outras bugigangas tecnológicas,Confira o 'capacete Metroid' e outras bugigangas tecnológicas,2015-04-27,2015-10-02,tec,tec
24531,55807,0.9375,Veja escova de dentes com visor e outras bugigangas tecnológicas,Confira o kit de decoração de unhas tetris e outras bugigangas tecnológicas,2015-04-27,2015-10-03,tec,tec
24531,56751,1.0,Veja escova de dentes com visor e outras bugigangas tecnológicas,Confira a lente 'profissional' para smartphone e outras compras,2015-04-27,2015-10-08,tec,tec
24531,68450,0.953125,Veja escova de dentes com visor e outras bugigangas tecnológicas,Confira o tablet projetor e outras bugigangas tecnológicas,2015-04-27,2015-12-05,tec,tec
24672,93268,1.0,Celulose avança com floresta mecanizada,Indústria da celulose avança com floresta mecanizada,2015-04-28,2016-04-28,mercado,mercado
24873,42498,0.984375,Entenda como a taxa básica de juros influencia a economia brasileira,Selic: entenda como a taxa básica de juros influencia a economia brasileira,2015-04-29,2015-07-29,mercado,mercado
24873,59198,0.984375,Entenda como a taxa básica de juros influencia a economia brasileira,Selic: entenda como a taxa básica de juros influencia a economia brasileira,2015-04-29,2015-10-21,mercado,mercado
24873,66195,0.984375,Entenda como a taxa básica de juros influencia a economia brasileira,Selic: entenda como a taxa básica de juros influencia a economia brasileira,2015-04-29,2015-11-25,mercado,mercado
25208,37081,0.984375,Mega-Sena pode pagar prêmio de R$ 5 milhões na quarta,Mega-Sena pode pagar prêmio de R$ 5 milhões nesta quarta,2015-05-01,2015-07-01,cotidiano,cotidiano
25241,31193,0.96875,Candidatos respondem a 16 questões dissertativas da Fuvest nesta segunda,Estudantes entram no terceiro dia de prova da 2ª fase da Fuvest,2015-05-01,2015-06-01,educacao,educacao
25483,31427,0.8671875,Lista de 2ª chamada da Fuvest sai nesta sexta com 2.350 selecionados,Fuvest divulga 2ª chamada com 2.353 estudantes selecionados; veja,2015-05-02,2015-06-02,educacao,educacao
25917,55821,1.0,Reintegração da área do parque Augusta é concluída; veja imagens,"Sob holofotes e pressão, mulher de TI não pode ter medo, diz programadora",2015-05-03,2015-10-03,tv,tv
26078,32061,1.0,Folha faz debate sobre eficácia das dietas alimentares,Folha faz debate sobre eficácia das dietas alimentares,2015-05-05,2015-06-05,cotidiano,cotidiano
26279,55848,0.859375,Aviso,Aviso,2015-05-06,2015-10-04,colunas,colunas
26490,32464,0.953125,Folha promove em São Paulo bate-papo com autores da Flip,"Depois da Flip, Folha promove em São Paulo conversas com autores",2015-05-07,2015-06-07,ilustrada,ilustrada
26506,45951,1.0,Veja o cartum de Bruno Maron na edição deste domingo,Veja cartum de Bruno Maron na edição deste domingo,2015-05-07,2015-08-16,ilustrissima,ilustrissima
26506,81351,1.0,Veja o cartum de Bruno Maron na edição deste domingo,Veja o cartum de Bruno Maron na edição deste domingo,2015-05-07,2016-02-21,ilustrissima,ilustrissima
26614,35639,1.0,Aviso,Aviso,2015-05-08,2015-06-24,colunas,colunas
26614,41161,1.0,Aviso,Aviso,2015-05-08,2015-07-22,colunas,colunas
26614,96476,1.0,Aviso,Aviso,2015-05-08,2016-05-18,colunas,colunas
26614,124688,1.0,Aviso,Aviso,2015-05-08,2016-11-05,colunas,colunas
26614,158107,1.0,Aviso,Aviso,2015-05-08,2017-07-25,colunas,colunas
26614,166842,1.0,Aviso,Aviso,2015-05-08,2017-09-30,colunas,colunas
26790,32748,1.0,SPh: Novos nomes da MPB revisitam clássicos a partir desta quinta,SPh: Sexta tem intervenção artística na Paulista e Glória Menezes no teatro,2015-05-08,2015-06-08,saopaulo,saopaulo
26904,32852,0.96875,"'Não imaginei ver tantos leitores no Brasil', diz David Nicholls na Bienal","'Não imaginei ver tantos leitores no Brasil', diz David Nicholls na Bienal",2015-05-09,2015-06-09,ilustrada,ilustrada
26948,148626,1.0,Delator diz que gravou escondido conversa com procurador,Delator diz que gravou escondido conversa com procurador,2015-05-09,2017-05-09,poder,poder
27043,39286,0.8515625,"Carteira do líder do simulador de ações registra valorização de 407,1%","Ganho da carteira do líder do simulador de ações recua para 418,9%",2015-05-10,2015-07-12,mercado,mercado
27043,67227,0.8828125,"Carteira do líder do simulador de ações registra valorização de 407,1%","Líder do simulador do mercado de ações tem ganho de 452,2% na carteira",2015-05-10,2015-11-30,mercado,mercado
27043,69261,0.890625,"Carteira do líder do simulador de ações registra valorização de 407,1%","Participante obtém ganho de 489,7% em sua carteira de ações no simulador",2015-05-10,2015-12-10,mercado,mercado
27130,34003,0.984375,Confira o transmissor FM para carros e outras compras tecnológicas,Veja USB que vira lanterna e outras bugigangas tecnológicas,2015-05-10,2015-06-15,tec,tec
27130,35417,0.96875,Confira o transmissor FM para carros e outras compras tecnológicas,Veja casaco de moletom para os fãs de wi-fi e outras compras tecnológicas,2015-05-10,2015-06-22,tec,tec
27130,36823,0.984375,Confira o transmissor FM para carros e outras compras tecnológicas,Confira o alto-falante canino e outras compras tecnológicas,2015-05-10,2015-06-29,tec,tec
27130,37886,0.9375,Confira o transmissor FM para carros e outras compras tecnológicas,Confira celular de baixo custo da Sony e outras bugigangas tecnológicas,2015-05-10,2015-07-04,tec,tec
27130,38842,0.984375,Confira o transmissor FM para carros e outras compras tecnológicas,Confira o esterilizador de celular e outras compras tecnológicas,2015-05-10,2015-07-09,tec,tec
27130,40954,0.984375,Confira o transmissor FM para carros e outras compras tecnológicas,Confira o comunicador de 'Jornada nas Estrelas' e outras compras tecnológicas,2015-05-10,2015-07-20,tec,tec
27130,42225,0.984375,Confira o transmissor FM para carros e outras compras tecnológicas,Confira o novo celular Alcatel e outras compras tecnológicas,2015-05-10,2015-07-27,tec,tec
27130,44209,0.9375,Confira o transmissor FM para carros e outras compras tecnológicas,Veja o alto-falante com 20 horas de bateria e outras compras tecnológicas,2015-05-10,2015-08-06,tec,tec
27130,47657,0.984375,Confira o transmissor FM para carros e outras compras tecnológicas,Confira o roteador 'drone' e outras compras tecnológicas,2015-05-10,2015-08-24,tec,tec
27130,49105,0.984375,Confira o transmissor FM para carros e outras compras tecnológicas,Confira o smartphone com Linux e outras compras tecnológicas,2015-05-10,2015-08-31,tec,tec
27130,54735,1.0,Confira o transmissor FM para carros e outras compras tecnológicas,Confira a câmera disfarçada de fonte e outras compras tecnológicas,2015-05-10,2015-09-28,tec,tec
27130,55556,0.921875,Confira o transmissor FM para carros e outras compras tecnológicas,Confira o 'capacete Metroid' e outras bugigangas tecnológicas,2015-05-10,2015-10-02,tec,tec
27130,55807,0.921875,Confira o transmissor FM para carros e outras compras tecnológicas,Confira o kit de decoração de unhas tetris e outras bugigangas tecnológicas,2015-05-10,2015-10-03,tec,tec
27130,56751,0.984375,Confira o transmissor FM para carros e outras compras tecnológicas,Confira a lente 'profissional' para smartphone e outras compras,2015-05-10,2015-10-08,tec,tec
27130,68450,0.9375,Confira o transmissor FM para carros e outras compras tecnológicas,Confira o tablet projetor e outras bugigangas tecnológicas,2015-05-10,2015-12-05,tec,tec
27355,39061,0.9609375,Aviso,Aviso,2015-05-12,2015-07-11,colunas,colunas
27355,50223,0.9609375,Aviso,Aviso de férias,2015-05-12,2015-09-06,colunas,colunas
27355,51994,0.859375,Aviso,Aviso,2015-05-12,2015-09-15,colunas,colunas
27355,54332,1.0,Aviso,Aviso,2015-05-12,2015-09-27,colunas,colunas
27355,54967,1.0,Aviso,Aviso,2015-05-12,2015-09-30,colunas,colunas
27355,56447,0.9609375,Aviso,Aviso,2015-05-12,2015-10-07,colunas,colunas
27355,63160,0.9609375,Aviso,Aviso,2015-05-12,2015-11-10,colunas,colunas
27355,69200,0.9609375,Aviso,Aviso,2015-05-12,2015-12-10,colunas,colunas
27355,70745,1.0,Aviso,Aviso,2015-05-12,2015-12-18,colunas,colunas
27355,72613,0.9609375,Aviso,Aviso,2015-05-12,2015-12-31,colunas,colunas
27355,72741,0.859375,Aviso,Aviso,2015-05-12,2016-01-01,colunas,colunas
27355,75798,0.859375,Aviso,Aviso,2015-05-12,2016-01-19,colunas,colunas
27355,77981,0.8828125,Aviso,Aviso,2015-05-12,2016-02-01,colunas,colunas
27355,93729,0.859375,Aviso,Aviso,2015-05-12,2016-05-01,colunas,colunas
27355,107483,1.0,Aviso,Aviso,2015-05-12,2016-07-23,colunas,colunas
27355,114436,0.8828125,Aviso,Aviso,2015-05-12,2016-09-01,colunas,colunas
27355,116281,0.8828125,Aviso,Aviso,2015-05-12,2016-09-13,colunas,colunas
27355,117588,0.9609375,Aviso,Aviso,2015-05-12,2016-09-21,colunas,colunas
27355,121712,0.9609375,Aviso,AVISO,2015-05-12,2016-10-18,colunas,colunas
27355,128648,0.859375,Aviso,Aviso,2015-05-12,2016-12-01,colunas,colunas
27355,136632,1.0,Aviso,Aviso,2015-05-12,2017-02-01,colunas,colunas
27355,138513,0.859375,Aviso,Aviso,2015-05-12,2017-02-17,colunas,colunas
27355,139896,0.859375,Aviso,Aviso,2015-05-12,2017-02-28,colunas,colunas
27355,147463,0.8828125,Aviso,Aviso,2015-05-12,2017-05-01,colunas,colunas
27355,148281,0.8828125,Aviso,Aviso,2015-05-12,2017-05-07,colunas,colunas
27355,155215,0.859375,Aviso,Aviso,2015-05-12,2017-06-30,colunas,colunas
27355,155558,0.859375,Aviso,Aviso,2015-05-12,2017-07-03,colunas,colunas
27355,156146,0.859375,Aviso,Aviso,2015-05-12,2017-07-07,colunas,colunas
27355,156779,0.859375,Aviso,Aviso,2015-05-12,2017-07-14,colunas,colunas
27355,157095,0.9609375,Aviso,Aviso de férias,2015-05-12,2017-07-17,colunas,colunas
27355,157634,0.859375,Aviso,Aviso de férias,2015-05-12,2017-07-21,colunas,colunas
27355,157638,0.859375,Aviso,Aviso,2015-05-12,2017-07-21,colunas,colunas
27355,157840,0.9609375,Aviso,Aviso de férias,2015-05-12,2017-07-23,colunas,colunas
27355,158955,0.9609375,Aviso,Aviso de férias,2015-05-12,2017-07-31,colunas,colunas
27355,163843,0.9609375,Aviso,Aviso de férias,2015-05-12,2017-09-07,colunas,colunas
27355,164893,0.9609375,Aviso,Aviso,2015-05-12,2017-09-17,colunas,colunas
27429,95536,0.9453125,Edição traz crítica mordaz do poeta português Antero de Quental,Edição traz crítica mordaz de Antero de Quental,2015-05-12,2016-05-12,ilustrada,ilustrada
28588,75757,0.9609375,Confira a agenda desta semana,Veja a agenda desta semana,2015-05-18,2016-01-18,poder,poder
28607,35417,0.9375,Confira adaptador bluetooth e outras bugigangas tecnológicas,Veja casaco de moletom para os fãs de wi-fi e outras compras tecnológicas,2015-05-18,2015-06-22,tec,tec
28607,36823,0.953125,Confira adaptador bluetooth e outras bugigangas tecnológicas,Confira o alto-falante canino e outras compras tecnológicas,2015-05-18,2015-06-29,tec,tec
28607,37886,1.0,Confira adaptador bluetooth e outras bugigangas tecnológicas,Confira celular de baixo custo da Sony e outras bugigangas tecnológicas,2015-05-18,2015-07-04,tec,tec
28607,38842,0.953125,Confira adaptador bluetooth e outras bugigangas tecnológicas,Confira o esterilizador de celular e outras compras tecnológicas,2015-05-18,2015-07-09,tec,tec
28607,40954,0.953125,Confira adaptador bluetooth e outras bugigangas tecnológicas,Confira o comunicador de 'Jornada nas Estrelas' e outras compras tecnológicas,2015-05-18,2015-07-20,tec,tec
28607,42225,0.953125,Confira adaptador bluetooth e outras bugigangas tecnológicas,Confira o novo celular Alcatel e outras compras tecnológicas,2015-05-18,2015-07-27,tec,tec
28607,44209,1.0,Confira adaptador bluetooth e outras bugigangas tecnológicas,Veja o alto-falante com 20 horas de bateria e outras compras tecnológicas,2015-05-18,2015-08-06,tec,tec
28607,47657,0.953125,Confira adaptador bluetooth e outras bugigangas tecnológicas,Confira o roteador 'drone' e outras compras tecnológicas,2015-05-18,2015-08-24,tec,tec
28607,49105,0.953125,Confira adaptador bluetooth e outras bugigangas tecnológicas,Confira o smartphone com Linux e outras compras tecnológicas,2015-05-18,2015-08-31,tec,tec
28607,54735,0.9375,Confira adaptador bluetooth e outras bugigangas tecnológicas,Confira a câmera disfarçada de fonte e outras compras tecnológicas,2015-05-18,2015-09-28,tec,tec
28607,55556,0.984375,Confira adaptador bluetooth e outras bugigangas tecnológicas,Confira o 'capacete Metroid' e outras bugigangas tecnológicas,2015-05-18,2015-10-02,tec,tec
28607,55807,0.984375,Confira adaptador bluetooth e outras bugigangas tecnológicas,Confira o kit de decoração de unhas tetris e outras bugigangas tecnológicas,2015-05-18,2015-10-03,tec,tec
28607,56751,0.953125,Confira adaptador bluetooth e outras bugigangas tecnológicas,Confira a lente 'profissional' para smartphone e outras compras,2015-05-18,2015-10-08,tec,tec
28607,68450,1.0,Confira adaptador bluetooth e outras bugigangas tecnológicas,Confira o tablet projetor e outras bugigangas tecnológicas,2015-05-18,2015-12-05,tec,tec
29665,38236,1.0,"Veja o cartum da série ""Ogro"" na edição deste domingo","Veja o cartum da série ""Ogro"" na edição deste domingo",2015-05-24,2015-07-06,ilustrissima,ilustrissima
29665,41959,1.0,"Veja o cartum da série ""Ogro"" na edição deste domingo","Veja o cartum da série ""Ogro"" na edição deste domingo",2015-05-24,2015-07-26,ilustrissima,ilustrissima
29665,56129,1.0,"Veja o cartum da série ""Ogro"" na edição deste domingo",Veja o cartum de Rafa Campos da edição deste domingo,2015-05-24,2015-10-05,ilustrissima,ilustrissima
29665,58637,1.0,"Veja o cartum da série ""Ogro"" na edição deste domingo","Veja o cartum da série ""Ogro"" de Rafa Campos",2015-05-24,2015-10-18,ilustrissima,ilustrissima
29665,64230,1.0,"Veja o cartum da série ""Ogro"" na edição deste domingo","Veja o cartum da série ""Ogro"", de Rafa Campos",2015-05-24,2015-11-15,ilustrissima,ilustrissima
29906,76900,1.0,Confira a agenda desta semana,Veja a agenda desta semana,2015-05-25,2016-01-25,poder,poder
29906,92755,0.984375,Confira a agenda desta semana,Confira a agenda desta semana,2015-05-25,2016-04-25,poder,poder
29918,36823,0.953125,Confira o recarregador USB solar e outras compras tecnológicas,Confira o alto-falante canino e outras compras tecnológicas,2015-05-25,2015-06-29,tec,tec
29918,37886,1.0,Confira o recarregador USB solar e outras compras tecnológicas,Confira celular de baixo custo da Sony e outras bugigangas tecnológicas,2015-05-25,2015-07-04,tec,tec
29918,38842,0.953125,Confira o recarregador USB solar e outras compras tecnológicas,Confira o esterilizador de celular e outras compras tecnológicas,2015-05-25,2015-07-09,tec,tec
29918,40954,0.953125,Confira o recarregador USB solar e outras compras tecnológicas,Confira o comunicador de 'Jornada nas Estrelas' e outras compras tecnológicas,2015-05-25,2015-07-20,tec,tec
29918,42225,0.953125,Confira o recarregador USB solar e outras compras tecnológicas,Confira o novo celular Alcatel e outras compras tecnológicas,2015-05-25,2015-07-27,tec,tec
29918,44209,1.0,Confira o recarregador USB solar e outras compras tecnológicas,Veja o alto-falante com 20 horas de bateria e outras compras tecnológicas,2015-05-25,2015-08-06,tec,tec
29918,47657,0.953125,Confira o recarregador USB solar e outras compras tecnológicas,Confira o roteador 'drone' e outras compras tecnológicas,2015-05-25,2015-08-24,tec,tec
29918,49105,0.953125,Confira o recarregador USB solar e outras compras tecnológicas,Confira o smartphone com Linux e outras compras tecnológicas,2015-05-25,2015-08-31,tec,tec
29918,54735,0.9375,Confira o recarregador USB solar e outras compras tecnológicas,Confira a câmera disfarçada de fonte e outras compras tecnológicas,2015-05-25,2015-09-28,tec,tec
29918,55556,0.984375,Confira o recarregador USB solar e outras compras tecnológicas,Confira o 'capacete Metroid' e outras bugigangas tecnológicas,2015-05-25,2015-10-02,tec,tec
29918,55807,0.984375,Confira o recarregador USB solar e outras compras tecnológicas,Confira o kit de decoração de unhas tetris e outras bugigangas tecnológicas,2015-05-25,2015-10-03,tec,tec
29918,56751,0.953125,Confira o recarregador USB solar e outras compras tecnológicas,Confira a lente 'profissional' para smartphone e outras compras,2015-05-25,2015-10-08,tec,tec
29918,68450,1.0,Confira o recarregador USB solar e outras compras tecnológicas,Confira o tablet projetor e outras bugigangas tecnológicas,2015-05-25,2015-12-05,tec,tec
29939,36848,1.0,Aviso,Aviso,2015-05-26,2015-06-30,colunas,colunas
29939,55324,1.0,Aviso,Aviso,2015-05-26,2015-10-02,colunas,colunas
29939,94708,1.0,Aviso,Aviso,2015-05-26,2016-05-07,colunas,colunas
29939,129731,1.0,Aviso,Aviso,2015-05-26,2016-12-07,colunas,colunas
30146,77101,1.0,Aviso,Aviso,2015-05-27,2016-01-27,colunas,colunas
30731,40985,1.0,AVISO,Aviso,2015-05-30,2015-07-21,colunas,colunas
30731,53337,1.0,AVISO,Aviso,2015-05-30,2015-09-22,colunas,colunas
31126,67349,1.0,Aviso,Aviso,2015-06-01,2015-12-01,colunas,colunas
31336,37886,0.984375,Confira a espada 'Minecraft' e outras bugigangas tecnológicas,Confira celular de baixo custo da Sony e outras bugigangas tecnológicas,2015-06-01,2015-07-04,tec,tec
31336,38842,0.9375,Confira a espada 'Minecraft' e outras bugigangas tecnológicas,Confira o esterilizador de celular e outras compras tecnológicas,2015-06-01,2015-07-09,tec,tec
31336,40954,0.9375,Confira a espada 'Minecraft' e outras bugigangas tecnológicas,Confira o comunicador de 'Jornada nas Estrelas' e outras compras tecnológicas,2015-06-01,2015-07-20,tec,tec
31336,42225,0.9375,Confira a espada 'Minecraft' e outras bugigangas tecnológicas,Confira o novo celular Alcatel e outras compras tecnológicas,2015-06-01,2015-07-27,tec,tec
31336,44209,0.984375,Confira a espada 'Minecraft' e outras bugigangas tecnológicas,Veja o alto-falante com 20 horas de bateria e outras compras tecnológicas,2015-06-01,2015-08-06,tec,tec
31336,47657,0.9375,Confira a espada 'Minecraft' e outras bugigangas tecnológicas,Confira o roteador 'drone' e outras compras tecnológicas,2015-06-01,2015-08-24,tec,tec
31336,49105,0.9375,Confira a espada 'Minecraft' e outras bugigangas tecnológicas,Confira o smartphone com Linux e outras compras tecnológicas,2015-06-01,2015-08-31,tec,tec
31336,54735,0.921875,Confira a espada 'Minecraft' e outras bugigangas tecnológicas,Confira a câmera disfarçada de fonte e outras compras tecnológicas,2015-06-01,2015-09-28,tec,tec
31336,55556,1.0,Confira a espada 'Minecraft' e outras bugigangas tecnológicas,Confira o 'capacete Metroid' e outras bugigangas tecnológicas,2015-06-01,2015-10-02,tec,tec
31336,55807,1.0,Confira a espada 'Minecraft' e outras bugigangas tecnológicas,Confira o kit de decoração de unhas tetris e outras bugigangas tecnológicas,2015-06-01,2015-10-03,tec,tec
31336,56751,0.9375,Confira a espada 'Minecraft' e outras bugigangas tecnológicas,Confira a lente 'profissional' para smartphone e outras compras,2015-06-01,2015-10-08,tec,tec
31336,68450,0.984375,Confira a espada 'Minecraft' e outras bugigangas tecnológicas,Confira o tablet projetor e outras bugigangas tecnológicas,2015-06-01,2015-12-05,tec,tec
32512,44301,0.953125,Receita libera consulta ao 2º lote de restituições do IR na quarta,Receita libera consulta ao 2º lote de restituições do IR nesta quarta,2015-06-07,2015-08-07,mercado,mercado
32564,38842,1.0,Confira o suporte para celular na bike e outras compras tecnológicas,Confira o esterilizador de celular e outras compras tecnológicas,2015-06-07,2015-07-09,tec,tec
32564,40954,1.0,Confira o suporte para celular na bike e outras compras tecnológicas,Confira o comunicador de 'Jornada nas Estrelas' e outras compras tecnológicas,2015-06-07,2015-07-20,tec,tec
32564,42225,1.0,Confira o suporte para celular na bike e outras compras tecnológicas,Confira o novo celular Alcatel e outras compras tecnológicas,2015-06-07,2015-07-27,tec,tec
32564,44209,0.953125,Confira o suporte para celular na bike e outras compras tecnológicas,Veja o alto-falante com 20 horas de bateria e outras compras tecnológicas,2015-06-07,2015-08-06,tec,tec
32564,47657,1.0,Confira o suporte para celular na bike e outras compras tecnológicas,Confira o roteador 'drone' e outras compras tecnológicas,2015-06-07,2015-08-24,tec,tec
32564,49105,1.0,Confira o suporte para celular na bike e outras compras tecnológicas,Confira o smartphone com Linux e outras compras tecnológicas,2015-06-07,2015-08-31,tec,tec
32564,54735,0.984375,Confira o suporte para celular na bike e outras compras tecnológicas,Confira a câmera disfarçada de fonte e outras compras tecnológicas,2015-06-07,2015-09-28,tec,tec
32564,55556,0.9375,Confira o suporte para celular na bike e outras compras tecnológicas,Confira o 'capacete Metroid' e outras bugigangas tecnológicas,2015-06-07,2015-10-02,tec,tec
32564,55807,0.9375,Confira o suporte para celular na bike e outras compras tecnológicas,Confira o kit de decoração de unhas tetris e outras bugigangas tecnológicas,2015-06-07,2015-10-03,tec,tec
32564,56751,1.0,Confira o suporte para celular na bike e outras compras tecnológicas,Confira a lente 'profissional' para smartphone e outras compras,2015-06-07,2015-10-08,tec,tec
32564,68450,0.953125,Confira o suporte para celular na bike e outras compras tecnológicas,Confira o tablet projetor e outras bugigangas tecnológicas,2015-06-07,2015-12-05,tec,tec
32676,56672,0.921875,Receita libera consulta ao 3º lote de restituições do IR na segunda,Receita libera consulta ao 3º lote de restituições do IR nesta segunda,2015-06-08,2015-10-08,mercado,mercado
33988,80293,0.984375,Confira a agenda desta semana,Confira a agenda da semana,2015-06-15,2016-02-15,poder,poder
34002,101212,0.9921875,"Judicialização da saúde é produto de um sistema mal gerido, diz advogada","Judicialização da saúde é produto de um sistema mal gerido, diz advogada",2015-06-15,2016-06-15,seminariosfolha,seminariosfolha
34003,40954,1.0,Veja USB que vira lanterna e outras bugigangas tecnológicas,Confira o comunicador de 'Jornada nas Estrelas' e outras compras tecnológicas,2015-06-15,2015-07-20,tec,tec
34003,42225,1.0,Veja USB que vira lanterna e outras bugigangas tecnológicas,Confira o novo celular Alcatel e outras compras tecnológicas,2015-06-15,2015-07-27,tec,tec
34003,44209,0.953125,Veja USB que vira lanterna e outras bugigangas tecnológicas,Veja o alto-falante com 20 horas de bateria e outras compras tecnológicas,2015-06-15,2015-08-06,tec,tec
34003,47657,1.0,Veja USB que vira lanterna e outras bugigangas tecnológicas,Confira o roteador 'drone' e outras compras tecnológicas,2015-06-15,2015-08-24,tec,tec
34003,49105,1.0,Veja USB que vira lanterna e outras bugigangas tecnológicas,Confira o smartphone com Linux e outras compras tecnológicas,2015-06-15,2015-08-31,tec,tec
34003,54735,0.984375,Veja USB que vira lanterna e outras bugigangas tecnológicas,Confira a câmera disfarçada de fonte e outras compras tecnológicas,2015-06-15,2015-09-28,tec,tec
34003,55556,0.9375,Veja USB que vira lanterna e outras bugigangas tecnológicas,Confira o 'capacete Metroid' e outras bugigangas tecnológicas,2015-06-15,2015-10-02,tec,tec
34003,55807,0.9375,Veja USB que vira lanterna e outras bugigangas tecnológicas,Confira o kit de decoração de unhas tetris e outras bugigangas tecnológicas,2015-06-15,2015-10-03,tec,tec
34003,56751,1.0,Veja USB que vira lanterna e outras bugigangas tecnológicas,Confira a lente 'profissional' para smartphone e outras compras,2015-06-15,2015-10-08,tec,tec
34003,68450,0.953125,Veja USB que vira lanterna e outras bugigangas tecnológicas,Confira o tablet projetor e outras bugigangas tecnológicas,2015-06-15,2015-12-05,tec,tec
34426,40985,1.0,Aviso,Aviso,2015-06-18,2015-07-21,colunas,colunas
34426,53337,1.0,Aviso,Aviso,2015-06-18,2015-09-22,colunas,colunas
35135,45025,1.0,"Veja ""O Pintinho"" no cartum deste domingo",O abaixo-assinado do pintinho no cartum desta semana,2015-06-21,2015-08-11,ilustrissima,ilustrissima
35135,48784,1.0,"Veja ""O Pintinho"" no cartum deste domingo","Veja ""O Pintinho"" na edição deste domingo",2015-06-21,2015-08-30,ilustrissima,ilustrissima
35135,54444,1.0,"Veja ""O Pintinho"" no cartum deste domingo","Veja ""O Pintinho"" na edição deste domingo",2015-06-21,2015-09-27,ilustrissima,ilustrissima
35135,68758,0.8515625,"Veja ""O Pintinho"" no cartum deste domingo","Veja ""O Pintinho"" na edição deste domingo",2015-06-21,2015-12-07,ilustrissima,ilustrissima
35391,81552,1.0,Confira a agenda desta semana,Confira a agenda desta semana,2015-06-22,2016-02-22,poder,poder
35417,42225,0.984375,Veja casaco de moletom para os fãs de wi-fi e outras compras tecnológicas,Confira o novo celular Alcatel e outras compras tecnológicas,2015-06-22,2015-07-27,tec,tec
35417,44209,0.9375,Veja casaco de moletom para os fãs de wi-fi e outras compras tecnológicas,Veja o alto-falante com 20 horas de bateria e outras compras tecnológicas,2015-06-22,2015-08-06,tec,tec
35417,47657,0.984375,Veja casaco de moletom para os fãs de wi-fi e outras compras tecnológicas,Confira o roteador 'drone' e outras compras tecnológicas,2015-06-22,2015-08-24,tec,tec
35417,49105,0.984375,Veja casaco de moletom para os fãs de wi-fi e outras compras tecnológicas,Confira o smartphone com Linux e outras compras tecnológicas,2015-06-22,2015-08-31,tec,tec
35417,54735,0.96875,Veja casaco de moletom para os fãs de wi-fi e outras compras tecnológicas,Confira a câmera disfarçada de fonte e outras compras tecnológicas,2015-06-22,2015-09-28,tec,tec
35417,55556,0.953125,Veja casaco de moletom para os fãs de wi-fi e outras compras tecnológicas,Confira o 'capacete Metroid' e outras bugigangas tecnológicas,2015-06-22,2015-10-02,tec,tec
35417,55807,0.953125,Veja casaco de moletom para os fãs de wi-fi e outras compras tecnológicas,Confira o kit de decoração de unhas tetris e outras bugigangas tecnológicas,2015-06-22,2015-10-03,tec,tec
35417,56751,0.984375,Veja casaco de moletom para os fãs de wi-fi e outras compras tecnológicas,Confira a lente 'profissional' para smartphone e outras compras,2015-06-22,2015-10-08,tec,tec
35417,68450,0.9375,Veja casaco de moletom para os fãs de wi-fi e outras compras tecnológicas,Confira o tablet projetor e outras bugigangas tecnológicas,2015-06-22,2015-12-05,tec,tec
35444,53337,1.0,Aviso,Aviso,2015-06-23,2015-09-22,colunas,colunas
35639,96476,1.0,Aviso,Aviso,2015-06-24,2016-05-18,colunas,colunas
35639,124688,1.0,Aviso,Aviso,2015-06-24,2016-11-05,colunas,colunas
35639,158107,1.0,Aviso,Aviso,2015-06-24,2017-07-25,colunas,colunas
35639,166842,1.0,Aviso,Aviso,2015-06-24,2017-09-30,colunas,colunas
36563,68170,1.0,"Veja o cartum da série ""Ogro"" na edição deste domingo",Veja o cartum de Rafa Campos da edição deste domingo,2015-06-28,2015-12-04,ilustrissima,ilustrissima
36563,68757,1.0,"Veja o cartum da série ""Ogro"" na edição deste domingo",Veja o cartum de Rafa Campos na edição deste domingo,2015-06-28,2015-12-07,ilustrissima,ilustrissima
36823,44209,0.953125,Confira o alto-falante canino e outras compras tecnológicas,Veja o alto-falante com 20 horas de bateria e outras compras tecnológicas,2015-06-29,2015-08-06,tec,tec
36823,47657,1.0,Confira o alto-falante canino e outras compras tecnológicas,Confira o roteador 'drone' e outras compras tecnológicas,2015-06-29,2015-08-24,tec,tec
36823,49105,1.0,Confira o alto-falante canino e outras compras tecnológicas,Confira o smartphone com Linux e outras compras tecnológicas,2015-06-29,2015-08-31,tec,tec
36823,54735,0.984375,Confira o alto-falante canino e outras compras tecnológicas,Confira a câmera disfarçada de fonte e outras compras tecnológicas,2015-06-29,2015-09-28,tec,tec
36823,55556,0.9375,Confira o alto-falante canino e outras compras tecnológicas,Confira o 'capacete Metroid' e outras bugigangas tecnológicas,2015-06-29,2015-10-02,tec,tec
36823,55807,0.9375,Confira o alto-falante canino e outras compras tecnológicas,Confira o kit de decoração de unhas tetris e outras bugigangas tecnológicas,2015-06-29,2015-10-03,tec,tec
36823,56751,1.0,Confira o alto-falante canino e outras compras tecnológicas,Confira a lente 'profissional' para smartphone e outras compras,2015-06-29,2015-10-08,tec,tec
36823,68450,0.953125,Confira o alto-falante canino e outras compras tecnológicas,Confira o tablet projetor e outras bugigangas tecnológicas,2015-06-29,2015-12-05,tec,tec
36848,55324,1.0,Aviso,Aviso,2015-06-30,2015-10-02,colunas,colunas
36848,94708,1.0,Aviso,Aviso,2015-06-30,2016-05-07,colunas,colunas
36848,129731,1.0,Aviso,Aviso,2015-06-30,2016-12-07,colunas,colunas
37604,62131,1.0,Confira os livros de negócios e economia mais vendidos entre 23 de fevereiro e 1º de março,Guia de finanças para casais volta a lista de livros mais vendidos na semana,2015-07-03,2015-11-04,mercado,mercado
37741,43720,0.9765625,"De volta dos EUA, ex-barbeiro diz em escolas: 'Estudar fora não é só pra rico'","De volta dos EUA, ex-barbeiro diz em escolas: 'Estudar fora não é só pra rico'",2015-07-04,2015-08-04,empreendedorsocial,empreendedorsocial
37745,104427,0.984375,Cirurgia rara expande tórax de menina em hospital de São Paulo,Cirurgia rara expande tórax de menina em hospital de SP,2015-07-04,2016-07-04,equilibrioesaude,equilibrioesaude
37886,44209,1.0,Confira celular de baixo custo da Sony e outras bugigangas tecnológicas,Veja o alto-falante com 20 horas de bateria e outras compras tecnológicas,2015-07-04,2015-08-06,tec,tec
37886,47657,0.953125,Confira celular de baixo custo da Sony e outras bugigangas tecnológicas,Confira o roteador 'drone' e outras compras tecnológicas,2015-07-04,2015-08-24,tec,tec
37886,49105,0.953125,Confira celular de baixo custo da Sony e outras bugigangas tecnológicas,Confira o smartphone com Linux e outras compras tecnológicas,2015-07-04,2015-08-31,tec,tec
37886,54735,0.9375,Confira celular de baixo custo da Sony e outras bugigangas tecnológicas,Confira a câmera disfarçada de fonte e outras compras tecnológicas,2015-07-04,2015-09-28,tec,tec
37886,55556,0.984375,Confira celular de baixo custo da Sony e outras bugigangas tecnológicas,Confira o 'capacete Metroid' e outras bugigangas tecnológicas,2015-07-04,2015-10-02,tec,tec
37886,55807,0.984375,Confira celular de baixo custo da Sony e outras bugigangas tecnológicas,Confira o kit de decoração de unhas tetris e outras bugigangas tecnológicas,2015-07-04,2015-10-03,tec,tec
37886,56751,0.953125,Confira celular de baixo custo da Sony e outras bugigangas tecnológicas,Confira a lente 'profissional' para smartphone e outras compras,2015-07-04,2015-10-08,tec,tec
37886,68450,1.0,Confira celular de baixo custo da Sony e outras bugigangas tecnológicas,Confira o tablet projetor e outras bugigangas tecnológicas,2015-07-04,2015-12-05,tec,tec
38236,56129,1.0,"Veja o cartum da série ""Ogro"" na edição deste domingo",Veja o cartum de Rafa Campos da edição deste domingo,2015-07-06,2015-10-05,ilustrissima,ilustrissima
38236,58637,1.0,"Veja o cartum da série ""Ogro"" na edição deste domingo","Veja o cartum da série ""Ogro"" de Rafa Campos",2015-07-06,2015-10-18,ilustrissima,ilustrissima
38236,64230,1.0,"Veja o cartum da série ""Ogro"" na edição deste domingo","Veja o cartum da série ""Ogro"", de Rafa Campos",2015-07-06,2015-11-15,ilustrissima,ilustrissima
38628,44499,0.9765625,"Hackers derrubam sites, sequestram dados e pedem bitcoins como resgate",Hackers exigem bitcoins em resgates,2015-07-08,2015-08-08,mercado,mercado
38777,56868,0.890625,Dólar alto acirra disputa entre corretoras de câmbio,Quem precisa comprar dólar deve pesquisar preços em corretoras,2015-07-09,2015-10-09,mercado,mercado
38842,47657,1.0,Confira o esterilizador de celular e outras compras tecnológicas,Confira o roteador 'drone' e outras compras tecnológicas,2015-07-09,2015-08-24,tec,tec
38842,49105,1.0,Confira o esterilizador de celular e outras compras tecnológicas,Confira o smartphone com Linux e outras compras tecnológicas,2015-07-09,2015-08-31,tec,tec
38842,54735,0.984375,Confira o esterilizador de celular e outras compras tecnológicas,Confira a câmera disfarçada de fonte e outras compras tecnológicas,2015-07-09,2015-09-28,tec,tec
38842,55556,0.9375,Confira o esterilizador de celular e outras compras tecnológicas,Confira o 'capacete Metroid' e outras bugigangas tecnológicas,2015-07-09,2015-10-02,tec,tec
38842,55807,0.9375,Confira o esterilizador de celular e outras compras tecnológicas,Confira o kit de decoração de unhas tetris e outras bugigangas tecnológicas,2015-07-09,2015-10-03,tec,tec
38842,56751,1.0,Confira o esterilizador de celular e outras compras tecnológicas,Confira a lente 'profissional' para smartphone e outras compras,2015-07-09,2015-10-08,tec,tec
38842,68450,0.953125,Confira o esterilizador de celular e outras compras tecnológicas,Confira o tablet projetor e outras bugigangas tecnológicas,2015-07-09,2015-12-05,tec,tec
38883,51031,0.9453125,República do Líbano e Indianópolis têm velocidade reduzida para 50 km/h,Av. Brigadeiro Faria Lima e outras oito vias têm velocidade reduzida em SP,2015-07-10,2015-09-10,cotidiano,cotidiano
39061,50223,1.0,Aviso,Aviso de férias,2015-07-11,2015-09-06,colunas,colunas
39061,51994,0.8984375,Aviso,Aviso,2015-07-11,2015-09-15,colunas,colunas
39061,54332,0.9609375,Aviso,Aviso,2015-07-11,2015-09-27,colunas,colunas
39061,54967,0.9609375,Aviso,Aviso,2015-07-11,2015-09-30,colunas,colunas
39061,56447,1.0,Aviso,Aviso,2015-07-11,2015-10-07,colunas,colunas
39061,63160,1.0,Aviso,Aviso,2015-07-11,2015-11-10,colunas,colunas
39061,69200,1.0,Aviso,Aviso,2015-07-11,2015-12-10,colunas,colunas
39061,70745,0.9609375,Aviso,Aviso,2015-07-11,2015-12-18,colunas,colunas
39061,72613,1.0,Aviso,Aviso,2015-07-11,2015-12-31,colunas,colunas
39061,72741,0.8984375,Aviso,Aviso,2015-07-11,2016-01-01,colunas,colunas
39061,75798,0.8984375,Aviso,Aviso,2015-07-11,2016-01-19,colunas,colunas
39061,77981,0.859375,Aviso,Aviso,2015-07-11,2016-02-01,colunas,colunas
39061,93729,0.8984375,Aviso,Aviso,2015-07-11,2016-05-01,colunas,colunas
39061,107483,0.9609375,Aviso,Aviso,2015-07-11,2016-07-23,colunas,colunas
39061,114436,0.859375,Aviso,Aviso,2015-07-11,2016-09-01,colunas,colunas
39061,116281,0.859375,Aviso,Aviso,2015-07-11,2016-09-13,colunas,colunas
39061,117588,1.0,Aviso,Aviso,2015-07-11,2016-09-21,colunas,colunas
39061,121712,1.0,Aviso,AVISO,2015-07-11,2016-10-18,colunas,colunas
39061,128648,0.8984375,Aviso,Aviso,2015-07-11,2016-12-01,colunas,colunas
39061,136632,0.9609375,Aviso,Aviso,2015-07-11,2017-02-01,colunas,colunas
39061,138513,0.8984375,Aviso,Aviso,2015-07-11,2017-02-17,colunas,colunas
39061,139896,0.8984375,Aviso,Aviso,2015-07-11,2017-02-28,colunas,colunas
39061,147463,0.859375,Aviso,Aviso,2015-07-11,2017-05-01,colunas,colunas
39061,148281,0.859375,Aviso,Aviso,2015-07-11,2017-05-07,colunas,colunas
39061,155215,0.8984375,Aviso,Aviso,2015-07-11,2017-06-30,colunas,colunas
39061,155558,0.8984375,Aviso,Aviso,2015-07-11,2017-07-03,colunas,colunas
39061,156146,0.8984375,Aviso,Aviso,2015-07-11,2017-07-07,colunas,colunas
39061,156779,0.8984375,Aviso,Aviso,2015-07-11,2017-07-14,colunas,colunas
39061,157095,1.0,Aviso,Aviso de férias,2015-07-11,2017-07-17,colunas,colunas
39061,157634,0.8984375,Aviso,Aviso de férias,2015-07-11,2017-07-21,colunas,colunas
39061,157638,0.8984375,Aviso,Aviso,2015-07-11,2017-07-21,colunas,colunas
39061,157840,1.0,Aviso,Aviso de férias,2015-07-11,2017-07-23,colunas,colunas
39061,158955,1.0,Aviso,Aviso de férias,2015-07-11,2017-07-31,colunas,colunas
39061,163843,1.0,Aviso,Aviso de férias,2015-07-11,2017-09-07,colunas,colunas
39061,164893,1.0,Aviso,Aviso,2015-07-11,2017-09-17,colunas,colunas
39147,51277,1.0,Empresas de mídia jornalística discutem em São Paulo futuro do setor,Mídia jornalística discute seu futuro em conferência realizada em SP,2015-07-11,2015-09-11,mercado,mercado
39286,51271,0.8828125,"Ganho da carteira do líder do simulador de ações recua para 418,9%","Participante obtém ganho de 479,8% em sua carteira de ações no simulador",2015-07-12,2015-09-11,mercado,mercado
39286,53204,0.8515625,"Ganho da carteira do líder do simulador de ações recua para 418,9%","Carteira do líder do simulador de ações alcança valorização de 410,4%",2015-07-12,2015-09-21,mercado,mercado
39286,54640,0.859375,"Ganho da carteira do líder do simulador de ações recua para 418,9%","Ganho da carteira do líder do simulador de ações cai para 404,9%",2015-07-12,2015-09-28,mercado,mercado
39286,67227,0.875,"Ganho da carteira do líder do simulador de ações recua para 418,9%","Líder do simulador do mercado de ações tem ganho de 452,2% na carteira",2015-07-12,2015-11-30,mercado,mercado
39286,69261,0.8671875,"Ganho da carteira do líder do simulador de ações recua para 418,9%","Participante obtém ganho de 489,7% em sua carteira de ações no simulador",2015-07-12,2015-12-10,mercado,mercado
39388,45256,0.9609375,"Em carta, Temer acusa Dilma de mentir e sabotar o PMDB","Em carta-desabafo a Dilma, Temer diz que foi desprezado",2015-07-12,2015-08-12,poder,poder
39394,51376,1.0,Veja o conversor de filme fotográfico e outras bugigangas tecnológicas,Conheça o teclado para viciados em emojis e outras compras tecnológicas,2015-07-12,2015-09-11,tec,tec
39394,51973,1.0,Veja o conversor de filme fotográfico e outras bugigangas tecnológicas,Câmera digital resgata elementos da Polaroid; veja outras compras,2015-07-12,2015-09-14,tec,tec
39394,53308,1.0,Veja o conversor de filme fotográfico e outras bugigangas tecnológicas,HD externo protege contra fogo e água; veja outras compras tecnológicas,2015-07-12,2015-09-21,tec,tec
39394,58899,1.0,Veja o conversor de filme fotográfico e outras bugigangas tecnológicas,Confira o kit de lentes para celulares e outras bugigangas tecnológicas,2015-07-12,2015-10-19,tec,tec
39394,60308,1.0,Veja o conversor de filme fotográfico e outras bugigangas tecnológicas,Confira a camisinha Netflix e outras bugigangas tecnológicas,2015-07-12,2015-10-26,tec,tec
39394,64538,1.0,Veja o conversor de filme fotográfico e outras bugigangas tecnológicas,Veja a pulseira fitness baratinha e outras compras tecnológicas,2015-07-12,2015-11-16,tec,tec
39394,65872,1.0,Veja o conversor de filme fotográfico e outras bugigangas tecnológicas,Veja novo smartphone para crianças e outras compras tecnológicas,2015-07-12,2015-11-23,tec,tec
39394,67329,1.0,Veja o conversor de filme fotográfico e outras bugigangas tecnológicas,Veja a meia conectada para monitorar bebês e outras compras tecnológicas,2015-07-12,2015-11-30,tec,tec
39394,69331,1.0,Veja o conversor de filme fotográfico e outras bugigangas tecnológicas,Confira as máscaras de emoji e outras bugigangas tecnológicas,2015-07-12,2015-12-10,tec,tec
39394,70090,1.0,Veja o conversor de filme fotográfico e outras bugigangas tecnológicas,Veja enfeite em formato de emoji para a árvore de Natal e outros produtos,2015-07-12,2015-12-14,tec,tec
39394,71433,1.0,Veja o conversor de filme fotográfico e outras bugigangas tecnológicas,Veja a almofada para fãs de WhatsApp e outras compras tecnológicas,2015-07-12,2015-12-21,tec,tec
39394,72301,1.0,Veja o conversor de filme fotográfico e outras bugigangas tecnológicas,Confira um teclado dobrável e outras bugigangas tecnológicas,2015-07-12,2015-12-28,tec,tec
39394,73016,1.0,Veja o conversor de filme fotográfico e outras bugigangas tecnológicas,Veja o controle remoto com cara de smartphone e outros gadgets,2015-07-12,2016-01-02,tec,tec
39394,75776,1.0,Veja o conversor de filme fotográfico e outras bugigangas tecnológicas,Veja as telas adicionais para notebook e outras compras tecnológicas,2015-07-12,2016-01-18,tec,tec
39394,76909,1.0,Veja o conversor de filme fotográfico e outras bugigangas tecnológicas,Veja um skate com caixas de som e outras compras tecnológicas,2015-07-12,2016-01-25,tec,tec
39394,80320,1.0,Veja o conversor de filme fotográfico e outras bugigangas tecnológicas,Veja um roteador portátil útil para viajantes e outros produtos,2015-07-12,2016-02-15,tec,tec
39394,82972,1.0,Veja o conversor de filme fotográfico e outras bugigangas tecnológicas,Confira um 'mouse ambidestro' e outras compras tecnológicas,2015-07-12,2016-02-29,tec,tec
39394,85242,1.0,Veja o conversor de filme fotográfico e outras bugigangas tecnológicas,Veja um smartphone com tela 4K e outros produtos tecnológicos,2015-07-12,2016-03-14,tec,tec
39394,87836,1.0,Veja o conversor de filme fotográfico e outras bugigangas tecnológicas,Veja um carregador sem fio para o iPhone e outras compras tecnológicas,2015-07-12,2016-03-28,tec,tec
39394,88613,1.0,Veja o conversor de filme fotográfico e outras bugigangas tecnológicas,Veja um gramofone para conectar ao celular e outras compras tecnológicas,2015-07-12,2016-04-01,tec,tec
39394,104379,1.0,Veja o conversor de filme fotográfico e outras bugigangas tecnológicas,Veja o contador de seguidores de redes sociais e outras compras tecnológicas,2015-07-12,2016-07-03,tec,tec
39394,124130,1.0,Veja o conversor de filme fotográfico e outras bugigangas tecnológicas,Confira o petisco wi-fi para cachorros e outras compras tecnológicas,2015-07-12,2016-11-01,tec,tec
39394,124680,1.0,Veja o conversor de filme fotográfico e outras bugigangas tecnológicas,Veja um sensor de movimentos para TV e outras compras tecnológicas,2015-07-12,2016-11-04,tec,tec
39795,101256,0.9296875,Por que pessoas em situação de rua não querem ir para abrigos?,Por que as pessoas em situação de rua em SP não querem ir para os abrigos?,2015-07-14,2016-06-16,vice,cotidiano
40237,63560,0.9140625,Aviso,Aviso,2015-07-17,2015-11-12,colunas,colunas
40237,70755,0.921875,Aviso,Aviso,2015-07-17,2015-12-18,colunas,colunas
40237,150741,0.90625,Aviso,Aviso,2015-07-17,2017-05-26,colunas,colunas
40237,152785,0.8828125,Aviso,Aviso,2015-07-17,2017-06-10,colunas,colunas
40244,58195,1.0,Aviso,Aviso,2015-07-17,2015-10-16,colunas,colunas
40244,61777,0.9296875,Aviso,Aviso,2015-07-17,2015-11-03,colunas,colunas
40244,102272,0.9765625,Aviso,Aviso,2015-07-17,2016-06-22,colunas,colunas
40244,102674,0.9765625,Aviso,Aviso,2015-07-17,2016-06-24,colunas,colunas
40244,103518,0.9765625,Aviso,Aviso,2015-07-17,2016-06-29,colunas,colunas
40244,103704,0.9765625,Aviso,Aviso,2015-07-17,2016-06-30,colunas,colunas
40244,105885,0.9765625,Aviso,Aviso,2015-07-17,2016-07-13,colunas,colunas
40244,133275,1.0,Aviso,Aviso,2015-07-17,2017-01-04,colunas,colunas
40244,143454,0.9765625,Aviso,Aviso,2015-07-17,2017-03-29,colunas,colunas
40244,148303,1.0,Aviso,Aviso,2015-07-17,2017-05-07,colunas,colunas
40244,153319,0.9765625,Aviso,Aviso,2015-07-17,2017-06-16,colunas,colunas
40244,156403,1.0,Aviso,Aviso,2015-07-17,2017-07-09,colunas,colunas
40954,47657,1.0,Confira o comunicador de 'Jornada nas Estrelas' e outras compras tecnológicas,Confira o roteador 'drone' e outras compras tecnológicas,2015-07-20,2015-08-24,tec,tec
40954,49105,1.0,Confira o comunicador de 'Jornada nas Estrelas' e outras compras tecnológicas,Confira o smartphone com Linux e outras compras tecnológicas,2015-07-20,2015-08-31,tec,tec
40954,54735,0.984375,Confira o comunicador de 'Jornada nas Estrelas' e outras compras tecnológicas,Confira a câmera disfarçada de fonte e outras compras tecnológicas,2015-07-20,2015-09-28,tec,tec
40954,55556,0.9375,Confira o comunicador de 'Jornada nas Estrelas' e outras compras tecnológicas,Confira o 'capacete Metroid' e outras bugigangas tecnológicas,2015-07-20,2015-10-02,tec,tec
40954,55807,0.9375,Confira o comunicador de 'Jornada nas Estrelas' e outras compras tecnológicas,Confira o kit de decoração de unhas tetris e outras bugigangas tecnológicas,2015-07-20,2015-10-03,tec,tec
40954,56751,1.0,Confira o comunicador de 'Jornada nas Estrelas' e outras compras tecnológicas,Confira a lente 'profissional' para smartphone e outras compras,2015-07-20,2015-10-08,tec,tec
40954,68450,0.953125,Confira o comunicador de 'Jornada nas Estrelas' e outras compras tecnológicas,Confira o tablet projetor e outras bugigangas tecnológicas,2015-07-20,2015-12-05,tec,tec
40985,53337,1.0,Aviso,Aviso,2015-07-21,2015-09-22,colunas,colunas
41161,96476,1.0,Aviso,Aviso,2015-07-22,2016-05-18,colunas,colunas
41161,124688,1.0,Aviso,Aviso,2015-07-22,2016-11-05,colunas,colunas
41161,158107,1.0,Aviso,Aviso,2015-07-22,2017-07-25,colunas,colunas
41161,166842,1.0,Aviso,Aviso,2015-07-22,2017-09-30,colunas,colunas
41351,53753,0.9296875,Aviso,Aviso,2015-07-23,2015-09-24,colunas,colunas
41351,71760,0.9296875,Aviso,Aviso,2015-07-23,2015-12-24,colunas,colunas
41351,72614,0.921875,Aviso,Aviso,2015-07-23,2015-12-31,colunas,colunas
41351,72624,0.921875,Aviso,Aviso,2015-07-23,2015-12-31,colunas,colunas
41351,89706,0.9296875,Aviso,Aviso,2015-07-23,2016-04-08,colunas,colunas
41351,97819,0.9453125,Aviso,Aviso,2015-07-23,2016-05-26,colunas,colunas
41351,103910,0.90625,Aviso,Aviso,2015-07-23,2016-07-01,colunas,colunas
41351,103923,0.90625,Aviso,Aviso,2015-07-23,2016-07-01,colunas,colunas
41351,104390,0.90625,Aviso,Aviso,2015-07-23,2016-07-04,colunas,colunas
41351,130920,0.90625,Aviso,Aviso,2015-07-23,2016-12-15,colunas,colunas
41554,63560,0.8984375,Aviso,Aviso,2015-07-24,2015-11-12,colunas,colunas
41554,150741,0.9453125,Aviso,Aviso,2015-07-24,2017-05-26,colunas,colunas
41554,152785,0.8828125,Aviso,Aviso,2015-07-24,2017-06-10,colunas,colunas
41559,58195,1.0,Aviso,Aviso,2015-07-24,2015-10-16,colunas,colunas
41559,61777,0.9296875,Aviso,Aviso,2015-07-24,2015-11-03,colunas,colunas
41559,102272,0.9765625,Aviso,Aviso,2015-07-24,2016-06-22,colunas,colunas
41559,102674,0.9765625,Aviso,Aviso,2015-07-24,2016-06-24,colunas,colunas
41559,103518,0.9765625,Aviso,Aviso,2015-07-24,2016-06-29,colunas,colunas
41559,103704,0.9765625,Aviso,Aviso,2015-07-24,2016-06-30,colunas,colunas
41559,105885,0.9765625,Aviso,Aviso,2015-07-24,2016-07-13,colunas,colunas
41559,133275,1.0,Aviso,Aviso,2015-07-24,2017-01-04,colunas,colunas
41559,143454,0.9765625,Aviso,Aviso,2015-07-24,2017-03-29,colunas,colunas
41559,148303,1.0,Aviso,Aviso,2015-07-24,2017-05-07,colunas,colunas
41559,153319,0.9765625,Aviso,Aviso,2015-07-24,2017-06-16,colunas,colunas
41559,156403,1.0,Aviso,Aviso,2015-07-24,2017-07-09,colunas,colunas
41959,56129,1.0,"Veja o cartum da série ""Ogro"" na edição deste domingo",Veja o cartum de Rafa Campos da edição deste domingo,2015-07-26,2015-10-05,ilustrissima,ilustrissima
41959,58637,1.0,"Veja o cartum da série ""Ogro"" na edição deste domingo","Veja o cartum da série ""Ogro"" de Rafa Campos",2015-07-26,2015-10-18,ilustrissima,ilustrissima
41959,64230,1.0,"Veja o cartum da série ""Ogro"" na edição deste domingo","Veja o cartum da série ""Ogro"", de Rafa Campos",2015-07-26,2015-11-15,ilustrissima,ilustrissima
42225,49105,1.0,Confira o novo celular Alcatel e outras compras tecnológicas,Confira o smartphone com Linux e outras compras tecnológicas,2015-07-27,2015-08-31,tec,tec
42225,54735,0.984375,Confira o novo celular Alcatel e outras compras tecnológicas,Confira a câmera disfarçada de fonte e outras compras tecnológicas,2015-07-27,2015-09-28,tec,tec
42225,55556,0.9375,Confira o novo celular Alcatel e outras compras tecnológicas,Confira o 'capacete Metroid' e outras bugigangas tecnológicas,2015-07-27,2015-10-02,tec,tec
42225,55807,0.9375,Confira o novo celular Alcatel e outras compras tecnológicas,Confira o kit de decoração de unhas tetris e outras bugigangas tecnológicas,2015-07-27,2015-10-03,tec,tec
42225,56751,1.0,Confira o novo celular Alcatel e outras compras tecnológicas,Confira a lente 'profissional' para smartphone e outras compras,2015-07-27,2015-10-08,tec,tec
42225,68450,0.953125,Confira o novo celular Alcatel e outras compras tecnológicas,Confira o tablet projetor e outras bugigangas tecnológicas,2015-07-27,2015-12-05,tec,tec
42257,58195,1.0,Aviso,Aviso,2015-07-28,2015-10-16,colunas,colunas
42257,61777,0.9296875,Aviso,Aviso,2015-07-28,2015-11-03,colunas,colunas
42257,102272,0.9765625,Aviso,Aviso,2015-07-28,2016-06-22,colunas,colunas
42257,102674,0.9765625,Aviso,Aviso,2015-07-28,2016-06-24,colunas,colunas
42257,103518,0.9765625,Aviso,Aviso,2015-07-28,2016-06-29,colunas,colunas
42257,103704,0.9765625,Aviso,Aviso,2015-07-28,2016-06-30,colunas,colunas
42257,105885,0.9765625,Aviso,Aviso,2015-07-28,2016-07-13,colunas,colunas
42257,133275,1.0,Aviso,Aviso,2015-07-28,2017-01-04,colunas,colunas
42257,143454,0.9765625,Aviso,Aviso,2015-07-28,2017-03-29,colunas,colunas
42257,148303,1.0,Aviso,Aviso,2015-07-28,2017-05-07,colunas,colunas
42257,153319,0.9765625,Aviso,Aviso,2015-07-28,2017-06-16,colunas,colunas
42257,156403,1.0,Aviso,Aviso,2015-07-28,2017-07-09,colunas,colunas
42498,59198,0.984375,Selic: entenda como a taxa básica de juros influencia a economia brasileira,Selic: entenda como a taxa básica de juros influencia a economia brasileira,2015-07-29,2015-10-21,mercado,mercado
42498,66195,0.984375,Selic: entenda como a taxa básica de juros influencia a economia brasileira,Selic: entenda como a taxa básica de juros influencia a economia brasileira,2015-07-29,2015-11-25,mercado,mercado
42536,108657,0.9609375,"Hillary fez convenção para TV, enquanto Trump mirou Twitter","A convenção de Hillary foi feita para a TV, e a de Trump, para o Twitter",2015-07-29,2016-07-29,mundo,mundo
42609,49860,0.8515625,Aviso,Aviso,2015-07-30,2015-09-04,colunas,colunas
42609,49862,0.8515625,Aviso,Aviso,2015-07-30,2015-09-04,colunas,colunas
42609,57347,1.0,Aviso,Aviso,2015-07-30,2015-10-12,colunas,colunas
42609,66325,1.0,Aviso,Aviso,2015-07-30,2015-11-26,colunas,colunas
42609,102456,1.0,Aviso,Aviso,2015-07-30,2016-06-23,colunas,colunas
42609,106061,1.0,Aviso,Aviso,2015-07-30,2016-07-14,colunas,colunas
42609,122038,1.0,Aviso,Aviso,2015-07-30,2016-10-20,colunas,colunas
42820,58195,1.0,Aviso,Aviso,2015-07-31,2015-10-16,colunas,colunas
42820,61777,0.9296875,Aviso,Aviso,2015-07-31,2015-11-03,colunas,colunas
42820,102272,0.9765625,Aviso,Aviso,2015-07-31,2016-06-22,colunas,colunas
42820,102674,0.9765625,Aviso,Aviso,2015-07-31,2016-06-24,colunas,colunas
42820,103518,0.9765625,Aviso,Aviso,2015-07-31,2016-06-29,colunas,colunas
42820,103704,0.9765625,Aviso,Aviso,2015-07-31,2016-06-30,colunas,colunas
42820,105885,0.9765625,Aviso,Aviso,2015-07-31,2016-07-13,colunas,colunas
42820,133275,1.0,Aviso,Aviso,2015-07-31,2017-01-04,colunas,colunas
42820,143454,0.9765625,Aviso,Aviso,2015-07-31,2017-03-29,colunas,colunas
42820,148303,1.0,Aviso,Aviso,2015-07-31,2017-05-07,colunas,colunas
42820,153319,0.9765625,Aviso,Aviso,2015-07-31,2017-06-16,colunas,colunas
42820,156403,1.0,Aviso,Aviso,2015-07-31,2017-07-09,colunas,colunas
43055,61383,0.9140625,Segunda fase da Unicamp começa no próximo domingo,Segunda fase da Unicamp começa neste domingo,2015-08-01,2015-11-01,educacao,educacao
43251,109219,0.9765625,Vírus da zika é assunto em baile de Carnaval do Copacabana Palace,Vírus da zika é assunto no baile de Carnaval do hotel Copacabana Palace,2015-08-02,2016-08-02,colunas,colunas
44209,54735,0.9375,Veja o alto-falante com 20 horas de bateria e outras compras tecnológicas,Confira a câmera disfarçada de fonte e outras compras tecnológicas,2015-08-06,2015-09-28,tec,tec
44209,55556,0.984375,Veja o alto-falante com 20 horas de bateria e outras compras tecnológicas,Confira o 'capacete Metroid' e outras bugigangas tecnológicas,2015-08-06,2015-10-02,tec,tec
44209,55807,0.984375,Veja o alto-falante com 20 horas de bateria e outras compras tecnológicas,Confira o kit de decoração de unhas tetris e outras bugigangas tecnológicas,2015-08-06,2015-10-03,tec,tec
44209,56751,0.953125,Veja o alto-falante com 20 horas de bateria e outras compras tecnológicas,Confira a lente 'profissional' para smartphone e outras compras,2015-08-06,2015-10-08,tec,tec
44209,68450,1.0,Veja o alto-falante com 20 horas de bateria e outras compras tecnológicas,Confira o tablet projetor e outras bugigangas tecnológicas,2015-08-06,2015-12-05,tec,tec
44554,81628,1.0,Aviso,Aviso,2015-08-09,2016-02-23,colunas,colunas
45025,54444,1.0,O abaixo-assinado do pintinho no cartum desta semana,"Veja ""O Pintinho"" na edição deste domingo",2015-08-11,2015-09-27,ilustrissima,ilustrissima
45025,68758,0.8515625,O abaixo-assinado do pintinho no cartum desta semana,"Veja ""O Pintinho"" na edição deste domingo",2015-08-11,2015-12-07,ilustrissima,ilustrissima
45099,65610,0.8984375,Veja os participantes do fórum Infraestrutura de Transporte,Fórum debate negócios em infraestrutura no Brasil,2015-08-11,2015-11-22,seminariosfolha,mercado
45204,51484,0.984375,Consulta à restituição do Imposto de Renda começa nesta quarta-feira,Receita libera consulta ao último lote do Imposto de Renda 2015,2015-08-12,2015-09-12,mercado,mercado
45732,68887,1.0,Maioridade penal é tema de debate da Folha e do Cebrap,Maioridade penal é tema de debate da Folha e do Cebrap,2015-08-15,2015-12-08,cotidiano,cotidiano
45951,81351,1.0,Veja cartum de Bruno Maron na edição deste domingo,Veja o cartum de Bruno Maron na edição deste domingo,2015-08-16,2016-02-21,ilustrissima,ilustrissima
46679,103917,0.8828125,Aviso,Aviso,2015-08-20,2016-07-01,colunas,colunas
46679,131859,0.9140625,Aviso,Aviso,2015-08-20,2016-12-22,colunas,colunas
46895,70755,0.890625,Aviso,Aviso,2015-08-21,2015-12-18,colunas,colunas
46895,150741,0.9453125,Aviso,Aviso,2015-08-21,2017-05-26,colunas,colunas
46895,160130,0.9140625,Aviso,Aviso,2015-08-21,2017-08-09,colunas,colunas
47657,54735,0.984375,Confira o roteador 'drone' e outras compras tecnológicas,Confira a câmera disfarçada de fonte e outras compras tecnológicas,2015-08-24,2015-09-28,tec,tec
47657,55556,0.9375,Confira o roteador 'drone' e outras compras tecnológicas,Confira o 'capacete Metroid' e outras bugigangas tecnológicas,2015-08-24,2015-10-02,tec,tec
47657,55807,0.9375,Confira o roteador 'drone' e outras compras tecnológicas,Confira o kit de decoração de unhas tetris e outras bugigangas tecnológicas,2015-08-24,2015-10-03,tec,tec
47657,56751,1.0,Confira o roteador 'drone' e outras compras tecnológicas,Confira a lente 'profissional' para smartphone e outras compras,2015-08-24,2015-10-08,tec,tec
47657,68450,0.953125,Confira o roteador 'drone' e outras compras tecnológicas,Confira o tablet projetor e outras bugigangas tecnológicas,2015-08-24,2015-12-05,tec,tec
48398,73653,1.0,Entenda o que é o PIB e como é feito o cálculo,Entenda o que é o PIB e como é feito o cálculo,2015-08-28,2016-01-06,mercado,mercado
48784,68758,0.8515625,"Veja ""O Pintinho"" na edição deste domingo","Veja ""O Pintinho"" na edição deste domingo",2015-08-30,2015-12-07,ilustrissima,ilustrissima
49105,55556,0.9375,Confira o smartphone com Linux e outras compras tecnológicas,Confira o 'capacete Metroid' e outras bugigangas tecnológicas,2015-08-31,2015-10-02,tec,tec
49105,55807,0.9375,Confira o smartphone com Linux e outras compras tecnológicas,Confira o kit de decoração de unhas tetris e outras bugigangas tecnológicas,2015-08-31,2015-10-03,tec,tec
49105,56751,1.0,Confira o smartphone com Linux e outras compras tecnológicas,Confira a lente 'profissional' para smartphone e outras compras,2015-08-31,2015-10-08,tec,tec
49105,68450,0.953125,Confira o smartphone com Linux e outras compras tecnológicas,Confira o tablet projetor e outras bugigangas tecnológicas,2015-08-31,2015-12-05,tec,tec
49718,82317,0.8984375,Veja passo a passo para preencher declaração do Imposto de Renda 2015,Veja passo a passo para preencher a declaração do Imposto de Renda 2016,2015-09-03,2016-02-26,mercado,mercado
49860,57347,0.8515625,Aviso,Aviso,2015-09-04,2015-10-12,colunas,colunas
49860,66325,0.8515625,Aviso,Aviso,2015-09-04,2015-11-26,colunas,colunas
49860,102456,0.8515625,Aviso,Aviso,2015-09-04,2016-06-23,colunas,colunas
49860,106061,0.8515625,Aviso,Aviso,2015-09-04,2016-07-14,colunas,colunas
49860,122038,0.8515625,Aviso,Aviso,2015-09-04,2016-10-20,colunas,colunas
49862,57347,0.8515625,Aviso,Aviso,2015-09-04,2015-10-12,colunas,colunas
49862,66325,0.8515625,Aviso,Aviso,2015-09-04,2015-11-26,colunas,colunas
49862,102456,0.8515625,Aviso,Aviso,2015-09-04,2016-06-23,colunas,colunas
49862,106061,0.8515625,Aviso,Aviso,2015-09-04,2016-07-14,colunas,colunas
49862,122038,0.8515625,Aviso,Aviso,2015-09-04,2016-10-20,colunas,colunas
50223,56447,1.0,Aviso de férias,Aviso,2015-09-06,2015-10-07,colunas,colunas
50223,63160,1.0,Aviso de férias,Aviso,2015-09-06,2015-11-10,colunas,colunas
50223,69200,1.0,Aviso de férias,Aviso,2015-09-06,2015-12-10,colunas,colunas
50223,70745,0.9609375,Aviso de férias,Aviso,2015-09-06,2015-12-18,colunas,colunas
50223,72613,1.0,Aviso de férias,Aviso,2015-09-06,2015-12-31,colunas,colunas
50223,72741,0.8984375,Aviso de férias,Aviso,2015-09-06,2016-01-01,colunas,colunas
50223,75798,0.8984375,Aviso de férias,Aviso,2015-09-06,2016-01-19,colunas,colunas
50223,77981,0.859375,Aviso de férias,Aviso,2015-09-06,2016-02-01,colunas,colunas
50223,93729,0.8984375,Aviso de férias,Aviso,2015-09-06,2016-05-01,colunas,colunas
50223,107483,0.9609375,Aviso de férias,Aviso,2015-09-06,2016-07-23,colunas,colunas
50223,114436,0.859375,Aviso de férias,Aviso,2015-09-06,2016-09-01,colunas,colunas
50223,116281,0.859375,Aviso de férias,Aviso,2015-09-06,2016-09-13,colunas,colunas
50223,117588,1.0,Aviso de férias,Aviso,2015-09-06,2016-09-21,colunas,colunas
50223,121712,1.0,Aviso de férias,AVISO,2015-09-06,2016-10-18,colunas,colunas
50223,128648,0.8984375,Aviso de férias,Aviso,2015-09-06,2016-12-01,colunas,colunas
50223,136632,0.9609375,Aviso de férias,Aviso,2015-09-06,2017-02-01,colunas,colunas
50223,138513,0.8984375,Aviso de férias,Aviso,2015-09-06,2017-02-17,colunas,colunas
50223,139896,0.8984375,Aviso de férias,Aviso,2015-09-06,2017-02-28,colunas,colunas
50223,147463,0.859375,Aviso de férias,Aviso,2015-09-06,2017-05-01,colunas,colunas
50223,148281,0.859375,Aviso de férias,Aviso,2015-09-06,2017-05-07,colunas,colunas
50223,155215,0.8984375,Aviso de férias,Aviso,2015-09-06,2017-06-30,colunas,colunas
50223,155558,0.8984375,Aviso de férias,Aviso,2015-09-06,2017-07-03,colunas,colunas
50223,156146,0.8984375,Aviso de férias,Aviso,2015-09-06,2017-07-07,colunas,colunas
50223,156779,0.8984375,Aviso de férias,Aviso,2015-09-06,2017-07-14,colunas,colunas
50223,157095,1.0,Aviso de férias,Aviso de férias,2015-09-06,2017-07-17,colunas,colunas
50223,157634,0.8984375,Aviso de férias,Aviso de férias,2015-09-06,2017-07-21,colunas,colunas
50223,157638,0.8984375,Aviso de férias,Aviso,2015-09-06,2017-07-21,colunas,colunas
50223,157840,1.0,Aviso de férias,Aviso de férias,2015-09-06,2017-07-23,colunas,colunas
50223,158955,1.0,Aviso de férias,Aviso de férias,2015-09-06,2017-07-31,colunas,colunas
50223,163843,1.0,Aviso de férias,Aviso de férias,2015-09-06,2017-09-07,colunas,colunas
50223,164893,1.0,Aviso de férias,Aviso,2015-09-06,2017-09-17,colunas,colunas
51043,57601,0.953125,Inscrição para o vestibular da Unesp termina na próxima terça,Inscrição para o vestibular da Unesp termina nesta terça,2015-09-10,2015-10-13,educacao,educacao
51376,58899,1.0,Conheça o teclado para viciados em emojis e outras compras tecnológicas,Confira o kit de lentes para celulares e outras bugigangas tecnológicas,2015-09-11,2015-10-19,tec,tec
51376,60308,1.0,Conheça o teclado para viciados em emojis e outras compras tecnológicas,Confira a camisinha Netflix e outras bugigangas tecnológicas,2015-09-11,2015-10-26,tec,tec
51376,64538,1.0,Conheça o teclado para viciados em emojis e outras compras tecnológicas,Veja a pulseira fitness baratinha e outras compras tecnológicas,2015-09-11,2015-11-16,tec,tec
51376,65872,1.0,Conheça o teclado para viciados em emojis e outras compras tecnológicas,Veja novo smartphone para crianças e outras compras tecnológicas,2015-09-11,2015-11-23,tec,tec
51376,67329,1.0,Conheça o teclado para viciados em emojis e outras compras tecnológicas,Veja a meia conectada para monitorar bebês e outras compras tecnológicas,2015-09-11,2015-11-30,tec,tec
51376,69331,1.0,Conheça o teclado para viciados em emojis e outras compras tecnológicas,Confira as máscaras de emoji e outras bugigangas tecnológicas,2015-09-11,2015-12-10,tec,tec
51376,70090,1.0,Conheça o teclado para viciados em emojis e outras compras tecnológicas,Veja enfeite em formato de emoji para a árvore de Natal e outros produtos,2015-09-11,2015-12-14,tec,tec
51376,71433,1.0,Conheça o teclado para viciados em emojis e outras compras tecnológicas,Veja a almofada para fãs de WhatsApp e outras compras tecnológicas,2015-09-11,2015-12-21,tec,tec
51376,72301,1.0,Conheça o teclado para viciados em emojis e outras compras tecnológicas,Confira um teclado dobrável e outras bugigangas tecnológicas,2015-09-11,2015-12-28,tec,tec
51376,73016,1.0,Conheça o teclado para viciados em emojis e outras compras tecnológicas,Veja o controle remoto com cara de smartphone e outros gadgets,2015-09-11,2016-01-02,tec,tec
51376,75776,1.0,Conheça o teclado para viciados em emojis e outras compras tecnológicas,Veja as telas adicionais para notebook e outras compras tecnológicas,2015-09-11,2016-01-18,tec,tec
51376,76909,1.0,Conheça o teclado para viciados em emojis e outras compras tecnológicas,Veja um skate com caixas de som e outras compras tecnológicas,2015-09-11,2016-01-25,tec,tec
51376,80320,1.0,Conheça o teclado para viciados em emojis e outras compras tecnológicas,Veja um roteador portátil útil para viajantes e outros produtos,2015-09-11,2016-02-15,tec,tec
51376,82972,1.0,Conheça o teclado para viciados em emojis e outras compras tecnológicas,Confira um 'mouse ambidestro' e outras compras tecnológicas,2015-09-11,2016-02-29,tec,tec
51376,85242,1.0,Conheça o teclado para viciados em emojis e outras compras tecnológicas,Veja um smartphone com tela 4K e outros produtos tecnológicos,2015-09-11,2016-03-14,tec,tec
51376,87836,1.0,Conheça o teclado para viciados em emojis e outras compras tecnológicas,Veja um carregador sem fio para o iPhone e outras compras tecnológicas,2015-09-11,2016-03-28,tec,tec
51376,88613,1.0,Conheça o teclado para viciados em emojis e outras compras tecnológicas,Veja um gramofone para conectar ao celular e outras compras tecnológicas,2015-09-11,2016-04-01,tec,tec
51376,104379,1.0,Conheça o teclado para viciados em emojis e outras compras tecnológicas,Veja o contador de seguidores de redes sociais e outras compras tecnológicas,2015-09-11,2016-07-03,tec,tec
51376,124130,1.0,Conheça o teclado para viciados em emojis e outras compras tecnológicas,Confira o petisco wi-fi para cachorros e outras compras tecnológicas,2015-09-11,2016-11-01,tec,tec
51376,124680,1.0,Conheça o teclado para viciados em emojis e outras compras tecnológicas,Veja um sensor de movimentos para TV e outras compras tecnológicas,2015-09-11,2016-11-04,tec,tec
51602,63644,0.9921875,Vender segundo carro pode aliviar as finanças no início da vida a dois; confira dicas,Vender segundo carro pode aliviar as finanças no início da vida a dois; confira dicas,2015-09-12,2015-11-12,tv,mercado
51973,58899,1.0,Câmera digital resgata elementos da Polaroid; veja outras compras,Confira o kit de lentes para celulares e outras bugigangas tecnológicas,2015-09-14,2015-10-19,tec,tec
51973,60308,1.0,Câmera digital resgata elementos da Polaroid; veja outras compras,Confira a camisinha Netflix e outras bugigangas tecnológicas,2015-09-14,2015-10-26,tec,tec
51973,64538,1.0,Câmera digital resgata elementos da Polaroid; veja outras compras,Veja a pulseira fitness baratinha e outras compras tecnológicas,2015-09-14,2015-11-16,tec,tec
51973,65872,1.0,Câmera digital resgata elementos da Polaroid; veja outras compras,Veja novo smartphone para crianças e outras compras tecnológicas,2015-09-14,2015-11-23,tec,tec
51973,67329,1.0,Câmera digital resgata elementos da Polaroid; veja outras compras,Veja a meia conectada para monitorar bebês e outras compras tecnológicas,2015-09-14,2015-11-30,tec,tec
51973,69331,1.0,Câmera digital resgata elementos da Polaroid; veja outras compras,Confira as máscaras de emoji e outras bugigangas tecnológicas,2015-09-14,2015-12-10,tec,tec
51973,70090,1.0,Câmera digital resgata elementos da Polaroid; veja outras compras,Veja enfeite em formato de emoji para a árvore de Natal e outros produtos,2015-09-14,2015-12-14,tec,tec
51973,71433,1.0,Câmera digital resgata elementos da Polaroid; veja outras compras,Veja a almofada para fãs de WhatsApp e outras compras tecnológicas,2015-09-14,2015-12-21,tec,tec
51973,72301,1.0,Câmera digital resgata elementos da Polaroid; veja outras compras,Confira um teclado dobrável e outras bugigangas tecnológicas,2015-09-14,2015-12-28,tec,tec
51973,73016,1.0,Câmera digital resgata elementos da Polaroid; veja outras compras,Veja o controle remoto com cara de smartphone e outros gadgets,2015-09-14,2016-01-02,tec,tec
51973,75776,1.0,Câmera digital resgata elementos da Polaroid; veja outras compras,Veja as telas adicionais para notebook e outras compras tecnológicas,2015-09-14,2016-01-18,tec,tec
51973,76909,1.0,Câmera digital resgata elementos da Polaroid; veja outras compras,Veja um skate com caixas de som e outras compras tecnológicas,2015-09-14,2016-01-25,tec,tec
51973,80320,1.0,Câmera digital resgata elementos da Polaroid; veja outras compras,Veja um roteador portátil útil para viajantes e outros produtos,2015-09-14,2016-02-15,tec,tec
51973,82972,1.0,Câmera digital resgata elementos da Polaroid; veja outras compras,Confira um 'mouse ambidestro' e outras compras tecnológicas,2015-09-14,2016-02-29,tec,tec
51973,85242,1.0,Câmera digital resgata elementos da Polaroid; veja outras compras,Veja um smartphone com tela 4K e outros produtos tecnológicos,2015-09-14,2016-03-14,tec,tec
51973,87836,1.0,Câmera digital resgata elementos da Polaroid; veja outras compras,Veja um carregador sem fio para o iPhone e outras compras tecnológicas,2015-09-14,2016-03-28,tec,tec
51973,88613,1.0,Câmera digital resgata elementos da Polaroid; veja outras compras,Veja um gramofone para conectar ao celular e outras compras tecnológicas,2015-09-14,2016-04-01,tec,tec
51973,104379,1.0,Câmera digital resgata elementos da Polaroid; veja outras compras,Veja o contador de seguidores de redes sociais e outras compras tecnológicas,2015-09-14,2016-07-03,tec,tec
51973,124130,1.0,Câmera digital resgata elementos da Polaroid; veja outras compras,Confira o petisco wi-fi para cachorros e outras compras tecnológicas,2015-09-14,2016-11-01,tec,tec
51973,124680,1.0,Câmera digital resgata elementos da Polaroid; veja outras compras,Veja um sensor de movimentos para TV e outras compras tecnológicas,2015-09-14,2016-11-04,tec,tec
51994,63160,0.8984375,Aviso,Aviso,2015-09-15,2015-11-10,colunas,colunas
51994,69200,0.8984375,Aviso,Aviso,2015-09-15,2015-12-10,colunas,colunas
51994,70745,0.859375,Aviso,Aviso,2015-09-15,2015-12-18,colunas,colunas
51994,72613,0.8984375,Aviso,Aviso,2015-09-15,2015-12-31,colunas,colunas
51994,72741,1.0,Aviso,Aviso,2015-09-15,2016-01-01,colunas,colunas
51994,75798,1.0,Aviso,Aviso,2015-09-15,2016-01-19,colunas,colunas
51994,77981,0.9609375,Aviso,Aviso,2015-09-15,2016-02-01,colunas,colunas
51994,93729,1.0,Aviso,Aviso,2015-09-15,2016-05-01,colunas,colunas
51994,107483,0.859375,Aviso,Aviso,2015-09-15,2016-07-23,colunas,colunas
51994,114436,0.9609375,Aviso,Aviso,2015-09-15,2016-09-01,colunas,colunas
51994,116281,0.9609375,Aviso,Aviso,2015-09-15,2016-09-13,colunas,colunas
51994,117588,0.8984375,Aviso,Aviso,2015-09-15,2016-09-21,colunas,colunas
51994,121712,0.8984375,Aviso,AVISO,2015-09-15,2016-10-18,colunas,colunas
51994,128648,1.0,Aviso,Aviso,2015-09-15,2016-12-01,colunas,colunas
51994,136632,0.859375,Aviso,Aviso,2015-09-15,2017-02-01,colunas,colunas
51994,138513,1.0,Aviso,Aviso,2015-09-15,2017-02-17,colunas,colunas
51994,139896,1.0,Aviso,Aviso,2015-09-15,2017-02-28,colunas,colunas
51994,147463,0.9609375,Aviso,Aviso,2015-09-15,2017-05-01,colunas,colunas
51994,148281,0.9609375,Aviso,Aviso,2015-09-15,2017-05-07,colunas,colunas
51994,155215,1.0,Aviso,Aviso,2015-09-15,2017-06-30,colunas,colunas
51994,155558,1.0,Aviso,Aviso,2015-09-15,2017-07-03,colunas,colunas
51994,156146,1.0,Aviso,Aviso,2015-09-15,2017-07-07,colunas,colunas
51994,156779,1.0,Aviso,Aviso,2015-09-15,2017-07-14,colunas,colunas
51994,157095,0.8984375,Aviso,Aviso de férias,2015-09-15,2017-07-17,colunas,colunas
51994,157634,1.0,Aviso,Aviso de férias,2015-09-15,2017-07-21,colunas,colunas
51994,157638,1.0,Aviso,Aviso,2015-09-15,2017-07-21,colunas,colunas
51994,157840,0.8984375,Aviso,Aviso de férias,2015-09-15,2017-07-23,colunas,colunas
51994,158955,0.8984375,Aviso,Aviso de férias,2015-09-15,2017-07-31,colunas,colunas
51994,163843,0.8984375,Aviso,Aviso de férias,2015-09-15,2017-09-07,colunas,colunas
51994,164893,0.8984375,Aviso,Aviso,2015-09-15,2017-09-17,colunas,colunas
53308,60308,1.0,HD externo protege contra fogo e água; veja outras compras tecnológicas,Confira a camisinha Netflix e outras bugigangas tecnológicas,2015-09-21,2015-10-26,tec,tec
53308,64538,1.0,HD externo protege contra fogo e água; veja outras compras tecnológicas,Veja a pulseira fitness baratinha e outras compras tecnológicas,2015-09-21,2015-11-16,tec,tec
53308,65872,1.0,HD externo protege contra fogo e água; veja outras compras tecnológicas,Veja novo smartphone para crianças e outras compras tecnológicas,2015-09-21,2015-11-23,tec,tec
53308,67329,1.0,HD externo protege contra fogo e água; veja outras compras tecnológicas,Veja a meia conectada para monitorar bebês e outras compras tecnológicas,2015-09-21,2015-11-30,tec,tec
53308,69331,1.0,HD externo protege contra fogo e água; veja outras compras tecnológicas,Confira as máscaras de emoji e outras bugigangas tecnológicas,2015-09-21,2015-12-10,tec,tec
53308,70090,1.0,HD externo protege contra fogo e água; veja outras compras tecnológicas,Veja enfeite em formato de emoji para a árvore de Natal e outros produtos,2015-09-21,2015-12-14,tec,tec
53308,71433,1.0,HD externo protege contra fogo e água; veja outras compras tecnológicas,Veja a almofada para fãs de WhatsApp e outras compras tecnológicas,2015-09-21,2015-12-21,tec,tec
53308,72301,1.0,HD externo protege contra fogo e água; veja outras compras tecnológicas,Confira um teclado dobrável e outras bugigangas tecnológicas,2015-09-21,2015-12-28,tec,tec
53308,73016,1.0,HD externo protege contra fogo e água; veja outras compras tecnológicas,Veja o controle remoto com cara de smartphone e outros gadgets,2015-09-21,2016-01-02,tec,tec
53308,75776,1.0,HD externo protege contra fogo e água; veja outras compras tecnológicas,Veja as telas adicionais para notebook e outras compras tecnológicas,2015-09-21,2016-01-18,tec,tec
53308,76909,1.0,HD externo protege contra fogo e água; veja outras compras tecnológicas,Veja um skate com caixas de som e outras compras tecnológicas,2015-09-21,2016-01-25,tec,tec
53308,80320,1.0,HD externo protege contra fogo e água; veja outras compras tecnológicas,Veja um roteador portátil útil para viajantes e outros produtos,2015-09-21,2016-02-15,tec,tec
53308,82972,1.0,HD externo protege contra fogo e água; veja outras compras tecnológicas,Confira um 'mouse ambidestro' e outras compras tecnológicas,2015-09-21,2016-02-29,tec,tec
53308,85242,1.0,HD externo protege contra fogo e água; veja outras compras tecnológicas,Veja um smartphone com tela 4K e outros produtos tecnológicos,2015-09-21,2016-03-14,tec,tec
53308,87836,1.0,HD externo protege contra fogo e água; veja outras compras tecnológicas,Veja um carregador sem fio para o iPhone e outras compras tecnológicas,2015-09-21,2016-03-28,tec,tec
53308,88613,1.0,HD externo protege contra fogo e água; veja outras compras tecnológicas,Veja um gramofone para conectar ao celular e outras compras tecnológicas,2015-09-21,2016-04-01,tec,tec
53308,104379,1.0,HD externo protege contra fogo e água; veja outras compras tecnológicas,Veja o contador de seguidores de redes sociais e outras compras tecnológicas,2015-09-21,2016-07-03,tec,tec
53308,124130,1.0,HD externo protege contra fogo e água; veja outras compras tecnológicas,Confira o petisco wi-fi para cachorros e outras compras tecnológicas,2015-09-21,2016-11-01,tec,tec
53308,124680,1.0,HD externo protege contra fogo e água; veja outras compras tecnológicas,Veja um sensor de movimentos para TV e outras compras tecnológicas,2015-09-21,2016-11-04,tec,tec
53753,60795,0.9140625,Aviso,Aviso,2015-09-24,2015-10-29,colunas,colunas
53753,71760,1.0,Aviso,Aviso,2015-09-24,2015-12-24,colunas,colunas
53753,72614,0.9140625,Aviso,Aviso,2015-09-24,2015-12-31,colunas,colunas
53753,72624,0.9140625,Aviso,Aviso,2015-09-24,2015-12-31,colunas,colunas
53753,89706,0.9296875,Aviso,Aviso,2015-09-24,2016-04-08,colunas,colunas
53753,97819,0.9453125,Aviso,Aviso,2015-09-24,2016-05-26,colunas,colunas
53753,103910,0.90625,Aviso,Aviso,2015-09-24,2016-07-01,colunas,colunas
53753,103923,0.90625,Aviso,Aviso,2015-09-24,2016-07-01,colunas,colunas
53753,104390,0.90625,Aviso,Aviso,2015-09-24,2016-07-04,colunas,colunas
53753,130920,0.90625,Aviso,Aviso,2015-09-24,2016-12-15,colunas,colunas
53872,60463,0.8671875,Fazenda paulista cobra R$ 507 milhões de IPVA de 611 mil donos de veículos,"Fazenda de SP cobra R$ 273 milhões de IPVA de 327,6 mil donos de veículos",2015-09-24,2015-10-27,mercado,mercado
53872,66002,0.8671875,Fazenda paulista cobra R$ 507 milhões de IPVA de 611 mil donos de veículos,Fazenda cobra R$ 255 milhões de IPVA de 305 mil donos de veículos em SP,2015-09-24,2015-11-24,mercado,mercado
53997,72746,1.0,Aviso,Aviso,2015-09-25,2016-01-01,colunas,colunas
53997,75202,1.0,Aviso,Aviso,2015-09-25,2016-01-15,colunas,colunas
53997,80949,1.0,Aviso,Aviso,2015-09-25,2016-02-19,colunas,colunas
53997,97954,1.0,Aviso,Aviso,2015-09-25,2016-05-27,colunas,colunas
53997,109049,1.0,Aviso,Aviso,2015-09-25,2016-08-01,colunas,colunas
54332,63160,0.9609375,Aviso,Aviso,2015-09-27,2015-11-10,colunas,colunas
54332,69200,0.9609375,Aviso,Aviso,2015-09-27,2015-12-10,colunas,colunas
54332,70745,1.0,Aviso,Aviso,2015-09-27,2015-12-18,colunas,colunas
54332,72613,0.9609375,Aviso,Aviso,2015-09-27,2015-12-31,colunas,colunas
54332,72741,0.859375,Aviso,Aviso,2015-09-27,2016-01-01,colunas,colunas
54332,75798,0.859375,Aviso,Aviso,2015-09-27,2016-01-19,colunas,colunas
54332,77981,0.8828125,Aviso,Aviso,2015-09-27,2016-02-01,colunas,colunas
54332,93729,0.859375,Aviso,Aviso,2015-09-27,2016-05-01,colunas,colunas
54332,107483,1.0,Aviso,Aviso,2015-09-27,2016-07-23,colunas,colunas
54332,114436,0.8828125,Aviso,Aviso,2015-09-27,2016-09-01,colunas,colunas
54332,116281,0.8828125,Aviso,Aviso,2015-09-27,2016-09-13,colunas,colunas
54332,117588,0.9609375,Aviso,Aviso,2015-09-27,2016-09-21,colunas,colunas
54332,121712,0.9609375,Aviso,AVISO,2015-09-27,2016-10-18,colunas,colunas
54332,128648,0.859375,Aviso,Aviso,2015-09-27,2016-12-01,colunas,colunas
54332,136632,1.0,Aviso,Aviso,2015-09-27,2017-02-01,colunas,colunas
54332,138513,0.859375,Aviso,Aviso,2015-09-27,2017-02-17,colunas,colunas
54332,139896,0.859375,Aviso,Aviso,2015-09-27,2017-02-28,colunas,colunas
54332,147463,0.8828125,Aviso,Aviso,2015-09-27,2017-05-01,colunas,colunas
54332,148281,0.8828125,Aviso,Aviso,2015-09-27,2017-05-07,colunas,colunas
54332,155215,0.859375,Aviso,Aviso,2015-09-27,2017-06-30,colunas,colunas
54332,155558,0.859375,Aviso,Aviso,2015-09-27,2017-07-03,colunas,colunas
54332,156146,0.859375,Aviso,Aviso,2015-09-27,2017-07-07,colunas,colunas
54332,156779,0.859375,Aviso,Aviso,2015-09-27,2017-07-14,colunas,colunas
54332,157095,0.9609375,Aviso,Aviso de férias,2015-09-27,2017-07-17,colunas,colunas
54332,157634,0.859375,Aviso,Aviso de férias,2015-09-27,2017-07-21,colunas,colunas
54332,157638,0.859375,Aviso,Aviso,2015-09-27,2017-07-21,colunas,colunas
54332,157840,0.9609375,Aviso,Aviso de férias,2015-09-27,2017-07-23,colunas,colunas
54332,158955,0.9609375,Aviso,Aviso de férias,2015-09-27,2017-07-31,colunas,colunas
54332,163843,0.9609375,Aviso,Aviso de férias,2015-09-27,2017-09-07,colunas,colunas
54332,164893,0.9609375,Aviso,Aviso,2015-09-27,2017-09-17,colunas,colunas
54444,68758,0.8515625,"Veja ""O Pintinho"" na edição deste domingo","Veja ""O Pintinho"" na edição deste domingo",2015-09-27,2015-12-07,ilustrissima,ilustrissima
54735,68450,0.9375,Confira a câmera disfarçada de fonte e outras compras tecnológicas,Confira o tablet projetor e outras bugigangas tecnológicas,2015-09-28,2015-12-05,tec,tec
54967,63160,0.9609375,Aviso,Aviso,2015-09-30,2015-11-10,colunas,colunas
54967,69200,0.9609375,Aviso,Aviso,2015-09-30,2015-12-10,colunas,colunas
54967,70745,1.0,Aviso,Aviso,2015-09-30,2015-12-18,colunas,colunas
54967,72613,0.9609375,Aviso,Aviso,2015-09-30,2015-12-31,colunas,colunas
54967,72741,0.859375,Aviso,Aviso,2015-09-30,2016-01-01,colunas,colunas
54967,75798,0.859375,Aviso,Aviso,2015-09-30,2016-01-19,colunas,colunas
54967,77981,0.8828125,Aviso,Aviso,2015-09-30,2016-02-01,colunas,colunas
54967,93729,0.859375,Aviso,Aviso,2015-09-30,2016-05-01,colunas,colunas
54967,107483,1.0,Aviso,Aviso,2015-09-30,2016-07-23,colunas,colunas
54967,114436,0.8828125,Aviso,Aviso,2015-09-30,2016-09-01,colunas,colunas
54967,116281,0.8828125,Aviso,Aviso,2015-09-30,2016-09-13,colunas,colunas
54967,117588,0.9609375,Aviso,Aviso,2015-09-30,2016-09-21,colunas,colunas
54967,121712,0.9609375,Aviso,AVISO,2015-09-30,2016-10-18,colunas,colunas
54967,128648,0.859375,Aviso,Aviso,2015-09-30,2016-12-01,colunas,colunas
54967,136632,1.0,Aviso,Aviso,2015-09-30,2017-02-01,colunas,colunas
54967,138513,0.859375,Aviso,Aviso,2015-09-30,2017-02-17,colunas,colunas
54967,139896,0.859375,Aviso,Aviso,2015-09-30,2017-02-28,colunas,colunas
54967,147463,0.8828125,Aviso,Aviso,2015-09-30,2017-05-01,colunas,colunas
54967,148281,0.8828125,Aviso,Aviso,2015-09-30,2017-05-07,colunas,colunas
54967,155215,0.859375,Aviso,Aviso,2015-09-30,2017-06-30,colunas,colunas
54967,155558,0.859375,Aviso,Aviso,2015-09-30,2017-07-03,colunas,colunas
54967,156146,0.859375,Aviso,Aviso,2015-09-30,2017-07-07,colunas,colunas
54967,156779,0.859375,Aviso,Aviso,2015-09-30,2017-07-14,colunas,colunas
54967,157095,0.9609375,Aviso,Aviso de férias,2015-09-30,2017-07-17,colunas,colunas
54967,157634,0.859375,Aviso,Aviso de férias,2015-09-30,2017-07-21,colunas,colunas
54967,157638,0.859375,Aviso,Aviso,2015-09-30,2017-07-21,colunas,colunas
54967,157840,0.9609375,Aviso,Aviso de férias,2015-09-30,2017-07-23,colunas,colunas
54967,158955,0.9609375,Aviso,Aviso de férias,2015-09-30,2017-07-31,colunas,colunas
54967,163843,0.9609375,Aviso,Aviso de férias,2015-09-30,2017-09-07,colunas,colunas
54967,164893,0.9609375,Aviso,Aviso,2015-09-30,2017-09-17,colunas,colunas
55324,94708,1.0,Aviso,Aviso,2015-10-02,2016-05-07,colunas,colunas
55324,129731,1.0,Aviso,Aviso,2015-10-02,2016-12-07,colunas,colunas
55365,61557,0.8984375,Servidores invadem Assembleia do Paraná para evitar votação de projeto,Servidores públicos acampam na Assembleia do Paraná,2015-10-02,2015-11-02,cotidiano,cotidiano
55556,68450,0.984375,Confira o 'capacete Metroid' e outras bugigangas tecnológicas,Confira o tablet projetor e outras bugigangas tecnológicas,2015-10-02,2015-12-05,tec,tec
55569,61765,1.0,Comércio virtual é tão difícil quanto o de lojas físicas,Menino do Acre 'bomba' na internet com brincadeira sobre seca paulista,2015-10-02,2015-11-02,tv,tv
55569,67805,1.0,Comércio virtual é tão difícil quanto o de lojas físicas,"Com assembleia cercada, deputados do Paraná vão de ônibus da PM para sessão",2015-10-02,2015-12-02,tv,tv
55807,68450,0.984375,Confira o kit de decoração de unhas tetris e outras bugigangas tecnológicas,Confira o tablet projetor e outras bugigangas tecnológicas,2015-10-03,2015-12-05,tec,tec
56129,64230,1.0,Veja o cartum de Rafa Campos da edição deste domingo,"Veja o cartum da série ""Ogro"", de Rafa Campos",2015-10-05,2015-11-15,ilustrissima,ilustrissima
56447,63160,1.0,Aviso,Aviso,2015-10-07,2015-11-10,colunas,colunas
56447,69200,1.0,Aviso,Aviso,2015-10-07,2015-12-10,colunas,colunas
56447,70745,0.9609375,Aviso,Aviso,2015-10-07,2015-12-18,colunas,colunas
56447,72613,1.0,Aviso,Aviso,2015-10-07,2015-12-31,colunas,colunas
56447,72741,0.8984375,Aviso,Aviso,2015-10-07,2016-01-01,colunas,colunas
56447,75798,0.8984375,Aviso,Aviso,2015-10-07,2016-01-19,colunas,colunas
56447,77981,0.859375,Aviso,Aviso,2015-10-07,2016-02-01,colunas,colunas
56447,93729,0.8984375,Aviso,Aviso,2015-10-07,2016-05-01,colunas,colunas
56447,107483,0.9609375,Aviso,Aviso,2015-10-07,2016-07-23,colunas,colunas
56447,114436,0.859375,Aviso,Aviso,2015-10-07,2016-09-01,colunas,colunas
56447,116281,0.859375,Aviso,Aviso,2015-10-07,2016-09-13,colunas,colunas
56447,117588,1.0,Aviso,Aviso,2015-10-07,2016-09-21,colunas,colunas
56447,121712,1.0,Aviso,AVISO,2015-10-07,2016-10-18,colunas,colunas
56447,128648,0.8984375,Aviso,Aviso,2015-10-07,2016-12-01,colunas,colunas
56447,136632,0.9609375,Aviso,Aviso,2015-10-07,2017-02-01,colunas,colunas
56447,138513,0.8984375,Aviso,Aviso,2015-10-07,2017-02-17,colunas,colunas
56447,139896,0.8984375,Aviso,Aviso,2015-10-07,2017-02-28,colunas,colunas
56447,147463,0.859375,Aviso,Aviso,2015-10-07,2017-05-01,colunas,colunas
56447,148281,0.859375,Aviso,Aviso,2015-10-07,2017-05-07,colunas,colunas
56447,155215,0.8984375,Aviso,Aviso,2015-10-07,2017-06-30,colunas,colunas
56447,155558,0.8984375,Aviso,Aviso,2015-10-07,2017-07-03,colunas,colunas
56447,156146,0.8984375,Aviso,Aviso,2015-10-07,2017-07-07,colunas,colunas
56447,156779,0.8984375,Aviso,Aviso,2015-10-07,2017-07-14,colunas,colunas
56447,157095,1.0,Aviso,Aviso de férias,2015-10-07,2017-07-17,colunas,colunas
56447,157634,0.8984375,Aviso,Aviso de férias,2015-10-07,2017-07-21,colunas,colunas
56447,157638,0.8984375,Aviso,Aviso,2015-10-07,2017-07-21,colunas,colunas
56447,157840,1.0,Aviso,Aviso de férias,2015-10-07,2017-07-23,colunas,colunas
56447,158955,1.0,Aviso,Aviso de férias,2015-10-07,2017-07-31,colunas,colunas
56447,163843,1.0,Aviso,Aviso de férias,2015-10-07,2017-09-07,colunas,colunas
56447,164893,1.0,Aviso,Aviso,2015-10-07,2017-09-17,colunas,colunas
56751,68450,0.953125,Confira a lente 'profissional' para smartphone e outras compras,Confira o tablet projetor e outras bugigangas tecnológicas,2015-10-08,2015-12-05,tec,tec
57347,66325,1.0,Aviso,Aviso,2015-10-12,2015-11-26,colunas,colunas
57347,102456,1.0,Aviso,Aviso,2015-10-12,2016-06-23,colunas,colunas
57347,106061,1.0,Aviso,Aviso,2015-10-12,2016-07-14,colunas,colunas
57347,122038,1.0,Aviso,Aviso,2015-10-12,2016-10-20,colunas,colunas
57363,70558,0.859375,Mega-Sena acumula e pode pagar prêmio de R$ 135 milhões no sábado,"Mega-Sena acumula de novo, e prêmio pode chegar a R$ 187 mi no sábado",2015-10-12,2015-12-17,cotidiano,cotidiano
58195,102272,0.9765625,Aviso,Aviso,2015-10-16,2016-06-22,colunas,colunas
58195,102674,0.9765625,Aviso,Aviso,2015-10-16,2016-06-24,colunas,colunas
58195,103518,0.9765625,Aviso,Aviso,2015-10-16,2016-06-29,colunas,colunas
58195,103704,0.9765625,Aviso,Aviso,2015-10-16,2016-06-30,colunas,colunas
58195,105885,0.9765625,Aviso,Aviso,2015-10-16,2016-07-13,colunas,colunas
58195,133275,1.0,Aviso,Aviso,2015-10-16,2017-01-04,colunas,colunas
58195,143454,0.9765625,Aviso,Aviso,2015-10-16,2017-03-29,colunas,colunas
58195,148303,1.0,Aviso,Aviso,2015-10-16,2017-05-07,colunas,colunas
58195,153319,0.9765625,Aviso,Aviso,2015-10-16,2017-06-16,colunas,colunas
58195,156403,1.0,Aviso,Aviso,2015-10-16,2017-07-09,colunas,colunas
58899,65872,1.0,Confira o kit de lentes para celulares e outras bugigangas tecnológicas,Veja novo smartphone para crianças e outras compras tecnológicas,2015-10-19,2015-11-23,tec,tec
58899,67329,1.0,Confira o kit de lentes para celulares e outras bugigangas tecnológicas,Veja a meia conectada para monitorar bebês e outras compras tecnológicas,2015-10-19,2015-11-30,tec,tec
58899,69331,1.0,Confira o kit de lentes para celulares e outras bugigangas tecnológicas,Confira as máscaras de emoji e outras bugigangas tecnológicas,2015-10-19,2015-12-10,tec,tec
58899,70090,1.0,Confira o kit de lentes para celulares e outras bugigangas tecnológicas,Veja enfeite em formato de emoji para a árvore de Natal e outros produtos,2015-10-19,2015-12-14,tec,tec
58899,71433,1.0,Confira o kit de lentes para celulares e outras bugigangas tecnológicas,Veja a almofada para fãs de WhatsApp e outras compras tecnológicas,2015-10-19,2015-12-21,tec,tec
58899,72301,1.0,Confira o kit de lentes para celulares e outras bugigangas tecnológicas,Confira um teclado dobrável e outras bugigangas tecnológicas,2015-10-19,2015-12-28,tec,tec
58899,73016,1.0,Confira o kit de lentes para celulares e outras bugigangas tecnológicas,Veja o controle remoto com cara de smartphone e outros gadgets,2015-10-19,2016-01-02,tec,tec
58899,75776,1.0,Confira o kit de lentes para celulares e outras bugigangas tecnológicas,Veja as telas adicionais para notebook e outras compras tecnológicas,2015-10-19,2016-01-18,tec,tec
58899,76909,1.0,Confira o kit de lentes para celulares e outras bugigangas tecnológicas,Veja um skate com caixas de som e outras compras tecnológicas,2015-10-19,2016-01-25,tec,tec
58899,80320,1.0,Confira o kit de lentes para celulares e outras bugigangas tecnológicas,Veja um roteador portátil útil para viajantes e outros produtos,2015-10-19,2016-02-15,tec,tec
58899,82972,1.0,Confira o kit de lentes para celulares e outras bugigangas tecnológicas,Confira um 'mouse ambidestro' e outras compras tecnológicas,2015-10-19,2016-02-29,tec,tec
58899,85242,1.0,Confira o kit de lentes para celulares e outras bugigangas tecnológicas,Veja um smartphone com tela 4K e outros produtos tecnológicos,2015-10-19,2016-03-14,tec,tec
58899,87836,1.0,Confira o kit de lentes para celulares e outras bugigangas tecnológicas,Veja um carregador sem fio para o iPhone e outras compras tecnológicas,2015-10-19,2016-03-28,tec,tec
58899,88613,1.0,Confira o kit de lentes para celulares e outras bugigangas tecnológicas,Veja um gramofone para conectar ao celular e outras compras tecnológicas,2015-10-19,2016-04-01,tec,tec
58899,104379,1.0,Confira o kit de lentes para celulares e outras bugigangas tecnológicas,Veja o contador de seguidores de redes sociais e outras compras tecnológicas,2015-10-19,2016-07-03,tec,tec
58899,124130,1.0,Confira o kit de lentes para celulares e outras bugigangas tecnológicas,Confira o petisco wi-fi para cachorros e outras compras tecnológicas,2015-10-19,2016-11-01,tec,tec
58899,124680,1.0,Confira o kit de lentes para celulares e outras bugigangas tecnológicas,Veja um sensor de movimentos para TV e outras compras tecnológicas,2015-10-19,2016-11-04,tec,tec
59198,66195,1.0,Selic: entenda como a taxa básica de juros influencia a economia brasileira,Selic: entenda como a taxa básica de juros influencia a economia brasileira,2015-10-21,2015-11-25,mercado,mercado
59201,66196,0.9296875,"Fundos de investimento ganham da poupança com Selic a 14,25% ao ano","Com Selic a 14,25%, fundos mantêm vantagem sobre a poupança",2015-10-21,2015-11-25,mercado,mercado
59201,76054,0.9296875,"Fundos de investimento ganham da poupança com Selic a 14,25% ao ano","Fundos ampliam vantagem sobre a poupança com Selic a 14,25%",2015-10-21,2016-01-20,mercado,mercado
60308,67329,1.0,Confira a camisinha Netflix e outras bugigangas tecnológicas,Veja a meia conectada para monitorar bebês e outras compras tecnológicas,2015-10-26,2015-11-30,tec,tec
60308,69331,1.0,Confira a camisinha Netflix e outras bugigangas tecnológicas,Confira as máscaras de emoji e outras bugigangas tecnológicas,2015-10-26,2015-12-10,tec,tec
60308,70090,1.0,Confira a camisinha Netflix e outras bugigangas tecnológicas,Veja enfeite em formato de emoji para a árvore de Natal e outros produtos,2015-10-26,2015-12-14,tec,tec
60308,71433,1.0,Confira a camisinha Netflix e outras bugigangas tecnológicas,Veja a almofada para fãs de WhatsApp e outras compras tecnológicas,2015-10-26,2015-12-21,tec,tec
60308,72301,1.0,Confira a camisinha Netflix e outras bugigangas tecnológicas,Confira um teclado dobrável e outras bugigangas tecnológicas,2015-10-26,2015-12-28,tec,tec
60308,73016,1.0,Confira a camisinha Netflix e outras bugigangas tecnológicas,Veja o controle remoto com cara de smartphone e outros gadgets,2015-10-26,2016-01-02,tec,tec
60308,75776,1.0,Confira a camisinha Netflix e outras bugigangas tecnológicas,Veja as telas adicionais para notebook e outras compras tecnológicas,2015-10-26,2016-01-18,tec,tec
60308,76909,1.0,Confira a camisinha Netflix e outras bugigangas tecnológicas,Veja um skate com caixas de som e outras compras tecnológicas,2015-10-26,2016-01-25,tec,tec
60308,80320,1.0,Confira a camisinha Netflix e outras bugigangas tecnológicas,Veja um roteador portátil útil para viajantes e outros produtos,2015-10-26,2016-02-15,tec,tec
60308,82972,1.0,Confira a camisinha Netflix e outras bugigangas tecnológicas,Confira um 'mouse ambidestro' e outras compras tecnológicas,2015-10-26,2016-02-29,tec,tec
60308,85242,1.0,Confira a camisinha Netflix e outras bugigangas tecnológicas,Veja um smartphone com tela 4K e outros produtos tecnológicos,2015-10-26,2016-03-14,tec,tec
60308,87836,1.0,Confira a camisinha Netflix e outras bugigangas tecnológicas,Veja um carregador sem fio para o iPhone e outras compras tecnológicas,2015-10-26,2016-03-28,tec,tec
60308,88613,1.0,Confira a camisinha Netflix e outras bugigangas tecnológicas,Veja um gramofone para conectar ao celular e outras compras tecnológicas,2015-10-26,2016-04-01,tec,tec
60308,104379,1.0,Confira a camisinha Netflix e outras bugigangas tecnológicas,Veja o contador de seguidores de redes sociais e outras compras tecnológicas,2015-10-26,2016-07-03,tec,tec
60308,124130,1.0,Confira a camisinha Netflix e outras bugigangas tecnológicas,Confira o petisco wi-fi para cachorros e outras compras tecnológicas,2015-10-26,2016-11-01,tec,tec
60308,124680,1.0,Confira a camisinha Netflix e outras bugigangas tecnológicas,Veja um sensor de movimentos para TV e outras compras tecnológicas,2015-10-26,2016-11-04,tec,tec
60795,71760,0.9140625,Aviso,Aviso,2015-10-29,2015-12-24,colunas,colunas
60795,89706,0.9140625,Aviso,Aviso,2015-10-29,2016-04-08,colunas,colunas
60795,97819,0.9375,Aviso,Aviso,2015-10-29,2016-05-26,colunas,colunas
60795,130920,0.8984375,Aviso,Aviso,2015-10-29,2016-12-15,colunas,colunas
61777,102272,0.90625,Aviso,Aviso,2015-11-03,2016-06-22,colunas,colunas
61777,102674,0.90625,Aviso,Aviso,2015-11-03,2016-06-24,colunas,colunas
61777,103518,0.90625,Aviso,Aviso,2015-11-03,2016-06-29,colunas,colunas
61777,103704,0.90625,Aviso,Aviso,2015-11-03,2016-06-30,colunas,colunas
61777,105885,0.90625,Aviso,Aviso,2015-11-03,2016-07-13,colunas,colunas
61777,133275,0.9296875,Aviso,Aviso,2015-11-03,2017-01-04,colunas,colunas
61777,143454,0.90625,Aviso,Aviso,2015-11-03,2017-03-29,colunas,colunas
61777,148303,0.9296875,Aviso,Aviso,2015-11-03,2017-05-07,colunas,colunas
61777,153319,0.90625,Aviso,Aviso,2015-11-03,2017-06-16,colunas,colunas
61777,156403,0.9296875,Aviso,Aviso,2015-11-03,2017-07-09,colunas,colunas
63160,70745,0.9609375,Aviso,Aviso,2015-11-10,2015-12-18,colunas,colunas
63160,72613,1.0,Aviso,Aviso,2015-11-10,2015-12-31,colunas,colunas
63160,72741,0.8984375,Aviso,Aviso,2015-11-10,2016-01-01,colunas,colunas
63160,75798,0.8984375,Aviso,Aviso,2015-11-10,2016-01-19,colunas,colunas
63160,77981,0.859375,Aviso,Aviso,2015-11-10,2016-02-01,colunas,colunas
63160,93729,0.8984375,Aviso,Aviso,2015-11-10,2016-05-01,colunas,colunas
63160,107483,0.9609375,Aviso,Aviso,2015-11-10,2016-07-23,colunas,colunas
63160,114436,0.859375,Aviso,Aviso,2015-11-10,2016-09-01,colunas,colunas
63160,116281,0.859375,Aviso,Aviso,2015-11-10,2016-09-13,colunas,colunas
63160,117588,1.0,Aviso,Aviso,2015-11-10,2016-09-21,colunas,colunas
63160,121712,1.0,Aviso,AVISO,2015-11-10,2016-10-18,colunas,colunas
63160,128648,0.8984375,Aviso,Aviso,2015-11-10,2016-12-01,colunas,colunas
63160,136632,0.9609375,Aviso,Aviso,2015-11-10,2017-02-01,colunas,colunas
63160,138513,0.8984375,Aviso,Aviso,2015-11-10,2017-02-17,colunas,colunas
63160,139896,0.8984375,Aviso,Aviso,2015-11-10,2017-02-28,colunas,colunas
63160,147463,0.859375,Aviso,Aviso,2015-11-10,2017-05-01,colunas,colunas
63160,148281,0.859375,Aviso,Aviso,2015-11-10,2017-05-07,colunas,colunas
63160,155215,0.8984375,Aviso,Aviso,2015-11-10,2017-06-30,colunas,colunas
63160,155558,0.8984375,Aviso,Aviso,2015-11-10,2017-07-03,colunas,colunas
63160,156146,0.8984375,Aviso,Aviso,2015-11-10,2017-07-07,colunas,colunas
63160,156779,0.8984375,Aviso,Aviso,2015-11-10,2017-07-14,colunas,colunas
63160,157095,1.0,Aviso,Aviso de férias,2015-11-10,2017-07-17,colunas,colunas
63160,157634,0.8984375,Aviso,Aviso de férias,2015-11-10,2017-07-21,colunas,colunas
63160,157638,0.8984375,Aviso,Aviso,2015-11-10,2017-07-21,colunas,colunas
63160,157840,1.0,Aviso,Aviso de férias,2015-11-10,2017-07-23,colunas,colunas
63160,158955,1.0,Aviso,Aviso de férias,2015-11-10,2017-07-31,colunas,colunas
63160,163843,1.0,Aviso,Aviso de férias,2015-11-10,2017-09-07,colunas,colunas
63160,164893,1.0,Aviso,Aviso,2015-11-10,2017-09-17,colunas,colunas
63560,70755,0.9140625,Aviso,Aviso,2015-11-12,2015-12-18,colunas,colunas
63560,116137,0.8828125,Aviso,Aviso,2015-11-12,2016-09-12,colunas,colunas
64538,71433,1.0,Veja a pulseira fitness baratinha e outras compras tecnológicas,Veja a almofada para fãs de WhatsApp e outras compras tecnológicas,2015-11-16,2015-12-21,tec,tec
64538,72301,1.0,Veja a pulseira fitness baratinha e outras compras tecnológicas,Confira um teclado dobrável e outras bugigangas tecnológicas,2015-11-16,2015-12-28,tec,tec
64538,73016,1.0,Veja a pulseira fitness baratinha e outras compras tecnológicas,Veja o controle remoto com cara de smartphone e outros gadgets,2015-11-16,2016-01-02,tec,tec
64538,75776,1.0,Veja a pulseira fitness baratinha e outras compras tecnológicas,Veja as telas adicionais para notebook e outras compras tecnológicas,2015-11-16,2016-01-18,tec,tec
64538,76909,1.0,Veja a pulseira fitness baratinha e outras compras tecnológicas,Veja um skate com caixas de som e outras compras tecnológicas,2015-11-16,2016-01-25,tec,tec
64538,80320,1.0,Veja a pulseira fitness baratinha e outras compras tecnológicas,Veja um roteador portátil útil para viajantes e outros produtos,2015-11-16,2016-02-15,tec,tec
64538,82972,1.0,Veja a pulseira fitness baratinha e outras compras tecnológicas,Confira um 'mouse ambidestro' e outras compras tecnológicas,2015-11-16,2016-02-29,tec,tec
64538,85242,1.0,Veja a pulseira fitness baratinha e outras compras tecnológicas,Veja um smartphone com tela 4K e outros produtos tecnológicos,2015-11-16,2016-03-14,tec,tec
64538,87836,1.0,Veja a pulseira fitness baratinha e outras compras tecnológicas,Veja um carregador sem fio para o iPhone e outras compras tecnológicas,2015-11-16,2016-03-28,tec,tec
64538,88613,1.0,Veja a pulseira fitness baratinha e outras compras tecnológicas,Veja um gramofone para conectar ao celular e outras compras tecnológicas,2015-11-16,2016-04-01,tec,tec
64538,104379,1.0,Veja a pulseira fitness baratinha e outras compras tecnológicas,Veja o contador de seguidores de redes sociais e outras compras tecnológicas,2015-11-16,2016-07-03,tec,tec
64538,124130,1.0,Veja a pulseira fitness baratinha e outras compras tecnológicas,Confira o petisco wi-fi para cachorros e outras compras tecnológicas,2015-11-16,2016-11-01,tec,tec
64538,124680,1.0,Veja a pulseira fitness baratinha e outras compras tecnológicas,Veja um sensor de movimentos para TV e outras compras tecnológicas,2015-11-16,2016-11-04,tec,tec
64928,71223,0.8671875,Filho de Lula pede ao STF acesso a inquérito contra ele na Zelotes,Ministra nega pedido de filho de Lula para ter acesso à íntegra da Zelotes,2015-11-18,2015-12-20,poder,poder
65229,109737,0.9140625,Baixe o pôster do Corinthians campeão do Campeonato Brasileiro,Baixe o pôster do Santos campeão do Campeonato Paulista,2015-11-20,2016-08-05,esporte,esporte
65872,72301,1.0,Veja novo smartphone para crianças e outras compras tecnológicas,Confira um teclado dobrável e outras bugigangas tecnológicas,2015-11-23,2015-12-28,tec,tec
65872,73016,1.0,Veja novo smartphone para crianças e outras compras tecnológicas,Veja o controle remoto com cara de smartphone e outros gadgets,2015-11-23,2016-01-02,tec,tec
65872,75776,1.0,Veja novo smartphone para crianças e outras compras tecnológicas,Veja as telas adicionais para notebook e outras compras tecnológicas,2015-11-23,2016-01-18,tec,tec
65872,76909,1.0,Veja novo smartphone para crianças e outras compras tecnológicas,Veja um skate com caixas de som e outras compras tecnológicas,2015-11-23,2016-01-25,tec,tec
65872,80320,1.0,Veja novo smartphone para crianças e outras compras tecnológicas,Veja um roteador portátil útil para viajantes e outros produtos,2015-11-23,2016-02-15,tec,tec
65872,82972,1.0,Veja novo smartphone para crianças e outras compras tecnológicas,Confira um 'mouse ambidestro' e outras compras tecnológicas,2015-11-23,2016-02-29,tec,tec
65872,85242,1.0,Veja novo smartphone para crianças e outras compras tecnológicas,Veja um smartphone com tela 4K e outros produtos tecnológicos,2015-11-23,2016-03-14,tec,tec
65872,87836,1.0,Veja novo smartphone para crianças e outras compras tecnológicas,Veja um carregador sem fio para o iPhone e outras compras tecnológicas,2015-11-23,2016-03-28,tec,tec
65872,88613,1.0,Veja novo smartphone para crianças e outras compras tecnológicas,Veja um gramofone para conectar ao celular e outras compras tecnológicas,2015-11-23,2016-04-01,tec,tec
65872,104379,1.0,Veja novo smartphone para crianças e outras compras tecnológicas,Veja o contador de seguidores de redes sociais e outras compras tecnológicas,2015-11-23,2016-07-03,tec,tec
65872,124130,1.0,Veja novo smartphone para crianças e outras compras tecnológicas,Confira o petisco wi-fi para cachorros e outras compras tecnológicas,2015-11-23,2016-11-01,tec,tec
65872,124680,1.0,Veja novo smartphone para crianças e outras compras tecnológicas,Veja um sensor de movimentos para TV e outras compras tecnológicas,2015-11-23,2016-11-04,tec,tec
66002,92012,0.9453125,Fazenda cobra R$ 255 milhões de IPVA de 305 mil donos de veículos em SP,Fazenda cobra R$ 355 milhões de IPVA de 458 mil donos de veículos em SP,2015-11-24,2016-04-20,mercado,mercado
66196,76054,0.96875,"Com Selic a 14,25%, fundos mantêm vantagem sobre a poupança","Fundos ampliam vantagem sobre a poupança com Selic a 14,25%",2015-11-25,2016-01-20,mercado,mercado
66197,76040,0.8984375,"Veja como ficam juros de empréstimos com a taxa Selic a 14,25% ao ano","Com taxa Selic a 14,25%, veja como ficam juros de empréstimos",2015-11-25,2016-01-20,mercado,mercado
66325,102456,1.0,Aviso,Aviso,2015-11-26,2016-06-23,colunas,colunas
66325,106061,1.0,Aviso,Aviso,2015-11-26,2016-07-14,colunas,colunas
66325,122038,1.0,Aviso,Aviso,2015-11-26,2016-10-20,colunas,colunas
67329,73016,1.0,Veja a meia conectada para monitorar bebês e outras compras tecnológicas,Veja o controle remoto com cara de smartphone e outros gadgets,2015-11-30,2016-01-02,tec,tec
67329,75776,1.0,Veja a meia conectada para monitorar bebês e outras compras tecnológicas,Veja as telas adicionais para notebook e outras compras tecnológicas,2015-11-30,2016-01-18,tec,tec
67329,76909,1.0,Veja a meia conectada para monitorar bebês e outras compras tecnológicas,Veja um skate com caixas de som e outras compras tecnológicas,2015-11-30,2016-01-25,tec,tec
67329,80320,1.0,Veja a meia conectada para monitorar bebês e outras compras tecnológicas,Veja um roteador portátil útil para viajantes e outros produtos,2015-11-30,2016-02-15,tec,tec
67329,82972,1.0,Veja a meia conectada para monitorar bebês e outras compras tecnológicas,Confira um 'mouse ambidestro' e outras compras tecnológicas,2015-11-30,2016-02-29,tec,tec
67329,85242,1.0,Veja a meia conectada para monitorar bebês e outras compras tecnológicas,Veja um smartphone com tela 4K e outros produtos tecnológicos,2015-11-30,2016-03-14,tec,tec
67329,87836,1.0,Veja a meia conectada para monitorar bebês e outras compras tecnológicas,Veja um carregador sem fio para o iPhone e outras compras tecnológicas,2015-11-30,2016-03-28,tec,tec
67329,88613,1.0,Veja a meia conectada para monitorar bebês e outras compras tecnológicas,Veja um gramofone para conectar ao celular e outras compras tecnológicas,2015-11-30,2016-04-01,tec,tec
67329,104379,1.0,Veja a meia conectada para monitorar bebês e outras compras tecnológicas,Veja o contador de seguidores de redes sociais e outras compras tecnológicas,2015-11-30,2016-07-03,tec,tec
67329,124130,1.0,Veja a meia conectada para monitorar bebês e outras compras tecnológicas,Confira o petisco wi-fi para cachorros e outras compras tecnológicas,2015-11-30,2016-11-01,tec,tec
67329,124680,1.0,Veja a meia conectada para monitorar bebês e outras compras tecnológicas,Veja um sensor de movimentos para TV e outras compras tecnológicas,2015-11-30,2016-11-04,tec,tec
69200,75798,0.8984375,Aviso,Aviso,2015-12-10,2016-01-19,colunas,colunas
69200,77981,0.859375,Aviso,Aviso,2015-12-10,2016-02-01,colunas,colunas
69200,93729,0.8984375,Aviso,Aviso,2015-12-10,2016-05-01,colunas,colunas
69200,107483,0.9609375,Aviso,Aviso,2015-12-10,2016-07-23,colunas,colunas
69200,114436,0.859375,Aviso,Aviso,2015-12-10,2016-09-01,colunas,colunas
69200,116281,0.859375,Aviso,Aviso,2015-12-10,2016-09-13,colunas,colunas
69200,117588,1.0,Aviso,Aviso,2015-12-10,2016-09-21,colunas,colunas
69200,121712,1.0,Aviso,AVISO,2015-12-10,2016-10-18,colunas,colunas
69200,128648,0.8984375,Aviso,Aviso,2015-12-10,2016-12-01,colunas,colunas
69200,136632,0.9609375,Aviso,Aviso,2015-12-10,2017-02-01,colunas,colunas
69200,138513,0.8984375,Aviso,Aviso,2015-12-10,2017-02-17,colunas,colunas
69200,139896,0.8984375,Aviso,Aviso,2015-12-10,2017-02-28,colunas,colunas
69200,147463,0.859375,Aviso,Aviso,2015-12-10,2017-05-01,colunas,colunas
69200,148281,0.859375,Aviso,Aviso,2015-12-10,2017-05-07,colunas,colunas
69200,155215,0.8984375,Aviso,Aviso,2015-12-10,2017-06-30,colunas,colunas
69200,155558,0.8984375,Aviso,Aviso,2015-12-10,2017-07-03,colunas,colunas
69200,156146,0.8984375,Aviso,Aviso,2015-12-10,2017-07-07,colunas,colunas
69200,156779,0.8984375,Aviso,Aviso,2015-12-10,2017-07-14,colunas,colunas
69200,157095,1.0,Aviso,Aviso de férias,2015-12-10,2017-07-17,colunas,colunas
69200,157634,0.8984375,Aviso,Aviso de férias,2015-12-10,2017-07-21,colunas,colunas
69200,157638,0.8984375,Aviso,Aviso,2015-12-10,2017-07-21,colunas,colunas
69200,157840,1.0,Aviso,Aviso de férias,2015-12-10,2017-07-23,colunas,colunas
69200,158955,1.0,Aviso,Aviso de férias,2015-12-10,2017-07-31,colunas,colunas
69200,163843,1.0,Aviso,Aviso de férias,2015-12-10,2017-09-07,colunas,colunas
69200,164893,1.0,Aviso,Aviso,2015-12-10,2017-09-17,colunas,colunas
69331,75776,1.0,Confira as máscaras de emoji e outras bugigangas tecnológicas,Veja as telas adicionais para notebook e outras compras tecnológicas,2015-12-10,2016-01-18,tec,tec
69331,76909,1.0,Confira as máscaras de emoji e outras bugigangas tecnológicas,Veja um skate com caixas de som e outras compras tecnológicas,2015-12-10,2016-01-25,tec,tec
69331,80320,1.0,Confira as máscaras de emoji e outras bugigangas tecnológicas,Veja um roteador portátil útil para viajantes e outros produtos,2015-12-10,2016-02-15,tec,tec
69331,82972,1.0,Confira as máscaras de emoji e outras bugigangas tecnológicas,Confira um 'mouse ambidestro' e outras compras tecnológicas,2015-12-10,2016-02-29,tec,tec
69331,85242,1.0,Confira as máscaras de emoji e outras bugigangas tecnológicas,Veja um smartphone com tela 4K e outros produtos tecnológicos,2015-12-10,2016-03-14,tec,tec
69331,87836,1.0,Confira as máscaras de emoji e outras bugigangas tecnológicas,Veja um carregador sem fio para o iPhone e outras compras tecnológicas,2015-12-10,2016-03-28,tec,tec
69331,88613,1.0,Confira as máscaras de emoji e outras bugigangas tecnológicas,Veja um gramofone para conectar ao celular e outras compras tecnológicas,2015-12-10,2016-04-01,tec,tec
69331,104379,1.0,Confira as máscaras de emoji e outras bugigangas tecnológicas,Veja o contador de seguidores de redes sociais e outras compras tecnológicas,2015-12-10,2016-07-03,tec,tec
69331,124130,1.0,Confira as máscaras de emoji e outras bugigangas tecnológicas,Confira o petisco wi-fi para cachorros e outras compras tecnológicas,2015-12-10,2016-11-01,tec,tec
69331,124680,1.0,Confira as máscaras de emoji e outras bugigangas tecnológicas,Veja um sensor de movimentos para TV e outras compras tecnológicas,2015-12-10,2016-11-04,tec,tec
70090,75776,1.0,Veja enfeite em formato de emoji para a árvore de Natal e outros produtos,Veja as telas adicionais para notebook e outras compras tecnológicas,2015-12-14,2016-01-18,tec,tec
70090,76909,1.0,Veja enfeite em formato de emoji para a árvore de Natal e outros produtos,Veja um skate com caixas de som e outras compras tecnológicas,2015-12-14,2016-01-25,tec,tec
70090,80320,1.0,Veja enfeite em formato de emoji para a árvore de Natal e outros produtos,Veja um roteador portátil útil para viajantes e outros produtos,2015-12-14,2016-02-15,tec,tec
70090,82972,1.0,Veja enfeite em formato de emoji para a árvore de Natal e outros produtos,Confira um 'mouse ambidestro' e outras compras tecnológicas,2015-12-14,2016-02-29,tec,tec
70090,85242,1.0,Veja enfeite em formato de emoji para a árvore de Natal e outros produtos,Veja um smartphone com tela 4K e outros produtos tecnológicos,2015-12-14,2016-03-14,tec,tec
70090,87836,1.0,Veja enfeite em formato de emoji para a árvore de Natal e outros produtos,Veja um carregador sem fio para o iPhone e outras compras tecnológicas,2015-12-14,2016-03-28,tec,tec
70090,88613,1.0,Veja enfeite em formato de emoji para a árvore de Natal e outros produtos,Veja um gramofone para conectar ao celular e outras compras tecnológicas,2015-12-14,2016-04-01,tec,tec
70090,104379,1.0,Veja enfeite em formato de emoji para a árvore de Natal e outros produtos,Veja o contador de seguidores de redes sociais e outras compras tecnológicas,2015-12-14,2016-07-03,tec,tec
70090,124130,1.0,Veja enfeite em formato de emoji para a árvore de Natal e outros produtos,Confira o petisco wi-fi para cachorros e outras compras tecnológicas,2015-12-14,2016-11-01,tec,tec
70090,124680,1.0,Veja enfeite em formato de emoji para a árvore de Natal e outros produtos,Veja um sensor de movimentos para TV e outras compras tecnológicas,2015-12-14,2016-11-04,tec,tec
70621,78780,0.90625,Veja opções para contornar bloqueio de 48 horas do WhatsApp,Veja opções para contornar o bloqueio do WhatsApp,2015-12-17,2016-02-05,mercado,tec
70745,75798,0.859375,Aviso,Aviso,2015-12-18,2016-01-19,colunas,colunas
70745,77981,0.8828125,Aviso,Aviso,2015-12-18,2016-02-01,colunas,colunas
70745,93729,0.859375,Aviso,Aviso,2015-12-18,2016-05-01,colunas,colunas
70745,107483,1.0,Aviso,Aviso,2015-12-18,2016-07-23,colunas,colunas
70745,114436,0.8828125,Aviso,Aviso,2015-12-18,2016-09-01,colunas,colunas
70745,116281,0.8828125,Aviso,Aviso,2015-12-18,2016-09-13,colunas,colunas
70745,117588,0.9609375,Aviso,Aviso,2015-12-18,2016-09-21,colunas,colunas
70745,121712,0.9609375,Aviso,AVISO,2015-12-18,2016-10-18,colunas,colunas
70745,128648,0.859375,Aviso,Aviso,2015-12-18,2016-12-01,colunas,colunas
70745,136632,1.0,Aviso,Aviso,2015-12-18,2017-02-01,colunas,colunas
70745,138513,0.859375,Aviso,Aviso,2015-12-18,2017-02-17,colunas,colunas
70745,139896,0.859375,Aviso,Aviso,2015-12-18,2017-02-28,colunas,colunas
70745,147463,0.8828125,Aviso,Aviso,2015-12-18,2017-05-01,colunas,colunas
70745,148281,0.8828125,Aviso,Aviso,2015-12-18,2017-05-07,colunas,colunas
70745,155215,0.859375,Aviso,Aviso,2015-12-18,2017-06-30,colunas,colunas
70745,155558,0.859375,Aviso,Aviso,2015-12-18,2017-07-03,colunas,colunas
70745,156146,0.859375,Aviso,Aviso,2015-12-18,2017-07-07,colunas,colunas
70745,156779,0.859375,Aviso,Aviso,2015-12-18,2017-07-14,colunas,colunas
70745,157095,0.9609375,Aviso,Aviso de férias,2015-12-18,2017-07-17,colunas,colunas
70745,157634,0.859375,Aviso,Aviso de férias,2015-12-18,2017-07-21,colunas,colunas
70745,157638,0.859375,Aviso,Aviso,2015-12-18,2017-07-21,colunas,colunas
70745,157840,0.9609375,Aviso,Aviso de férias,2015-12-18,2017-07-23,colunas,colunas
70745,158955,0.9609375,Aviso,Aviso de férias,2015-12-18,2017-07-31,colunas,colunas
70745,163843,0.9609375,Aviso,Aviso de férias,2015-12-18,2017-09-07,colunas,colunas
70745,164893,0.9609375,Aviso,Aviso,2015-12-18,2017-09-17,colunas,colunas
70755,116137,0.8828125,Aviso,Aviso,2015-12-18,2016-09-12,colunas,colunas
70755,160130,0.875,Aviso,Aviso,2015-12-18,2017-08-09,colunas,colunas
71410,86575,1.0,Confira a agenda desta semana,Confira a agenda desta semana,2015-12-21,2016-03-21,poder,poder
71433,76909,1.0,Veja a almofada para fãs de WhatsApp e outras compras tecnológicas,Veja um skate com caixas de som e outras compras tecnológicas,2015-12-21,2016-01-25,tec,tec
71433,80320,1.0,Veja a almofada para fãs de WhatsApp e outras compras tecnológicas,Veja um roteador portátil útil para viajantes e outros produtos,2015-12-21,2016-02-15,tec,tec
71433,82972,1.0,Veja a almofada para fãs de WhatsApp e outras compras tecnológicas,Confira um 'mouse ambidestro' e outras compras tecnológicas,2015-12-21,2016-02-29,tec,tec
71433,85242,1.0,Veja a almofada para fãs de WhatsApp e outras compras tecnológicas,Veja um smartphone com tela 4K e outros produtos tecnológicos,2015-12-21,2016-03-14,tec,tec
71433,87836,1.0,Veja a almofada para fãs de WhatsApp e outras compras tecnológicas,Veja um carregador sem fio para o iPhone e outras compras tecnológicas,2015-12-21,2016-03-28,tec,tec
71433,88613,1.0,Veja a almofada para fãs de WhatsApp e outras compras tecnológicas,Veja um gramofone para conectar ao celular e outras compras tecnológicas,2015-12-21,2016-04-01,tec,tec
71433,104379,1.0,Veja a almofada para fãs de WhatsApp e outras compras tecnológicas,Veja o contador de seguidores de redes sociais e outras compras tecnológicas,2015-12-21,2016-07-03,tec,tec
71433,124130,1.0,Veja a almofada para fãs de WhatsApp e outras compras tecnológicas,Confira o petisco wi-fi para cachorros e outras compras tecnológicas,2015-12-21,2016-11-01,tec,tec
71433,124680,1.0,Veja a almofada para fãs de WhatsApp e outras compras tecnológicas,Veja um sensor de movimentos para TV e outras compras tecnológicas,2015-12-21,2016-11-04,tec,tec
71494,103953,0.875,"Cartola da federação de atletismo ocultou doping russo, diz jornal",Federação internacional bane três dirigentes e um técnico do atletismo,2015-12-22,2016-07-01,esporte,esporte
71760,89706,0.9296875,Aviso,Aviso,2015-12-24,2016-04-08,colunas,colunas
71760,97819,0.9453125,Aviso,Aviso,2015-12-24,2016-05-26,colunas,colunas
71760,103910,0.90625,Aviso,Aviso,2015-12-24,2016-07-01,colunas,colunas
71760,103923,0.90625,Aviso,Aviso,2015-12-24,2016-07-01,colunas,colunas
71760,104390,0.90625,Aviso,Aviso,2015-12-24,2016-07-04,colunas,colunas
71760,130920,0.90625,Aviso,Aviso,2015-12-24,2016-12-15,colunas,colunas
71959,77974,0.9296875,Aviso,Aviso,2015-12-26,2016-02-01,colunas,colunas
71959,98876,0.9140625,Aviso,Aviso,2015-12-26,2016-06-02,colunas,colunas
72174,112727,0.921875,Aviso,Aviso,2015-12-28,2016-08-22,colunas,colunas
72174,114970,0.8515625,Aviso,Aviso,2015-12-28,2016-09-05,colunas,colunas
72174,128159,1.0,Aviso,Aviso,2015-12-28,2016-11-28,colunas,colunas
72301,80320,1.0,Confira um teclado dobrável e outras bugigangas tecnológicas,Veja um roteador portátil útil para viajantes e outros produtos,2015-12-28,2016-02-15,tec,tec
72301,82972,1.0,Confira um teclado dobrável e outras bugigangas tecnológicas,Confira um 'mouse ambidestro' e outras compras tecnológicas,2015-12-28,2016-02-29,tec,tec
72301,85242,1.0,Confira um teclado dobrável e outras bugigangas tecnológicas,Veja um smartphone com tela 4K e outros produtos tecnológicos,2015-12-28,2016-03-14,tec,tec
72301,87836,1.0,Confira um teclado dobrável e outras bugigangas tecnológicas,Veja um carregador sem fio para o iPhone e outras compras tecnológicas,2015-12-28,2016-03-28,tec,tec
72301,88613,1.0,Confira um teclado dobrável e outras bugigangas tecnológicas,Veja um gramofone para conectar ao celular e outras compras tecnológicas,2015-12-28,2016-04-01,tec,tec
72301,104379,1.0,Confira um teclado dobrável e outras bugigangas tecnológicas,Veja o contador de seguidores de redes sociais e outras compras tecnológicas,2015-12-28,2016-07-03,tec,tec
72301,124130,1.0,Confira um teclado dobrável e outras bugigangas tecnológicas,Confira o petisco wi-fi para cachorros e outras compras tecnológicas,2015-12-28,2016-11-01,tec,tec
72301,124680,1.0,Confira um teclado dobrável e outras bugigangas tecnológicas,Veja um sensor de movimentos para TV e outras compras tecnológicas,2015-12-28,2016-11-04,tec,tec
72613,77981,0.859375,Aviso,Aviso,2015-12-31,2016-02-01,colunas,colunas
72613,93729,0.8984375,Aviso,Aviso,2015-12-31,2016-05-01,colunas,colunas
72613,107483,0.9609375,Aviso,Aviso,2015-12-31,2016-07-23,colunas,colunas
72613,114436,0.859375,Aviso,Aviso,2015-12-31,2016-09-01,colunas,colunas
72613,116281,0.859375,Aviso,Aviso,2015-12-31,2016-09-13,colunas,colunas
72613,117588,1.0,Aviso,Aviso,2015-12-31,2016-09-21,colunas,colunas
72613,121712,1.0,Aviso,AVISO,2015-12-31,2016-10-18,colunas,colunas
72613,128648,0.8984375,Aviso,Aviso,2015-12-31,2016-12-01,colunas,colunas
72613,136632,0.9609375,Aviso,Aviso,2015-12-31,2017-02-01,colunas,colunas
72613,138513,0.8984375,Aviso,Aviso,2015-12-31,2017-02-17,colunas,colunas
72613,139896,0.8984375,Aviso,Aviso,2015-12-31,2017-02-28,colunas,colunas
72613,147463,0.859375,Aviso,Aviso,2015-12-31,2017-05-01,colunas,colunas
72613,148281,0.859375,Aviso,Aviso,2015-12-31,2017-05-07,colunas,colunas
72613,155215,0.8984375,Aviso,Aviso,2015-12-31,2017-06-30,colunas,colunas
72613,155558,0.8984375,Aviso,Aviso,2015-12-31,2017-07-03,colunas,colunas
72613,156146,0.8984375,Aviso,Aviso,2015-12-31,2017-07-07,colunas,colunas
72613,156779,0.8984375,Aviso,Aviso,2015-12-31,2017-07-14,colunas,colunas
72613,157095,1.0,Aviso,Aviso de férias,2015-12-31,2017-07-17,colunas,colunas
72613,157634,0.8984375,Aviso,Aviso de férias,2015-12-31,2017-07-21,colunas,colunas
72613,157638,0.8984375,Aviso,Aviso,2015-12-31,2017-07-21,colunas,colunas
72613,157840,1.0,Aviso,Aviso de férias,2015-12-31,2017-07-23,colunas,colunas
72613,158955,1.0,Aviso,Aviso de férias,2015-12-31,2017-07-31,colunas,colunas
72613,163843,1.0,Aviso,Aviso de férias,2015-12-31,2017-09-07,colunas,colunas
72613,164893,1.0,Aviso,Aviso,2015-12-31,2017-09-17,colunas,colunas
72614,89706,0.9296875,Aviso,Aviso,2015-12-31,2016-04-08,colunas,colunas
72614,97819,0.9375,Aviso,Aviso,2015-12-31,2016-05-26,colunas,colunas
72614,103910,0.9140625,Aviso,Aviso,2015-12-31,2016-07-01,colunas,colunas
72614,103923,0.9140625,Aviso,Aviso,2015-12-31,2016-07-01,colunas,colunas
72614,104390,0.9140625,Aviso,Aviso,2015-12-31,2016-07-04,colunas,colunas
72624,89706,0.9296875,Aviso,Aviso,2015-12-31,2016-04-08,colunas,colunas
72624,97819,0.9375,Aviso,Aviso,2015-12-31,2016-05-26,colunas,colunas
72624,103910,0.9140625,Aviso,Aviso,2015-12-31,2016-07-01,colunas,colunas
72624,103923,0.9140625,Aviso,Aviso,2015-12-31,2016-07-01,colunas,colunas
72624,104390,0.9140625,Aviso,Aviso,2015-12-31,2016-07-04,colunas,colunas
72741,77981,0.9609375,Aviso,Aviso,2016-01-01,2016-02-01,colunas,colunas
72741,93729,1.0,Aviso,Aviso,2016-01-01,2016-05-01,colunas,colunas
72741,107483,0.859375,Aviso,Aviso,2016-01-01,2016-07-23,colunas,colunas
72741,114436,0.9609375,Aviso,Aviso,2016-01-01,2016-09-01,colunas,colunas
72741,116281,0.9609375,Aviso,Aviso,2016-01-01,2016-09-13,colunas,colunas
72741,117588,0.8984375,Aviso,Aviso,2016-01-01,2016-09-21,colunas,colunas
72741,121712,0.8984375,Aviso,AVISO,2016-01-01,2016-10-18,colunas,colunas
72741,128648,1.0,Aviso,Aviso,2016-01-01,2016-12-01,colunas,colunas
72741,136632,0.859375,Aviso,Aviso,2016-01-01,2017-02-01,colunas,colunas
72741,138513,1.0,Aviso,Aviso,2016-01-01,2017-02-17,colunas,colunas
72741,139896,1.0,Aviso,Aviso,2016-01-01,2017-02-28,colunas,colunas
72741,147463,0.9609375,Aviso,Aviso,2016-01-01,2017-05-01,colunas,colunas
72741,148281,0.9609375,Aviso,Aviso,2016-01-01,2017-05-07,colunas,colunas
72741,155215,1.0,Aviso,Aviso,2016-01-01,2017-06-30,colunas,colunas
72741,155558,1.0,Aviso,Aviso,2016-01-01,2017-07-03,colunas,colunas
72741,156146,1.0,Aviso,Aviso,2016-01-01,2017-07-07,colunas,colunas
72741,156779,1.0,Aviso,Aviso,2016-01-01,2017-07-14,colunas,colunas
72741,157095,0.8984375,Aviso,Aviso de férias,2016-01-01,2017-07-17,colunas,colunas
72741,157634,1.0,Aviso,Aviso de férias,2016-01-01,2017-07-21,colunas,colunas
72741,157638,1.0,Aviso,Aviso,2016-01-01,2017-07-21,colunas,colunas
72741,157840,0.8984375,Aviso,Aviso de férias,2016-01-01,2017-07-23,colunas,colunas
72741,158955,0.8984375,Aviso,Aviso de férias,2016-01-01,2017-07-31,colunas,colunas
72741,163843,0.8984375,Aviso,Aviso de férias,2016-01-01,2017-09-07,colunas,colunas
72741,164893,0.8984375,Aviso,Aviso,2016-01-01,2017-09-17,colunas,colunas
72746,80949,1.0,Aviso,Aviso,2016-01-01,2016-02-19,colunas,colunas
72746,97954,1.0,Aviso,Aviso,2016-01-01,2016-05-27,colunas,colunas
72746,109049,1.0,Aviso,Aviso,2016-01-01,2016-08-01,colunas,colunas
72945,88741,0.921875,"Grupo GEP, dono da Luigi Bertolli, pede recuperação judicial",Justiça aceita pedido de recuperação judicial de grupo dono da Luigi Bertolli,2016-01-02,2016-04-02,mercado,mercado
72953,78380,1.0,Inserção global do Brasil passa por solução de entraves econômicos,Inserção global do Brasil passa por solução de entraves econômicos,2016-01-02,2016-02-03,mercado,mercado
73016,80320,1.0,Veja o controle remoto com cara de smartphone e outros gadgets,Veja um roteador portátil útil para viajantes e outros produtos,2016-01-02,2016-02-15,tec,tec
73016,82972,1.0,Veja o controle remoto com cara de smartphone e outros gadgets,Confira um 'mouse ambidestro' e outras compras tecnológicas,2016-01-02,2016-02-29,tec,tec
73016,85242,1.0,Veja o controle remoto com cara de smartphone e outros gadgets,Veja um smartphone com tela 4K e outros produtos tecnológicos,2016-01-02,2016-03-14,tec,tec
73016,87836,1.0,Veja o controle remoto com cara de smartphone e outros gadgets,Veja um carregador sem fio para o iPhone e outras compras tecnológicas,2016-01-02,2016-03-28,tec,tec
73016,88613,1.0,Veja o controle remoto com cara de smartphone e outros gadgets,Veja um gramofone para conectar ao celular e outras compras tecnológicas,2016-01-02,2016-04-01,tec,tec
73016,104379,1.0,Veja o controle remoto com cara de smartphone e outros gadgets,Veja o contador de seguidores de redes sociais e outras compras tecnológicas,2016-01-02,2016-07-03,tec,tec
73016,124130,1.0,Veja o controle remoto com cara de smartphone e outros gadgets,Confira o petisco wi-fi para cachorros e outras compras tecnológicas,2016-01-02,2016-11-01,tec,tec
73016,124680,1.0,Veja o controle remoto com cara de smartphone e outros gadgets,Veja um sensor de movimentos para TV e outras compras tecnológicas,2016-01-02,2016-11-04,tec,tec
73303,78566,0.9140625,Investimentos e poupança no Brasil vão a debate,Investimentos e poupança vão a debate nesta 2ª,2016-01-04,2016-02-04,mercado,mercado
73303,89123,0.890625,Investimentos e poupança no Brasil vão a debate,Investimentos e poupança vão a debate nesta 2ª,2016-01-04,2016-04-04,mercado,mercado
73475,98266,1.0,"Veja cartum de Bruno Maron na ""Ilustríssima"" desta semana",Veja o cartum de Bruno Maron na edição deste domingo,2016-01-05,2016-05-29,ilustrissima,ilustrissima
73475,125464,1.0,"Veja cartum de Bruno Maron na ""Ilustríssima"" desta semana",Veja o cartum de Bruno Maron publicado neste domingo,2016-01-05,2016-11-09,ilustrissima,ilustrissima
73475,131410,1.0,"Veja cartum de Bruno Maron na ""Ilustríssima"" desta semana",Veja o cartum de Bruno Maron publicado nesta edição da Ilustríssima,2016-01-05,2016-12-18,ilustrissima,ilustrissima
73475,134427,1.0,"Veja cartum de Bruno Maron na ""Ilustríssima"" desta semana",Veja o cartum de Bruno Maron para a edição deste domingo,2016-01-05,2017-01-15,ilustrissima,ilustrissima
73913,89544,0.921875,Aviso,Aviso,2016-01-08,2016-04-07,colunas,colunas
74539,79673,0.9375,Feriado de Finados suspende rodízio e afeta metrô e trens de São Paulo,Feriado de Finados suspende rodízio e afeta metrô e trens de São Paulo,2016-01-11,2016-02-11,cotidiano,cotidiano
74703,128526,1.0,Chapecoense terá que usar categoria base para encerrar o ano,Chapecoense terá que usar atletas da base para encerrar o ano,2016-01-12,2016-11-30,esporte,esporte
74879,128805,0.9609375,"Na praia, certo é usar protetor com fator 50, diz dermatologista","Na praia, certo é usar protetor com fator 50, diz dermatologista",2016-01-13,2016-12-01,equilibrioesaude,tv
75202,80949,1.0,Aviso,Aviso,2016-01-15,2016-02-19,colunas,colunas
75202,97954,1.0,Aviso,Aviso,2016-01-15,2016-05-27,colunas,colunas
75202,109049,1.0,Aviso,Aviso,2016-01-15,2016-08-01,colunas,colunas
75776,82972,1.0,Veja as telas adicionais para notebook e outras compras tecnológicas,Confira um 'mouse ambidestro' e outras compras tecnológicas,2016-01-18,2016-02-29,tec,tec
75776,85242,1.0,Veja as telas adicionais para notebook e outras compras tecnológicas,Veja um smartphone com tela 4K e outros produtos tecnológicos,2016-01-18,2016-03-14,tec,tec
75776,87836,1.0,Veja as telas adicionais para notebook e outras compras tecnológicas,Veja um carregador sem fio para o iPhone e outras compras tecnológicas,2016-01-18,2016-03-28,tec,tec
75776,88613,1.0,Veja as telas adicionais para notebook e outras compras tecnológicas,Veja um gramofone para conectar ao celular e outras compras tecnológicas,2016-01-18,2016-04-01,tec,tec
75776,104379,1.0,Veja as telas adicionais para notebook e outras compras tecnológicas,Veja o contador de seguidores de redes sociais e outras compras tecnológicas,2016-01-18,2016-07-03,tec,tec
75776,124130,1.0,Veja as telas adicionais para notebook e outras compras tecnológicas,Confira o petisco wi-fi para cachorros e outras compras tecnológicas,2016-01-18,2016-11-01,tec,tec
75776,124680,1.0,Veja as telas adicionais para notebook e outras compras tecnológicas,Veja um sensor de movimentos para TV e outras compras tecnológicas,2016-01-18,2016-11-04,tec,tec
75798,93729,1.0,Aviso,Aviso,2016-01-19,2016-05-01,colunas,colunas
75798,107483,0.859375,Aviso,Aviso,2016-01-19,2016-07-23,colunas,colunas
75798,114436,0.9609375,Aviso,Aviso,2016-01-19,2016-09-01,colunas,colunas
75798,116281,0.9609375,Aviso,Aviso,2016-01-19,2016-09-13,colunas,colunas
75798,117588,0.8984375,Aviso,Aviso,2016-01-19,2016-09-21,colunas,colunas
75798,121712,0.8984375,Aviso,AVISO,2016-01-19,2016-10-18,colunas,colunas
75798,128648,1.0,Aviso,Aviso,2016-01-19,2016-12-01,colunas,colunas
75798,136632,0.859375,Aviso,Aviso,2016-01-19,2017-02-01,colunas,colunas
75798,138513,1.0,Aviso,Aviso,2016-01-19,2017-02-17,colunas,colunas
75798,139896,1.0,Aviso,Aviso,2016-01-19,2017-02-28,colunas,colunas
75798,147463,0.9609375,Aviso,Aviso,2016-01-19,2017-05-01,colunas,colunas
75798,148281,0.9609375,Aviso,Aviso,2016-01-19,2017-05-07,colunas,colunas
75798,155215,1.0,Aviso,Aviso,2016-01-19,2017-06-30,colunas,colunas
75798,155558,1.0,Aviso,Aviso,2016-01-19,2017-07-03,colunas,colunas
75798,156146,1.0,Aviso,Aviso,2016-01-19,2017-07-07,colunas,colunas
75798,156779,1.0,Aviso,Aviso,2016-01-19,2017-07-14,colunas,colunas
75798,157095,0.8984375,Aviso,Aviso de férias,2016-01-19,2017-07-17,colunas,colunas
75798,157634,1.0,Aviso,Aviso de férias,2016-01-19,2017-07-21,colunas,colunas
75798,157638,1.0,Aviso,Aviso,2016-01-19,2017-07-21,colunas,colunas
75798,157840,0.8984375,Aviso,Aviso de férias,2016-01-19,2017-07-23,colunas,colunas
75798,158955,0.8984375,Aviso,Aviso de férias,2016-01-19,2017-07-31,colunas,colunas
75798,163843,0.8984375,Aviso,Aviso de férias,2016-01-19,2017-09-07,colunas,colunas
75798,164893,0.8984375,Aviso,Aviso,2016-01-19,2017-09-17,colunas,colunas
76803,128848,0.9453125,MEC divulga 1ª lista de aprovados no ProUni,MEC divulga 2ª lista de aprovados no ProUni,2016-01-25,2016-12-02,educacao,educacao
76900,92755,0.984375,Veja a agenda desta semana,Confira a agenda desta semana,2016-01-25,2016-04-25,poder,poder
76909,82972,1.0,Veja um skate com caixas de som e outras compras tecnológicas,Confira um 'mouse ambidestro' e outras compras tecnológicas,2016-01-25,2016-02-29,tec,tec
76909,85242,1.0,Veja um skate com caixas de som e outras compras tecnológicas,Veja um smartphone com tela 4K e outros produtos tecnológicos,2016-01-25,2016-03-14,tec,tec
76909,87836,1.0,Veja um skate com caixas de som e outras compras tecnológicas,Veja um carregador sem fio para o iPhone e outras compras tecnológicas,2016-01-25,2016-03-28,tec,tec
76909,88613,1.0,Veja um skate com caixas de som e outras compras tecnológicas,Veja um gramofone para conectar ao celular e outras compras tecnológicas,2016-01-25,2016-04-01,tec,tec
76909,104379,1.0,Veja um skate com caixas de som e outras compras tecnológicas,Veja o contador de seguidores de redes sociais e outras compras tecnológicas,2016-01-25,2016-07-03,tec,tec
76909,124130,1.0,Veja um skate com caixas de som e outras compras tecnológicas,Confira o petisco wi-fi para cachorros e outras compras tecnológicas,2016-01-25,2016-11-01,tec,tec
76909,124680,1.0,Veja um skate com caixas de som e outras compras tecnológicas,Veja um sensor de movimentos para TV e outras compras tecnológicas,2016-01-25,2016-11-04,tec,tec
77974,98876,0.8984375,Aviso,Aviso,2016-02-01,2016-06-02,colunas,colunas
77981,93729,0.9609375,Aviso,Aviso,2016-02-01,2016-05-01,colunas,colunas
77981,107483,0.8828125,Aviso,Aviso,2016-02-01,2016-07-23,colunas,colunas
77981,114436,1.0,Aviso,Aviso,2016-02-01,2016-09-01,colunas,colunas
77981,116281,1.0,Aviso,Aviso,2016-02-01,2016-09-13,colunas,colunas
77981,117588,0.859375,Aviso,Aviso,2016-02-01,2016-09-21,colunas,colunas
77981,121712,0.859375,Aviso,AVISO,2016-02-01,2016-10-18,colunas,colunas
77981,128648,0.9609375,Aviso,Aviso,2016-02-01,2016-12-01,colunas,colunas
77981,136632,0.8828125,Aviso,Aviso,2016-02-01,2017-02-01,colunas,colunas
77981,138513,0.9609375,Aviso,Aviso,2016-02-01,2017-02-17,colunas,colunas
77981,139896,0.9609375,Aviso,Aviso,2016-02-01,2017-02-28,colunas,colunas
77981,147463,1.0,Aviso,Aviso,2016-02-01,2017-05-01,colunas,colunas
77981,148281,1.0,Aviso,Aviso,2016-02-01,2017-05-07,colunas,colunas
77981,155215,0.9609375,Aviso,Aviso,2016-02-01,2017-06-30,colunas,colunas
77981,155558,0.9609375,Aviso,Aviso,2016-02-01,2017-07-03,colunas,colunas
77981,156146,0.9609375,Aviso,Aviso,2016-02-01,2017-07-07,colunas,colunas
77981,156779,0.9609375,Aviso,Aviso,2016-02-01,2017-07-14,colunas,colunas
77981,157095,0.859375,Aviso,Aviso de férias,2016-02-01,2017-07-17,colunas,colunas
77981,157634,0.9609375,Aviso,Aviso de férias,2016-02-01,2017-07-21,colunas,colunas
77981,157638,0.9609375,Aviso,Aviso,2016-02-01,2017-07-21,colunas,colunas
77981,157840,0.859375,Aviso,Aviso de férias,2016-02-01,2017-07-23,colunas,colunas
77981,158955,0.859375,Aviso,Aviso de férias,2016-02-01,2017-07-31,colunas,colunas
77981,163843,0.859375,Aviso,Aviso de férias,2016-02-01,2017-09-07,colunas,colunas
77981,164893,0.859375,Aviso,Aviso,2016-02-01,2017-09-17,colunas,colunas
78470,109023,1.0,"
		Zona oeste de SP ganha status por ser ""perto de tudo""
		","
		Com um dos m² mais caros de SP, zona oeste tem status por ser ""perto de tudo""
		",2016-02-03,2016-07-31,sobretudo,sobretudo
78566,89123,0.9765625,Investimentos e poupança vão a debate nesta 2ª,Investimentos e poupança vão a debate nesta 2ª,2016-02-04,2016-04-04,mercado,mercado
78642,93144,0.9609375,Seminário discutirá políticas sociais em grandes centros urbanos,Seminário internacional discutirá políticas sociais em grandes centros urbanos,2016-02-05,2016-04-27,cotidiano,seminariosfolha
78670,137204,0.96875,"Fora da Olimpíada do Rio por cinco centésimos, Lanza vira favorito","Em meio à crise, natação brasileira testa nova safra no Maria Lenk",2016-02-05,2017-02-05,esporte,esporte
78829,98392,0.8828125,Mais de 600 mil já se inscreveram no Sisu; prazo termina nesta quinta,Sisu abre inscrição para 56 mil vagas a partir desta segunda,2016-02-06,2016-05-30,educacao,educacao
78896,89461,1.0,Arena do Marketing debate medidas anticorrupção na publicidade na terça,Arena do Marketing debate medidas anticorrupção na publicidade na terça,2016-02-06,2016-04-06,mercado,mercado
78896,94639,1.0,Arena do Marketing debate medidas anticorrupção na publicidade na terça,Arena do Marketing debate medidas anticorrupção na publicidade na terça,2016-02-06,2016-05-06,mercado,mercado
78896,104767,0.984375,Arena do Marketing debate medidas anticorrupção na publicidade na terça,Arena do Marketing debate medidas anticorrupção na publicidade na terça,2016-02-06,2016-07-06,mercado,mercado
78999,108347,1.0,Pelé vai lançar clipe de música que compôs para a Olimpíada,Pelé vai lançar clipe de música que compôs para a Olimpíada,2016-02-07,2016-07-28,colunas,colunas
79121,112375,1.0,Cardozo e filha de Temer têm encontro cordial em palestra sobre democracia,Cardozo e filha de Temer têm encontro cordial em palestra sobre democracia,2016-02-08,2016-08-20,colunas,colunas
79508,105522,1.0,"Plebiscito não é sobre meu governo e, sim, sobre futuro melhor, diz Santos","Antes de ganhar Nobel da Paz, Santos disse à Folha crer na reconciliação",2016-02-10,2016-07-10,mundo,mundo
80087,92548,1.0,Veja o cartum da série Ogro deste domingo,"Veja cartum da série Ogro, de Rafa Campos",2016-02-14,2016-04-24,ilustrissima,ilustrissima
80320,87836,1.0,Veja um roteador portátil útil para viajantes e outros produtos,Veja um carregador sem fio para o iPhone e outras compras tecnológicas,2016-02-15,2016-03-28,tec,tec
80320,88613,1.0,Veja um roteador portátil útil para viajantes e outros produtos,Veja um gramofone para conectar ao celular e outras compras tecnológicas,2016-02-15,2016-04-01,tec,tec
80320,104379,1.0,Veja um roteador portátil útil para viajantes e outros produtos,Veja o contador de seguidores de redes sociais e outras compras tecnológicas,2016-02-15,2016-07-03,tec,tec
80320,124130,1.0,Veja um roteador portátil útil para viajantes e outros produtos,Confira o petisco wi-fi para cachorros e outras compras tecnológicas,2016-02-15,2016-11-01,tec,tec
80320,124680,1.0,Veja um roteador portátil útil para viajantes e outros produtos,Veja um sensor de movimentos para TV e outras compras tecnológicas,2016-02-15,2016-11-04,tec,tec
80949,97954,1.0,Aviso,Aviso,2016-02-19,2016-05-27,colunas,colunas
80949,109049,1.0,Aviso,Aviso,2016-02-19,2016-08-01,colunas,colunas
82119,136952,0.9140625,Descubra quem pode ser incluído como dependente no IR,Descubra quem pode ser considerado dependente no Imposto de Renda,2016-02-25,2017-02-03,mercado,mercado
82633,93198,1.0,De volta à escola: Já calibrou a lousa hoje?,Tati Bernardi: Já calibrou a lousa hoje?,2016-02-28,2016-04-28,educacao,educacao
82634,93197,1.0,De volta à escola: Personagens se assemelham aos que vi nos anos 1970,Luiz Felipe Pondé: Personagens se assemelham aos que vi nos anos 1970,2016-02-28,2016-04-28,educacao,educacao
82681,92548,1.0,Veja cartum da série Ogro de Rafa Campos,"Veja cartum da série Ogro, de Rafa Campos",2016-02-28,2016-04-24,ilustrissima,ilustrissima
82972,88613,1.0,Confira um 'mouse ambidestro' e outras compras tecnológicas,Veja um gramofone para conectar ao celular e outras compras tecnológicas,2016-02-29,2016-04-01,tec,tec
82972,104379,1.0,Confira um 'mouse ambidestro' e outras compras tecnológicas,Veja o contador de seguidores de redes sociais e outras compras tecnológicas,2016-02-29,2016-07-03,tec,tec
82972,124130,1.0,Confira um 'mouse ambidestro' e outras compras tecnológicas,Confira o petisco wi-fi para cachorros e outras compras tecnológicas,2016-02-29,2016-11-01,tec,tec
82972,124680,1.0,Confira um 'mouse ambidestro' e outras compras tecnológicas,Veja um sensor de movimentos para TV e outras compras tecnológicas,2016-02-29,2016-11-04,tec,tec
83258,94324,0.859375,Defesa de Palocci entra com recurso para tentar anular delações premiadas,STF mantém decisão que negou pedido de Palocci para anular delações,2016-03-02,2016-05-04,poder,poder
83811,92956,0.859375,"Shakespeare: Iara Jamra interpreta ""Os Dois Cavalheiros de Verona""","Em especial, Oswaldo Mendes interpreta Shakespeare; assista",2016-03-05,2016-04-26,tv,tv
83900,89461,1.0,Arena do Marketing debate medidas anticorrupção na publicidade na terça,Arena do Marketing debate medidas anticorrupção na publicidade na terça,2016-03-06,2016-04-06,mercado,mercado
83900,94639,1.0,Arena do Marketing debate medidas anticorrupção na publicidade na terça,Arena do Marketing debate medidas anticorrupção na publicidade na terça,2016-03-06,2016-05-06,mercado,mercado
83900,104767,0.984375,Arena do Marketing debate medidas anticorrupção na publicidade na terça,Arena do Marketing debate medidas anticorrupção na publicidade na terça,2016-03-06,2016-07-06,mercado,mercado
84312,89827,0.9375,Prazo para pagar guia do eSocial de julho acaba nesta sexta-feira,Prazo para pagar guia do eSocial de julho acaba nesta sexta-feira,2016-03-08,2016-04-08,mercado,mercado
84312,94975,0.9375,Prazo para pagar guia do eSocial de julho acaba nesta sexta-feira,Prazo para pagar guia do eSocial de julho acaba nesta sexta-feira,2016-03-08,2016-05-08,mercado,mercado
84514,110202,0.90625,Aviso,Aviso,2016-03-10,2016-08-08,colunas,colunas
84553,90134,0.9921875,Bons atores coadjuvantes de humor não funcionam juntos em filme de assalto,Galifianakis e Owen Wilson não funcionam juntos em comédia,2016-03-10,2016-04-10,ilustrada,ilustrada
84657,90247,0.9140625,Enem 2016: Veja orientações de estudos em literatura,Enem 2016: Veja orientações de estudos sobre geografia,2016-03-10,2016-04-10,tv,tv
84657,95365,0.9140625,Enem 2016: Veja orientações de estudos em literatura,Enem 2016: Veja orientações de estudos sobre história,2016-03-10,2016-05-10,tv,tv
84657,100362,0.875,Enem 2016: Veja orientações de estudos em literatura,Enem 2016: Veja orientações de estudos sobre sociologia,2016-03-10,2016-06-10,tv,tv
84657,105557,0.9296875,Enem 2016: Veja orientações de estudos em literatura,Enem 2016: Veja orientações de estudos sobre gramática,2016-03-10,2016-07-10,tv,tv
84657,120750,0.9375,Enem 2016: Veja orientações de estudos em literatura,Enem 2016: Veja orientações de estudos sobre física,2016-03-10,2016-10-10,tv,tv
84657,125692,0.9140625,Enem 2016: Veja orientações de estudos em literatura,Enem 2016: Veja orientações de estudos sobre química,2016-03-10,2016-11-10,tv,tv
84669,113234,0.8828125,Aviso,Aviso,2016-03-11,2016-08-25,colunas,colunas
84669,124152,0.8828125,Aviso,Aviso,2016-03-11,2016-11-02,colunas,colunas
85242,104379,1.0,Veja um smartphone com tela 4K e outros produtos tecnológicos,Veja o contador de seguidores de redes sociais e outras compras tecnológicas,2016-03-14,2016-07-03,tec,tec
85242,124130,1.0,Veja um smartphone com tela 4K e outros produtos tecnológicos,Confira o petisco wi-fi para cachorros e outras compras tecnológicas,2016-03-14,2016-11-01,tec,tec
85242,124680,1.0,Veja um smartphone com tela 4K e outros produtos tecnológicos,Veja um sensor de movimentos para TV e outras compras tecnológicas,2016-03-14,2016-11-04,tec,tec
86219,142156,0.9765625,"Jornalistas ingleses investigam, por dentro, narcotráfico latino-americano","Para jornalista, América Latina vive 'Holocausto movido pela cocaína'",2016-03-19,2017-03-19,ilustrada,ilustrada
87836,104379,1.0,Veja um carregador sem fio para o iPhone e outras compras tecnológicas,Veja o contador de seguidores de redes sociais e outras compras tecnológicas,2016-03-28,2016-07-03,tec,tec
87836,124130,1.0,Veja um carregador sem fio para o iPhone e outras compras tecnológicas,Confira o petisco wi-fi para cachorros e outras compras tecnológicas,2016-03-28,2016-11-01,tec,tec
87836,124680,1.0,Veja um carregador sem fio para o iPhone e outras compras tecnológicas,Veja um sensor de movimentos para TV e outras compras tecnológicas,2016-03-28,2016-11-04,tec,tec
88613,104379,1.0,Veja um gramofone para conectar ao celular e outras compras tecnológicas,Veja o contador de seguidores de redes sociais e outras compras tecnológicas,2016-04-01,2016-07-03,tec,tec
88613,124130,1.0,Veja um gramofone para conectar ao celular e outras compras tecnológicas,Confira o petisco wi-fi para cachorros e outras compras tecnológicas,2016-04-01,2016-11-01,tec,tec
88613,124680,1.0,Veja um gramofone para conectar ao celular e outras compras tecnológicas,Veja um sensor de movimentos para TV e outras compras tecnológicas,2016-04-01,2016-11-04,tec,tec
88734,124220,1.0,Receita libera no dia 11 consulta a lote de restituições da malha fina,Receita libera nesta quinta consulta a lote de restituições da malha fina,2016-04-02,2016-11-02,mercado,mercado
89461,104767,0.984375,Arena do Marketing debate medidas anticorrupção na publicidade na terça,Arena do Marketing debate medidas anticorrupção na publicidade na terça,2016-04-06,2016-07-06,mercado,mercado
89706,97819,0.9453125,Aviso,Aviso,2016-04-08,2016-05-26,colunas,colunas
89706,103910,0.921875,Aviso,Aviso,2016-04-08,2016-07-01,colunas,colunas
89706,103923,0.921875,Aviso,Aviso,2016-04-08,2016-07-01,colunas,colunas
89706,104390,0.921875,Aviso,Aviso,2016-04-08,2016-07-04,colunas,colunas
89706,130920,0.9140625,Aviso,Aviso,2016-04-08,2016-12-15,colunas,colunas
89723,121021,1.0,Aviso,Aviso,2016-04-08,2016-10-13,colunas,colunas
90247,100362,0.8984375,Enem 2016: Veja orientações de estudos sobre geografia,Enem 2016: Veja orientações de estudos sobre sociologia,2016-04-10,2016-06-10,tv,tv
90247,105557,0.9375,Enem 2016: Veja orientações de estudos sobre geografia,Enem 2016: Veja orientações de estudos sobre gramática,2016-04-10,2016-07-10,tv,tv
90247,120750,0.8984375,Enem 2016: Veja orientações de estudos sobre geografia,Enem 2016: Veja orientações de estudos sobre física,2016-04-10,2016-10-10,tv,tv
90247,125692,0.9140625,Enem 2016: Veja orientações de estudos sobre geografia,Enem 2016: Veja orientações de estudos sobre química,2016-04-10,2016-11-10,tv,tv
90328,100427,0.9921875,'The Crown' aborda conflitos interiores da jovem rainha Elizabeth 2ª,'The Crown' tenta se aproximar dos conflitos interiores de Elizabeth 2ª,2016-04-11,2016-06-11,ilustrada,ilustrada
90356,110753,0.9765625,Receita libera consulta ao 6º lote do Imposto de Renda 2016 na terça,Receita abre consulta ao 6º lote do Imposto de Renda 2016 nesta terça,2016-04-11,2016-08-11,mercado,mercado
90466,126076,1.0,Veja cartum de Jean Galvão publicado neste domingo,Veja o cartum de Jean Galvão publicado no caderno neste domingo,2016-04-12,2016-11-13,ilustrissima,ilustrissima
90466,136293,1.0,Veja cartum de Jean Galvão publicado neste domingo,Veja o novo cartum de Jean Galvão,2016-04-12,2017-01-29,ilustrissima,ilustrissima
90466,159142,1.0,Veja cartum de Jean Galvão publicado neste domingo,Veja o cartum de Jean Galvão para a edição deste domingo,2016-04-12,2017-08-01,ilustrissima,ilustrissima
90697,129281,0.875,Governo recorre contra suspensão de posse do ministro da Justiça,Justiça de Brasília suspende nomeação de ministro da Justiça,2016-04-13,2016-12-04,poder,poder
92789,119977,0.8984375,Entenda as regras do boxe,Entenda as regras do rúgbi,2016-04-25,2016-10-05,tv,tv
92789,119978,0.8671875,Entenda as regras do boxe,Entenda as regras do triatlo,2016-04-25,2016-10-05,tv,tv
93055,107077,0.9609375,"Fundos ganham da poupança na maioria dos casos com Selic a 14,25%","Fundos ganham da poupança na maioria dos casos com Selic a 14,25%",2016-04-27,2016-07-20,mercado,mercado
93055,109976,0.9609375,"Fundos ganham da poupança na maioria dos casos com Selic a 14,25%","Fundos ganham da poupança na maioria dos casos com Selic a 14,25%",2016-04-27,2016-08-06,mercado,mercado
93055,114318,0.9609375,"Fundos ganham da poupança na maioria dos casos com Selic a 14,25%","Fundos ganham da poupança na maioria dos casos com Selic a 14,25%",2016-04-27,2016-08-31,mercado,mercado
93055,121904,0.859375,"Fundos ganham da poupança na maioria dos casos com Selic a 14,25%",Fundos ganham da poupança na maioria dos casos com Selic a 14%,2016-04-27,2016-10-19,mercado,mercado
93729,107483,0.859375,Aviso,Aviso,2016-05-01,2016-07-23,colunas,colunas
93729,114436,0.9609375,Aviso,Aviso,2016-05-01,2016-09-01,colunas,colunas
93729,116281,0.9609375,Aviso,Aviso,2016-05-01,2016-09-13,colunas,colunas
93729,117588,0.8984375,Aviso,Aviso,2016-05-01,2016-09-21,colunas,colunas
93729,121712,0.8984375,Aviso,AVISO,2016-05-01,2016-10-18,colunas,colunas
93729,128648,1.0,Aviso,Aviso,2016-05-01,2016-12-01,colunas,colunas
93729,136632,0.859375,Aviso,Aviso,2016-05-01,2017-02-01,colunas,colunas
93729,138513,1.0,Aviso,Aviso,2016-05-01,2017-02-17,colunas,colunas
93729,139896,1.0,Aviso,Aviso,2016-05-01,2017-02-28,colunas,colunas
93729,147463,0.9609375,Aviso,Aviso,2016-05-01,2017-05-01,colunas,colunas
93729,148281,0.9609375,Aviso,Aviso,2016-05-01,2017-05-07,colunas,colunas
93729,155215,1.0,Aviso,Aviso,2016-05-01,2017-06-30,colunas,colunas
93729,155558,1.0,Aviso,Aviso,2016-05-01,2017-07-03,colunas,colunas
93729,156146,1.0,Aviso,Aviso,2016-05-01,2017-07-07,colunas,colunas
93729,156779,1.0,Aviso,Aviso,2016-05-01,2017-07-14,colunas,colunas
93729,157095,0.8984375,Aviso,Aviso de férias,2016-05-01,2017-07-17,colunas,colunas
93729,157634,1.0,Aviso,Aviso de férias,2016-05-01,2017-07-21,colunas,colunas
93729,157638,1.0,Aviso,Aviso,2016-05-01,2017-07-21,colunas,colunas
93729,157840,0.8984375,Aviso,Aviso de férias,2016-05-01,2017-07-23,colunas,colunas
93729,158955,0.8984375,Aviso,Aviso de férias,2016-05-01,2017-07-31,colunas,colunas
93729,163843,0.8984375,Aviso,Aviso de férias,2016-05-01,2017-09-07,colunas,colunas
93729,164893,0.8984375,Aviso,Aviso,2016-05-01,2017-09-17,colunas,colunas
93806,103987,0.984375,Prazo para pagar guia do eSocial de dezembro acaba nesta quinta,Prazo para pagar guia do eSocial de dezembro acaba nesta quinta,2016-05-01,2016-07-01,mercado,mercado
94639,104767,0.984375,Arena do Marketing debate medidas anticorrupção na publicidade na terça,Arena do Marketing debate medidas anticorrupção na publicidade na terça,2016-05-06,2016-07-06,mercado,mercado
94694,102071,1.0,Aviso,Aviso,2016-05-07,2016-06-21,colunas,colunas
94694,103333,1.0,Aviso,Aviso,2016-05-07,2016-06-28,colunas,colunas
94694,129717,1.0,Aviso,Aviso,2016-05-07,2016-12-07,colunas,colunas
94708,129731,1.0,Aviso,Aviso,2016-05-07,2016-12-07,colunas,colunas
95365,105557,0.921875,Enem 2016: Veja orientações de estudos sobre história,Enem 2016: Veja orientações de estudos sobre gramática,2016-05-10,2016-07-10,tv,tv
95365,120750,0.8984375,Enem 2016: Veja orientações de estudos sobre história,Enem 2016: Veja orientações de estudos sobre física,2016-05-10,2016-10-10,tv,tv
95365,125692,0.9140625,Enem 2016: Veja orientações de estudos sobre história,Enem 2016: Veja orientações de estudos sobre química,2016-05-10,2016-11-10,tv,tv
96024,103068,1.0,Veja o cartum do Ogro de Rafael Campos Rocha,"Veja o cartum da série ""ogro"" publicado neste domingo",2016-05-15,2016-06-26,ilustrissima,ilustrissima
96024,107694,1.0,Veja o cartum do Ogro de Rafael Campos Rocha,"Veja o cartum da série ""ogro"" publicado neste domingo",2016-05-15,2016-07-24,ilustrissima,ilustrissima
96024,111262,1.0,Veja o cartum do Ogro de Rafael Campos Rocha,"Veja cartum da série ""cabeças"" publicado neste domingo",2016-05-15,2016-08-14,ilustrissima,ilustrissima
96024,118180,1.0,Veja o cartum do Ogro de Rafael Campos Rocha,"Veja o cartum da série ""Cabeças"" de Rafael Campos Rocha",2016-05-15,2016-09-25,ilustrissima,ilustrissima
96024,120221,1.0,Veja o cartum do Ogro de Rafael Campos Rocha,"Veja o cartum da série ""ogro"" publicado neste domingo",2016-05-15,2016-10-07,ilustrissima,ilustrissima
96024,121465,1.0,Veja o cartum do Ogro de Rafael Campos Rocha,Veja o cartum de Rafael Campos Rocha da edição deste domingo,2016-05-15,2016-10-16,ilustrissima,ilustrissima
96024,125921,1.0,Veja o cartum do Ogro de Rafael Campos Rocha,Veja cartum de Rafael Campos Rocha publicado neste domingo,2016-05-15,2016-11-12,ilustrissima,ilustrissima
96024,129630,1.0,Veja o cartum do Ogro de Rafael Campos Rocha,"Veja o cartum da série ""ogro"" publicado nesta semana",2016-05-15,2016-12-06,ilustrissima,ilustrissima
96024,132223,1.0,Veja o cartum do Ogro de Rafael Campos Rocha,Veja o cartum de Rafael Campos Rocha deste domingo de Natal,2016-05-15,2016-12-25,ilustrissima,ilustrissima
96264,119977,0.8828125,Entenda as regras do hipismo,Entenda as regras do rúgbi,2016-05-16,2016-10-05,tv,tv
96264,119978,0.859375,Entenda as regras do hipismo,Entenda as regras do triatlo,2016-05-16,2016-10-05,tv,tv
96265,119977,0.8671875,Entenda as regras do futebol,Entenda as regras do rúgbi,2016-05-16,2016-10-05,tv,tv
96476,124688,1.0,Aviso,Aviso,2016-05-18,2016-11-05,colunas,colunas
96476,158107,1.0,Aviso,Aviso,2016-05-18,2017-07-25,colunas,colunas
96476,166842,1.0,Aviso,Aviso,2016-05-18,2017-09-30,colunas,colunas
97819,103910,0.9296875,Aviso,Aviso,2016-05-26,2016-07-01,colunas,colunas
97819,103923,0.9296875,Aviso,Aviso,2016-05-26,2016-07-01,colunas,colunas
97819,104390,0.9296875,Aviso,Aviso,2016-05-26,2016-07-04,colunas,colunas
97819,130920,0.921875,Aviso,Aviso,2016-05-26,2016-12-15,colunas,colunas
97954,109049,1.0,Aviso,Aviso,2016-05-27,2016-08-01,colunas,colunas
98266,125464,1.0,Veja o cartum de Bruno Maron na edição deste domingo,Veja o cartum de Bruno Maron publicado neste domingo,2016-05-29,2016-11-09,ilustrissima,ilustrissima
98266,131410,1.0,Veja o cartum de Bruno Maron na edição deste domingo,Veja o cartum de Bruno Maron publicado nesta edição da Ilustríssima,2016-05-29,2016-12-18,ilustrissima,ilustrissima
98266,134427,1.0,Veja o cartum de Bruno Maron na edição deste domingo,Veja o cartum de Bruno Maron para a edição deste domingo,2016-05-29,2017-01-15,ilustrissima,ilustrissima
99429,115050,0.9921875,Receita libera na segunda consulta a novo lote de restituições da malha fina,Receita libera nesta segunda consulta a lote de restituições da malha fina,2016-06-05,2016-09-05,mercado,mercado
99604,109956,0.9140625,Receita libera na quarta consulta ao primeiro lote de restituição do IR 2016,Receita libera consulta ao primeiro lote de restituição do IR 2016,2016-06-06,2016-08-06,mercado,mercado
100114,110318,0.8515625,Receita abre nesta quinta consulta ao 4º lote do Imposto de Renda 2016,Receita abre nesta segunda-feira consulta ao terceiro lote do IR 2016,2016-06-09,2016-08-08,mercado,mercado
100114,110487,1.0,Receita abre nesta quinta consulta ao 4º lote do Imposto de Renda 2016,Receita abre nesta quinta consulta ao 4º lote do Imposto de Renda 2016,2016-06-09,2016-08-09,mercado,mercado
100114,116715,0.9140625,Receita abre nesta quinta consulta ao 4º lote do Imposto de Renda 2016,Receita Federal deposita nesta quinta 4º lote do Imposto de Renda 2016,2016-06-09,2016-09-15,mercado,mercado
100362,125692,0.8828125,Enem 2016: Veja orientações de estudos sobre sociologia,Enem 2016: Veja orientações de estudos sobre química,2016-06-10,2016-11-10,tv,tv
100445,117159,1.0,Veja o cartum de Cammarota publicado no caderno desta semana,Veja cartum de Ricardo Cammarota para edição deste domingo,2016-06-11,2016-09-18,ilustrissima,ilustrissima
102071,129717,1.0,Aviso,Aviso,2016-06-21,2016-12-07,colunas,colunas
102230,109501,0.890625,Lewandowski devolve para Toffoli pedido de inquérito contra Renan,Impasse sobre relatoria trava pedido de novo inquérito contra Renan,2016-06-21,2016-08-03,poder,poder
102272,133275,0.9765625,Aviso,Aviso,2016-06-22,2017-01-04,colunas,colunas
102272,143454,1.0,Aviso,Aviso,2016-06-22,2017-03-29,colunas,colunas
102272,148303,0.9765625,Aviso,Aviso,2016-06-22,2017-05-07,colunas,colunas
102272,153319,1.0,Aviso,Aviso,2016-06-22,2017-06-16,colunas,colunas
102272,156403,0.9765625,Aviso,Aviso,2016-06-22,2017-07-09,colunas,colunas
102456,122038,1.0,Aviso,Aviso,2016-06-23,2016-10-20,colunas,colunas
102662,152797,1.0,Aviso,Aviso,2016-06-24,2017-06-10,colunas,colunas
102674,133275,0.9765625,Aviso,Aviso,2016-06-24,2017-01-04,colunas,colunas
102674,143454,1.0,Aviso,Aviso,2016-06-24,2017-03-29,colunas,colunas
102674,148303,0.9765625,Aviso,Aviso,2016-06-24,2017-05-07,colunas,colunas
102674,153319,1.0,Aviso,Aviso,2016-06-24,2017-06-16,colunas,colunas
102674,156403,0.9765625,Aviso,Aviso,2016-06-24,2017-07-09,colunas,colunas
102916,122937,0.9921875,"Internet está deixando o marketing preguiçoso, diz presidente de agência","Internet está deixando o marketing preguiçoso, diz presidente de agência de marketing VML",2016-06-25,2016-10-25,mercado,topofmind
103068,111262,1.0,"Veja o cartum da série ""ogro"" publicado neste domingo","Veja cartum da série ""cabeças"" publicado neste domingo",2016-06-26,2016-08-14,ilustrissima,ilustrissima
103068,118180,1.0,"Veja o cartum da série ""ogro"" publicado neste domingo","Veja o cartum da série ""Cabeças"" de Rafael Campos Rocha",2016-06-26,2016-09-25,ilustrissima,ilustrissima
103068,120221,1.0,"Veja o cartum da série ""ogro"" publicado neste domingo","Veja o cartum da série ""ogro"" publicado neste domingo",2016-06-26,2016-10-07,ilustrissima,ilustrissima
103068,121465,1.0,"Veja o cartum da série ""ogro"" publicado neste domingo",Veja o cartum de Rafael Campos Rocha da edição deste domingo,2016-06-26,2016-10-16,ilustrissima,ilustrissima
103068,125921,1.0,"Veja o cartum da série ""ogro"" publicado neste domingo",Veja cartum de Rafael Campos Rocha publicado neste domingo,2016-06-26,2016-11-12,ilustrissima,ilustrissima
103068,129630,1.0,"Veja o cartum da série ""ogro"" publicado neste domingo","Veja o cartum da série ""ogro"" publicado nesta semana",2016-06-26,2016-12-06,ilustrissima,ilustrissima
103068,132223,1.0,"Veja o cartum da série ""ogro"" publicado neste domingo",Veja o cartum de Rafael Campos Rocha deste domingo de Natal,2016-06-26,2016-12-25,ilustrissima,ilustrissima
103333,129717,1.0,Aviso,Aviso,2016-06-28,2016-12-07,colunas,colunas
103518,133275,0.9765625,Aviso,Aviso,2016-06-29,2017-01-04,colunas,colunas
103518,143454,1.0,Aviso,Aviso,2016-06-29,2017-03-29,colunas,colunas
103518,148303,0.9765625,Aviso,Aviso,2016-06-29,2017-05-07,colunas,colunas
103518,153319,1.0,Aviso,Aviso,2016-06-29,2017-06-16,colunas,colunas
103518,156403,0.9765625,Aviso,Aviso,2016-06-29,2017-07-09,colunas,colunas
103704,133275,0.9765625,Aviso,Aviso,2016-06-30,2017-01-04,colunas,colunas
103704,143454,1.0,Aviso,Aviso,2016-06-30,2017-03-29,colunas,colunas
103704,148303,0.9765625,Aviso,Aviso,2016-06-30,2017-05-07,colunas,colunas
103704,153319,1.0,Aviso,Aviso,2016-06-30,2017-06-16,colunas,colunas
103704,156403,0.9765625,Aviso,Aviso,2016-06-30,2017-07-09,colunas,colunas
103910,130920,0.8984375,Aviso,Aviso,2016-07-01,2016-12-15,colunas,colunas
103916,155342,0.9765625,"A China sabe o que quer do Brasil; e nós, o que queremos dela?",Interesses chineses no Brasil,2016-07-01,2017-07-01,colunas,colunas
103917,131859,0.9375,Aviso,Aviso,2016-07-01,2016-12-22,colunas,colunas
103923,130920,0.8984375,Aviso,Aviso,2016-07-01,2016-12-15,colunas,colunas
104311,109413,1.0,Receita libera nesta terça consulta a lote de restituições da malha fina,Receita libera nesta terça consulta a lote de restituições da malha fina,2016-07-03,2016-08-03,mercado,mercado
104379,124130,1.0,Veja o contador de seguidores de redes sociais e outras compras tecnológicas,Confira o petisco wi-fi para cachorros e outras compras tecnológicas,2016-07-03,2016-11-01,tec,tec
104379,124680,1.0,Veja o contador de seguidores de redes sociais e outras compras tecnológicas,Veja um sensor de movimentos para TV e outras compras tecnológicas,2016-07-03,2016-11-04,tec,tec
104390,130920,0.8984375,Aviso,Aviso,2016-07-04,2016-12-15,colunas,colunas
105116,156305,0.953125,Neymar se torna 'garoto-propaganda' do Francês,"No PSG, Neymar se torna 'garoto-propaganda' do Campeonato Francês",2016-07-08,2017-07-08,esporte,esporte
105179,120356,0.953125,"
		De virada, vôlei masculino vence segunda e enfrenta EUA na quinta
		","
		De virada, vôlei masculino vence segunda e enfrenta EUA na quinta
		",2016-07-08,2016-10-08,esporte,esporte
105330,112011,0.9296875,Inscrição para Fuvest 2017 termina nesta quinta; saiba mais,Inscrição para Fuvest 2017 começa nesta sexta; saiba mais,2016-07-09,2016-08-18,educacao,educacao
105465,120654,0.9765625,Inscrições para o vestibular da Unesp terminam na próxima segunda,Inscrições para o vestibular da Unesp terminam nesta segunda,2016-07-10,2016-10-10,educacao,educacao
105468,122987,0.8515625,Aberta votação para melhores projetos sociais de 2016; escolha seu preferido,Votação para empreendedor social do ano vai até dia 2; escolha seu preferido,2016-07-10,2016-10-26,empreendedorsocial,empreendedorsocial
105557,120750,0.9140625,Enem 2016: Veja orientações de estudos sobre gramática,Enem 2016: Veja orientações de estudos sobre física,2016-07-10,2016-10-10,tv,tv
105557,125692,0.9140625,Enem 2016: Veja orientações de estudos sobre gramática,Enem 2016: Veja orientações de estudos sobre química,2016-07-10,2016-11-10,tv,tv
105859,110980,0.9609375,Entenda como a genética pode combater o Aedes,Ciência aposta em insetos modificados para reduzir a transmissão de doenças,2016-07-12,2016-08-12,tv,tv
105885,133275,0.9765625,Aviso,Aviso,2016-07-13,2017-01-04,colunas,colunas
105885,143454,1.0,Aviso,Aviso,2016-07-13,2017-03-29,colunas,colunas
105885,148303,0.9765625,Aviso,Aviso,2016-07-13,2017-05-07,colunas,colunas
105885,153319,1.0,Aviso,Aviso,2016-07-13,2017-06-16,colunas,colunas
105885,156403,0.9765625,Aviso,Aviso,2016-07-13,2017-07-09,colunas,colunas
106061,122038,1.0,Aviso,Aviso,2016-07-14,2016-10-20,colunas,colunas
106080,125015,0.859375,Unesp divulga primeira chamada do vestibular do meio do ano; confira,Unesp divulga classificação geral do vestibular do meio do ano; confira,2016-07-14,2016-11-07,educacao,educacao
106407,166843,1.0,Aviso,Aviso,2016-07-16,2017-09-30,colunas,colunas
107077,114318,0.953125,"Fundos ganham da poupança na maioria dos casos com Selic a 14,25%","Fundos ganham da poupança na maioria dos casos com Selic a 14,25%",2016-07-20,2016-08-31,mercado,mercado
107077,121904,0.859375,"Fundos ganham da poupança na maioria dos casos com Selic a 14,25%",Fundos ganham da poupança na maioria dos casos com Selic a 14%,2016-07-20,2016-10-19,mercado,mercado
107078,114317,0.9921875,"Veja como ficam os juros ao consumidor com a Selic a 14,25%","Veja como ficam os juros ao consumidor com a Selic a 14,25%",2016-07-20,2016-08-31,mercado,mercado
107337,158540,0.9609375,Aviso,Aviso,2016-07-22,2017-07-28,colunas,colunas
107483,114436,0.8828125,Aviso,Aviso,2016-07-23,2016-09-01,colunas,colunas
107483,116281,0.8828125,Aviso,Aviso,2016-07-23,2016-09-13,colunas,colunas
107483,117588,0.9609375,Aviso,Aviso,2016-07-23,2016-09-21,colunas,colunas
107483,121712,0.9609375,Aviso,AVISO,2016-07-23,2016-10-18,colunas,colunas
107483,128648,0.859375,Aviso,Aviso,2016-07-23,2016-12-01,colunas,colunas
107483,136632,1.0,Aviso,Aviso,2016-07-23,2017-02-01,colunas,colunas
107483,138513,0.859375,Aviso,Aviso,2016-07-23,2017-02-17,colunas,colunas
107483,139896,0.859375,Aviso,Aviso,2016-07-23,2017-02-28,colunas,colunas
107483,147463,0.8828125,Aviso,Aviso,2016-07-23,2017-05-01,colunas,colunas
107483,148281,0.8828125,Aviso,Aviso,2016-07-23,2017-05-07,colunas,colunas
107483,155215,0.859375,Aviso,Aviso,2016-07-23,2017-06-30,colunas,colunas
107483,155558,0.859375,Aviso,Aviso,2016-07-23,2017-07-03,colunas,colunas
107483,156146,0.859375,Aviso,Aviso,2016-07-23,2017-07-07,colunas,colunas
107483,156779,0.859375,Aviso,Aviso,2016-07-23,2017-07-14,colunas,colunas
107483,157095,0.9609375,Aviso,Aviso de férias,2016-07-23,2017-07-17,colunas,colunas
107483,157634,0.859375,Aviso,Aviso de férias,2016-07-23,2017-07-21,colunas,colunas
107483,157638,0.859375,Aviso,Aviso,2016-07-23,2017-07-21,colunas,colunas
107483,157840,0.9609375,Aviso,Aviso de férias,2016-07-23,2017-07-23,colunas,colunas
107483,158955,0.9609375,Aviso,Aviso de férias,2016-07-23,2017-07-31,colunas,colunas
107483,163843,0.9609375,Aviso,Aviso de férias,2016-07-23,2017-09-07,colunas,colunas
107483,164893,0.9609375,Aviso,Aviso,2016-07-23,2017-09-17,colunas,colunas
107694,118180,1.0,"Veja o cartum da série ""ogro"" publicado neste domingo","Veja o cartum da série ""Cabeças"" de Rafael Campos Rocha",2016-07-24,2016-09-25,ilustrissima,ilustrissima
107694,120221,1.0,"Veja o cartum da série ""ogro"" publicado neste domingo","Veja o cartum da série ""ogro"" publicado neste domingo",2016-07-24,2016-10-07,ilustrissima,ilustrissima
107694,121465,1.0,"Veja o cartum da série ""ogro"" publicado neste domingo",Veja o cartum de Rafael Campos Rocha da edição deste domingo,2016-07-24,2016-10-16,ilustrissima,ilustrissima
107694,125921,1.0,"Veja o cartum da série ""ogro"" publicado neste domingo",Veja cartum de Rafael Campos Rocha publicado neste domingo,2016-07-24,2016-11-12,ilustrissima,ilustrissima
107694,129630,1.0,"Veja o cartum da série ""ogro"" publicado neste domingo","Veja o cartum da série ""ogro"" publicado nesta semana",2016-07-24,2016-12-06,ilustrissima,ilustrissima
107694,132223,1.0,"Veja o cartum da série ""ogro"" publicado neste domingo",Veja o cartum de Rafael Campos Rocha deste domingo de Natal,2016-07-24,2016-12-25,ilustrissima,ilustrissima
109205,159208,1.0,Plano de emergência,Plano de emergência,2016-08-02,2017-08-02,colunas,colunas
109786,122493,0.9921875,"Veja cartum d'o pintinho na ""Ilustríssima"" deste domingo",Veja o cartum da série pintinho publicado neste domingo,2016-08-05,2016-10-23,ilustrissima,ilustrissima
109900,120021,0.90625,ProUni oferece 125 mil bolsas de estudo; inscrição vai até sexta,"Com 125 mil bolsas, ProUni encerra inscrições nesta sexta",2016-08-06,2016-10-06,educacao,educacao
109956,152306,0.859375,Receita libera consulta ao primeiro lote de restituição do IR 2016,Receita abre nesta quinta consulta ao primeiro lote de restituição do IR 2017,2016-08-06,2017-06-06,mercado,mercado
109956,159824,0.859375,Receita libera consulta ao primeiro lote de restituição do IR 2016,Receita abre nesta quinta consulta ao primeiro lote de restituição do IR 2017,2016-08-06,2017-08-06,mercado,mercado
109976,121904,0.875,"Fundos ganham da poupança na maioria dos casos com Selic a 14,25%",Fundos ganham da poupança na maioria dos casos com Selic a 14%,2016-08-06,2016-10-19,mercado,mercado
109976,128544,0.875,"Fundos ganham da poupança na maioria dos casos com Selic a 14,25%","Fundos ganham da poupança na maioria dos casos com Selic a 13,75%",2016-08-06,2016-11-30,mercado,mercado
110056,158540,0.9296875,Aviso,Aviso,2016-08-07,2017-07-28,colunas,colunas
110487,116715,0.9140625,Receita abre nesta quinta consulta ao 4º lote do Imposto de Renda 2016,Receita Federal deposita nesta quinta 4º lote do Imposto de Renda 2016,2016-08-09,2016-09-15,mercado,mercado
110915,130990,0.96875,Receita abre consulta ao último lote do Imposto de Renda 2016 nesta quinta,Receita paga último lote da restituição do Imposto de Renda 2016 nesta 5ª,2016-08-12,2016-12-15,mercado,mercado
111262,118180,1.0,"Veja cartum da série ""cabeças"" publicado neste domingo","Veja o cartum da série ""Cabeças"" de Rafael Campos Rocha",2016-08-14,2016-09-25,ilustrissima,ilustrissima
111262,120221,1.0,"Veja cartum da série ""cabeças"" publicado neste domingo","Veja o cartum da série ""ogro"" publicado neste domingo",2016-08-14,2016-10-07,ilustrissima,ilustrissima
111262,121465,1.0,"Veja cartum da série ""cabeças"" publicado neste domingo",Veja o cartum de Rafael Campos Rocha da edição deste domingo,2016-08-14,2016-10-16,ilustrissima,ilustrissima
111262,125921,1.0,"Veja cartum da série ""cabeças"" publicado neste domingo",Veja cartum de Rafael Campos Rocha publicado neste domingo,2016-08-14,2016-11-12,ilustrissima,ilustrissima
111262,129630,1.0,"Veja cartum da série ""cabeças"" publicado neste domingo","Veja o cartum da série ""ogro"" publicado nesta semana",2016-08-14,2016-12-06,ilustrissima,ilustrissima
111262,132223,1.0,"Veja cartum da série ""cabeças"" publicado neste domingo",Veja o cartum de Rafael Campos Rocha deste domingo de Natal,2016-08-14,2016-12-25,ilustrissima,ilustrissima
111358,130449,0.8984375,Aviso,Aviso,2016-08-15,2016-12-12,colunas,colunas
111358,131494,0.921875,Aviso,Aviso,2016-08-15,2016-12-19,colunas,colunas
112188,158540,0.9140625,Aviso,Aviso,2016-08-19,2017-07-28,colunas,colunas
112727,128159,0.921875,Aviso,Aviso,2016-08-22,2016-11-28,colunas,colunas
112727,130449,0.875,Aviso,Aviso,2016-08-22,2016-12-12,colunas,colunas
112727,131494,0.875,Aviso,Aviso,2016-08-22,2016-12-19,colunas,colunas
113234,124152,0.890625,Aviso,Aviso,2016-08-25,2016-11-02,colunas,colunas
114318,121904,0.8984375,"Fundos ganham da poupança na maioria dos casos com Selic a 14,25%",Fundos ganham da poupança na maioria dos casos com Selic a 14%,2016-08-31,2016-10-19,mercado,mercado
114318,128544,0.875,"Fundos ganham da poupança na maioria dos casos com Selic a 14,25%","Fundos ganham da poupança na maioria dos casos com Selic a 13,75%",2016-08-31,2016-11-30,mercado,mercado
114436,121712,0.859375,Aviso,AVISO,2016-09-01,2016-10-18,colunas,colunas
114436,128648,0.9609375,Aviso,Aviso,2016-09-01,2016-12-01,colunas,colunas
114436,136632,0.8828125,Aviso,Aviso,2016-09-01,2017-02-01,colunas,colunas
114436,138513,0.9609375,Aviso,Aviso,2016-09-01,2017-02-17,colunas,colunas
114436,139896,0.9609375,Aviso,Aviso,2016-09-01,2017-02-28,colunas,colunas
114436,147463,1.0,Aviso,Aviso,2016-09-01,2017-05-01,colunas,colunas
114436,148281,1.0,Aviso,Aviso,2016-09-01,2017-05-07,colunas,colunas
114436,155215,0.9609375,Aviso,Aviso,2016-09-01,2017-06-30,colunas,colunas
114436,155558,0.9609375,Aviso,Aviso,2016-09-01,2017-07-03,colunas,colunas
114436,156146,0.9609375,Aviso,Aviso,2016-09-01,2017-07-07,colunas,colunas
114436,156779,0.9609375,Aviso,Aviso,2016-09-01,2017-07-14,colunas,colunas
114436,157095,0.859375,Aviso,Aviso de férias,2016-09-01,2017-07-17,colunas,colunas
114436,157634,0.9609375,Aviso,Aviso de férias,2016-09-01,2017-07-21,colunas,colunas
114436,157638,0.9609375,Aviso,Aviso,2016-09-01,2017-07-21,colunas,colunas
114436,157840,0.859375,Aviso,Aviso de férias,2016-09-01,2017-07-23,colunas,colunas
114436,158955,0.859375,Aviso,Aviso de férias,2016-09-01,2017-07-31,colunas,colunas
114436,163843,0.859375,Aviso,Aviso de férias,2016-09-01,2017-09-07,colunas,colunas
114436,164893,0.859375,Aviso,Aviso,2016-09-01,2017-09-17,colunas,colunas
114437,163008,0.9765625,Projeto de lei quer proibir pornografia e 'sexo virtual' na internet,Projeto quer proibir pornô na web,2016-09-01,2017-09-01,colunas,colunas
114932,124616,1.0,A internacionalização da Lava Jato,A internacionalização da Lava Jato,2016-09-04,2016-11-04,opiniao,opiniao
114970,128159,0.8515625,Aviso,Aviso,2016-09-05,2016-11-28,colunas,colunas
116137,150741,0.921875,Aviso,Aviso,2016-09-12,2017-05-26,colunas,colunas
116137,152785,0.890625,Aviso,Aviso,2016-09-12,2017-06-10,colunas,colunas
116277,129713,0.890625,Aviso,Aviso,2016-09-13,2016-12-07,colunas,colunas
116281,121712,0.859375,Aviso,AVISO,2016-09-13,2016-10-18,colunas,colunas
116281,128648,0.9609375,Aviso,Aviso,2016-09-13,2016-12-01,colunas,colunas
116281,136632,0.8828125,Aviso,Aviso,2016-09-13,2017-02-01,colunas,colunas
116281,138513,0.9609375,Aviso,Aviso,2016-09-13,2017-02-17,colunas,colunas
116281,139896,0.9609375,Aviso,Aviso,2016-09-13,2017-02-28,colunas,colunas
116281,147463,1.0,Aviso,Aviso,2016-09-13,2017-05-01,colunas,colunas
116281,148281,1.0,Aviso,Aviso,2016-09-13,2017-05-07,colunas,colunas
116281,155215,0.9609375,Aviso,Aviso,2016-09-13,2017-06-30,colunas,colunas
116281,155558,0.9609375,Aviso,Aviso,2016-09-13,2017-07-03,colunas,colunas
116281,156146,0.9609375,Aviso,Aviso,2016-09-13,2017-07-07,colunas,colunas
116281,156779,0.9609375,Aviso,Aviso,2016-09-13,2017-07-14,colunas,colunas
116281,157095,0.859375,Aviso,Aviso de férias,2016-09-13,2017-07-17,colunas,colunas
116281,157634,0.9609375,Aviso,Aviso de férias,2016-09-13,2017-07-21,colunas,colunas
116281,157638,0.9609375,Aviso,Aviso,2016-09-13,2017-07-21,colunas,colunas
116281,157840,0.859375,Aviso,Aviso de férias,2016-09-13,2017-07-23,colunas,colunas
116281,158955,0.859375,Aviso,Aviso de férias,2016-09-13,2017-07-31,colunas,colunas
116281,163843,0.859375,Aviso,Aviso de férias,2016-09-13,2017-09-07,colunas,colunas
116281,164893,0.859375,Aviso,Aviso,2016-09-13,2017-09-17,colunas,colunas
116345,130127,1.0,"Membro da comissão, Petrucelli declara voto em 'Pequeno Segredo'",Crítico controverso Marcos Petruccelli declara voto em 'Pequeno Segredo',2016-09-13,2016-12-09,ilustrada,ilustrada
117588,128648,0.8984375,Aviso,Aviso,2016-09-21,2016-12-01,colunas,colunas
117588,136632,0.9609375,Aviso,Aviso,2016-09-21,2017-02-01,colunas,colunas
117588,138513,0.8984375,Aviso,Aviso,2016-09-21,2017-02-17,colunas,colunas
117588,139896,0.8984375,Aviso,Aviso,2016-09-21,2017-02-28,colunas,colunas
117588,147463,0.859375,Aviso,Aviso,2016-09-21,2017-05-01,colunas,colunas
117588,148281,0.859375,Aviso,Aviso,2016-09-21,2017-05-07,colunas,colunas
117588,155215,0.8984375,Aviso,Aviso,2016-09-21,2017-06-30,colunas,colunas
117588,155558,0.8984375,Aviso,Aviso,2016-09-21,2017-07-03,colunas,colunas
117588,156146,0.8984375,Aviso,Aviso,2016-09-21,2017-07-07,colunas,colunas
117588,156779,0.8984375,Aviso,Aviso,2016-09-21,2017-07-14,colunas,colunas
117588,157095,1.0,Aviso,Aviso de férias,2016-09-21,2017-07-17,colunas,colunas
117588,157634,0.8984375,Aviso,Aviso de férias,2016-09-21,2017-07-21,colunas,colunas
117588,157638,0.8984375,Aviso,Aviso,2016-09-21,2017-07-21,colunas,colunas
117588,157840,1.0,Aviso,Aviso de férias,2016-09-21,2017-07-23,colunas,colunas
117588,158955,1.0,Aviso,Aviso de férias,2016-09-21,2017-07-31,colunas,colunas
117588,163843,1.0,Aviso,Aviso de férias,2016-09-21,2017-09-07,colunas,colunas
117588,164893,1.0,Aviso,Aviso,2016-09-21,2017-09-17,colunas,colunas
117929,136408,0.8515625,Justiça ordena reabertura do processo contra Neymar e Barcelona,Neymar disse que assinava o que pai pedia no acordo com o Barcelona,2016-09-23,2017-01-30,esporte,esporte
118180,125921,1.0,"Veja o cartum da série ""Cabeças"" de Rafael Campos Rocha",Veja cartum de Rafael Campos Rocha publicado neste domingo,2016-09-25,2016-11-12,ilustrissima,ilustrissima
118180,129630,1.0,"Veja o cartum da série ""Cabeças"" de Rafael Campos Rocha","Veja o cartum da série ""ogro"" publicado nesta semana",2016-09-25,2016-12-06,ilustrissima,ilustrissima
118180,132223,1.0,"Veja o cartum da série ""Cabeças"" de Rafael Campos Rocha",Veja o cartum de Rafael Campos Rocha deste domingo de Natal,2016-09-25,2016-12-25,ilustrissima,ilustrissima
118885,131811,0.9140625,"Taxa de financiamento do BNDES é mantida em 7,5% ao ano","Taxa de juros que é referência para empréstimo do BNDES segue em 7,5%",2016-09-29,2016-12-21,mercado,mercado
119827,124686,0.984375,Cientistas desenvolvem 'segunda pele' para esconder rugas e olheiras,Cientistas desenvolvem 'segunda pele' para esconder rugas e olheiras,2016-10-05,2016-11-05,equilibrioesaude,ciencia
119951,124825,0.8671875,Teori não vê conexão de inquéritos de Aécio e Cunha sobre Furnas com Lava Jato,Gilmar Mendes vai relatar pedido de inquérito contra Aécio Neves no STF,2016-10-05,2016-11-05,poder,poder
120221,125921,1.0,"Veja o cartum da série ""ogro"" publicado neste domingo",Veja cartum de Rafael Campos Rocha publicado neste domingo,2016-10-07,2016-11-12,ilustrissima,ilustrissima
120221,129630,1.0,"Veja o cartum da série ""ogro"" publicado neste domingo","Veja o cartum da série ""ogro"" publicado nesta semana",2016-10-07,2016-12-06,ilustrissima,ilustrissima
120221,132223,1.0,"Veja o cartum da série ""ogro"" publicado neste domingo",Veja o cartum de Rafael Campos Rocha deste domingo de Natal,2016-10-07,2016-12-25,ilustrissima,ilustrissima
120409,129952,0.9609375,"
		EUA perdem nos pênaltis e pela 1ª vez estão fora de uma semifinal na Olimpíada
		","
		EUA perdem nos pênaltis e pela 1ª vez estão fora de uma semifinal na Olimpíada
		",2016-10-08,2016-12-08,esporte,esporte
120750,125692,0.90625,Enem 2016: Veja orientações de estudos sobre física,Enem 2016: Veja orientações de estudos sobre química,2016-10-10,2016-11-10,tv,tv
121465,129630,1.0,Veja o cartum de Rafael Campos Rocha da edição deste domingo,"Veja o cartum da série ""ogro"" publicado nesta semana",2016-10-16,2016-12-06,ilustrissima,ilustrissima
121465,132223,1.0,Veja o cartum de Rafael Campos Rocha da edição deste domingo,Veja o cartum de Rafael Campos Rocha deste domingo de Natal,2016-10-16,2016-12-25,ilustrissima,ilustrissima
121712,128648,0.8984375,AVISO,Aviso,2016-10-18,2016-12-01,colunas,colunas
121712,136632,0.9609375,AVISO,Aviso,2016-10-18,2017-02-01,colunas,colunas
121712,138513,0.8984375,AVISO,Aviso,2016-10-18,2017-02-17,colunas,colunas
121712,139896,0.8984375,AVISO,Aviso,2016-10-18,2017-02-28,colunas,colunas
121712,147463,0.859375,AVISO,Aviso,2016-10-18,2017-05-01,colunas,colunas
121712,148281,0.859375,AVISO,Aviso,2016-10-18,2017-05-07,colunas,colunas
121712,155215,0.8984375,AVISO,Aviso,2016-10-18,2017-06-30,colunas,colunas
121712,155558,0.8984375,AVISO,Aviso,2016-10-18,2017-07-03,colunas,colunas
121712,156146,0.8984375,AVISO,Aviso,2016-10-18,2017-07-07,colunas,colunas
121712,156779,0.8984375,AVISO,Aviso,2016-10-18,2017-07-14,colunas,colunas
121712,157095,1.0,AVISO,Aviso de férias,2016-10-18,2017-07-17,colunas,colunas
121712,157634,0.8984375,AVISO,Aviso de férias,2016-10-18,2017-07-21,colunas,colunas
121712,157638,0.8984375,AVISO,Aviso,2016-10-18,2017-07-21,colunas,colunas
121712,157840,1.0,AVISO,Aviso de férias,2016-10-18,2017-07-23,colunas,colunas
121712,158955,1.0,AVISO,Aviso de férias,2016-10-18,2017-07-31,colunas,colunas
121712,163843,1.0,AVISO,Aviso de férias,2016-10-18,2017-09-07,colunas,colunas
121712,164893,1.0,AVISO,Aviso,2016-10-18,2017-09-17,colunas,colunas
121903,128543,0.9296875,Veja como ficam os juros ao consumidor com a Selic a 14%,"Veja como ficam os juros ao consumidor com a Selic a 13,75%",2016-10-19,2016-11-30,mercado,mercado
121903,139232,0.921875,Veja como ficam os juros ao consumidor com a Selic a 14%,"Veja como ficam as taxas de juros ao consumidor com a Selic a 12,25%",2016-10-19,2017-02-22,mercado,mercado
121904,128544,0.9375,Fundos ganham da poupança na maioria dos casos com Selic a 14%,"Fundos ganham da poupança na maioria dos casos com Selic a 13,75%",2016-10-19,2016-11-30,mercado,mercado
122908,132265,1.0,"
		Veja empresas que fazem limpeza de caixa d'água no Estado de São Paulo
		","
		Conheça empresas que fazem limpeza de caixa d'água no Estado de São Paulo
		",2016-10-25,2016-12-25,sobretudo,sobretudo
123976,134179,0.953125,Mapa interativo mostra lembranças de leitores sobre São Paulo; envie a sua,Conte para a Folha o que te surpreende em São Paulo; saiba como participar,2016-11-01,2017-01-13,cotidiano,cotidiano
124688,158107,1.0,Aviso,Aviso,2016-11-05,2017-07-25,colunas,colunas
124688,166842,1.0,Aviso,Aviso,2016-11-05,2017-09-30,colunas,colunas
125464,131410,1.0,Veja o cartum de Bruno Maron publicado neste domingo,Veja o cartum de Bruno Maron publicado nesta edição da Ilustríssima,2016-11-09,2016-12-18,ilustrissima,ilustrissima
125464,134427,1.0,Veja o cartum de Bruno Maron publicado neste domingo,Veja o cartum de Bruno Maron para a edição deste domingo,2016-11-09,2017-01-15,ilustrissima,ilustrissima
125921,132223,1.0,Veja cartum de Rafael Campos Rocha publicado neste domingo,Veja o cartum de Rafael Campos Rocha deste domingo de Natal,2016-11-12,2016-12-25,ilustrissima,ilustrissima
126076,136293,1.0,Veja o cartum de Jean Galvão publicado no caderno neste domingo,Veja o novo cartum de Jean Galvão,2016-11-13,2017-01-29,ilustrissima,ilustrissima
126076,159142,1.0,Veja o cartum de Jean Galvão publicado no caderno neste domingo,Veja o cartum de Jean Galvão para a edição deste domingo,2016-11-13,2017-08-01,ilustrissima,ilustrissima
127723,152795,0.8984375,Aviso,Aviso,2016-11-25,2017-06-10,colunas,colunas
127723,160135,0.9140625,Aviso,Aviso,2016-11-25,2017-08-09,colunas,colunas
128543,139232,0.890625,"Veja como ficam os juros ao consumidor com a Selic a 13,75%","Veja como ficam as taxas de juros ao consumidor com a Selic a 12,25%",2016-11-30,2017-02-22,mercado,mercado
128648,136632,0.859375,Aviso,Aviso,2016-12-01,2017-02-01,colunas,colunas
128648,138513,1.0,Aviso,Aviso,2016-12-01,2017-02-17,colunas,colunas
128648,139896,1.0,Aviso,Aviso,2016-12-01,2017-02-28,colunas,colunas
128648,147463,0.9609375,Aviso,Aviso,2016-12-01,2017-05-01,colunas,colunas
128648,148281,0.9609375,Aviso,Aviso,2016-12-01,2017-05-07,colunas,colunas
128648,155215,1.0,Aviso,Aviso,2016-12-01,2017-06-30,colunas,colunas
128648,155558,1.0,Aviso,Aviso,2016-12-01,2017-07-03,colunas,colunas
128648,156146,1.0,Aviso,Aviso,2016-12-01,2017-07-07,colunas,colunas
128648,156779,1.0,Aviso,Aviso,2016-12-01,2017-07-14,colunas,colunas
128648,157095,0.8984375,Aviso,Aviso de férias,2016-12-01,2017-07-17,colunas,colunas
128648,157634,1.0,Aviso,Aviso de férias,2016-12-01,2017-07-21,colunas,colunas
128648,157638,1.0,Aviso,Aviso,2016-12-01,2017-07-21,colunas,colunas
128648,157840,0.8984375,Aviso,Aviso de férias,2016-12-01,2017-07-23,colunas,colunas
128648,158955,0.8984375,Aviso,Aviso de férias,2016-12-01,2017-07-31,colunas,colunas
128648,163843,0.8984375,Aviso,Aviso de férias,2016-12-01,2017-09-07,colunas,colunas
128648,164893,0.8984375,Aviso,Aviso,2016-12-01,2017-09-17,colunas,colunas
132101,155340,0.8515625,Aviso,Aviso,2016-12-24,2017-07-01,colunas,colunas
132109,155340,0.8515625,Aviso,Aviso,2016-12-24,2017-07-01,colunas,colunas
132892,158780,1.0,Aviso,Aviso,2017-01-01,2017-07-30,colunas,colunas
133257,136988,0.8984375,Marcelo Odebrecht depõe em ação de Dilma e Temer no TSE,Depoimento de Marcelo Odebrecht durou quatro horas,2017-01-03,2017-02-03,poder,poder
133275,143454,0.9765625,Aviso,Aviso,2017-01-04,2017-03-29,colunas,colunas
133275,148303,1.0,Aviso,Aviso,2017-01-04,2017-05-07,colunas,colunas
133275,153319,0.9765625,Aviso,Aviso,2017-01-04,2017-06-16,colunas,colunas
133275,156403,1.0,Aviso,Aviso,2017-01-04,2017-07-09,colunas,colunas
133428,137239,0.8828125,"Após agressão a estudante, PM goiana afasta capitão de funções de rua","Estudante agredido por PM segue em estado grave, mas sem risco de morte",2017-01-05,2017-02-05,mercado,mercado
133428,163633,0.875,"Após agressão a estudante, PM goiana afasta capitão de funções de rua",Estudante agredido por PM com cassetete em manifestação sai da UTI,2017-01-05,2017-09-05,mercado,mercado
133661,155234,0.9609375,"Ex-médico Roger Abdelmassih chega ao presídio de Tremembé, em SP","TJ de SP determina volta do ex-médico Roger Abdelmassih, 73, para a prisão",2017-01-07,2017-06-30,cotidiano,cotidiano
134505,166084,0.9140625,Aviso,Aviso,2017-01-16,2017-09-25,colunas,colunas
136280,140136,0.890625,Coleção Folha traz mundo encantado de reis e rainhas para livros infantis,Volume da Coleção Folha traz 'Branca de Neve' e 'A Roupa Nova do Rei',2017-01-29,2017-03-02,ilustrada,ilustrada
136293,159142,1.0,Veja o novo cartum de Jean Galvão,Veja o cartum de Jean Galvão para a edição deste domingo,2017-01-29,2017-08-01,ilustrissima,ilustrissima
136632,147463,0.8828125,Aviso,Aviso,2017-02-01,2017-05-01,colunas,colunas
136632,148281,0.8828125,Aviso,Aviso,2017-02-01,2017-05-07,colunas,colunas
136632,155215,0.859375,Aviso,Aviso,2017-02-01,2017-06-30,colunas,colunas
136632,155558,0.859375,Aviso,Aviso,2017-02-01,2017-07-03,colunas,colunas
136632,156146,0.859375,Aviso,Aviso,2017-02-01,2017-07-07,colunas,colunas
136632,156779,0.859375,Aviso,Aviso,2017-02-01,2017-07-14,colunas,colunas
136632,157095,0.9609375,Aviso,Aviso de férias,2017-02-01,2017-07-17,colunas,colunas
136632,157634,0.859375,Aviso,Aviso de férias,2017-02-01,2017-07-21,colunas,colunas
136632,157638,0.859375,Aviso,Aviso,2017-02-01,2017-07-21,colunas,colunas
136632,157840,0.9609375,Aviso,Aviso de férias,2017-02-01,2017-07-23,colunas,colunas
136632,158955,0.9609375,Aviso,Aviso de férias,2017-02-01,2017-07-31,colunas,colunas
136632,163843,0.9609375,Aviso,Aviso de férias,2017-02-01,2017-09-07,colunas,colunas
136632,164893,0.9609375,Aviso,Aviso,2017-02-01,2017-09-17,colunas,colunas
137164,147451,1.0,"
		Aprenda a limpar o microondas do jeito certo
		","
		Aprenda a limpar o micro-ondas do jeito certo
		",2017-02-04,2017-04-30,sobretudo,sobretudo
137239,163633,0.8984375,"Estudante agredido por PM segue em estado grave, mas sem risco de morte",Estudante agredido por PM com cassetete em manifestação sai da UTI,2017-02-05,2017-09-05,mercado,mercado
137500,152433,1.0,Inovações de 'Homem-Aranha' novo podem fazer fã do gibi surtar,Inovações de 'Homem-Aranha' novo podem fazer fã do gibi surtar,2017-02-07,2017-06-07,ilustrada,ilustrada
137991,156654,1.0,São Paulo aposta em saldo positivo de Dorival em situações de risco,São Paulo põe à prova experiência de Dorival em situações de risco,2017-02-13,2017-07-13,esporte,esporte
138513,147463,0.9609375,Aviso,Aviso,2017-02-17,2017-05-01,colunas,colunas
138513,148281,0.9609375,Aviso,Aviso,2017-02-17,2017-05-07,colunas,colunas
138513,155215,1.0,Aviso,Aviso,2017-02-17,2017-06-30,colunas,colunas
138513,155558,1.0,Aviso,Aviso,2017-02-17,2017-07-03,colunas,colunas
138513,156146,1.0,Aviso,Aviso,2017-02-17,2017-07-07,colunas,colunas
138513,156779,1.0,Aviso,Aviso,2017-02-17,2017-07-14,colunas,colunas
138513,157095,0.8984375,Aviso,Aviso de férias,2017-02-17,2017-07-17,colunas,colunas
138513,157634,1.0,Aviso,Aviso de férias,2017-02-17,2017-07-21,colunas,colunas
138513,157638,1.0,Aviso,Aviso,2017-02-17,2017-07-21,colunas,colunas
138513,157840,0.8984375,Aviso,Aviso de férias,2017-02-17,2017-07-23,colunas,colunas
138513,158955,0.8984375,Aviso,Aviso de férias,2017-02-17,2017-07-31,colunas,colunas
138513,163843,0.8984375,Aviso,Aviso de férias,2017-02-17,2017-09-07,colunas,colunas
138513,164893,0.8984375,Aviso,Aviso,2017-02-17,2017-09-17,colunas,colunas
139896,147463,0.9609375,Aviso,Aviso,2017-02-28,2017-05-01,colunas,colunas
139896,148281,0.9609375,Aviso,Aviso,2017-02-28,2017-05-07,colunas,colunas
139896,155215,1.0,Aviso,Aviso,2017-02-28,2017-06-30,colunas,colunas
139896,155558,1.0,Aviso,Aviso,2017-02-28,2017-07-03,colunas,colunas
139896,156146,1.0,Aviso,Aviso,2017-02-28,2017-07-07,colunas,colunas
139896,156779,1.0,Aviso,Aviso,2017-02-28,2017-07-14,colunas,colunas
139896,157095,0.8984375,Aviso,Aviso de férias,2017-02-28,2017-07-17,colunas,colunas
139896,157634,1.0,Aviso,Aviso de férias,2017-02-28,2017-07-21,colunas,colunas
139896,157638,1.0,Aviso,Aviso,2017-02-28,2017-07-21,colunas,colunas
139896,157840,0.8984375,Aviso,Aviso de férias,2017-02-28,2017-07-23,colunas,colunas
139896,158955,0.8984375,Aviso,Aviso de férias,2017-02-28,2017-07-31,colunas,colunas
139896,163843,0.8984375,Aviso,Aviso de férias,2017-02-28,2017-09-07,colunas,colunas
139896,164893,0.8984375,Aviso,Aviso,2017-02-28,2017-09-17,colunas,colunas
143454,148303,0.9765625,Aviso,Aviso,2017-03-29,2017-05-07,colunas,colunas
143454,153319,1.0,Aviso,Aviso,2017-03-29,2017-06-16,colunas,colunas
143454,156403,0.9765625,Aviso,Aviso,2017-03-29,2017-07-09,colunas,colunas
147463,155215,0.9609375,Aviso,Aviso,2017-05-01,2017-06-30,colunas,colunas
147463,155558,0.9609375,Aviso,Aviso,2017-05-01,2017-07-03,colunas,colunas
147463,156146,0.9609375,Aviso,Aviso,2017-05-01,2017-07-07,colunas,colunas
147463,156779,0.9609375,Aviso,Aviso,2017-05-01,2017-07-14,colunas,colunas
147463,157095,0.859375,Aviso,Aviso de férias,2017-05-01,2017-07-17,colunas,colunas
147463,157634,0.9609375,Aviso,Aviso de férias,2017-05-01,2017-07-21,colunas,colunas
147463,157638,0.9609375,Aviso,Aviso,2017-05-01,2017-07-21,colunas,colunas
147463,157840,0.859375,Aviso,Aviso de férias,2017-05-01,2017-07-23,colunas,colunas
147463,158955,0.859375,Aviso,Aviso de férias,2017-05-01,2017-07-31,colunas,colunas
147463,163843,0.859375,Aviso,Aviso de férias,2017-05-01,2017-09-07,colunas,colunas
147463,164893,0.859375,Aviso,Aviso,2017-05-01,2017-09-17,colunas,colunas
148281,155215,0.9609375,Aviso,Aviso,2017-05-07,2017-06-30,colunas,colunas
148281,155558,0.9609375,Aviso,Aviso,2017-05-07,2017-07-03,colunas,colunas
148281,156146,0.9609375,Aviso,Aviso,2017-05-07,2017-07-07,colunas,colunas
148281,156779,0.9609375,Aviso,Aviso,2017-05-07,2017-07-14,colunas,colunas
148281,157095,0.859375,Aviso,Aviso de férias,2017-05-07,2017-07-17,colunas,colunas
148281,157634,0.9609375,Aviso,Aviso de férias,2017-05-07,2017-07-21,colunas,colunas
148281,157638,0.9609375,Aviso,Aviso,2017-05-07,2017-07-21,colunas,colunas
148281,157840,0.859375,Aviso,Aviso de férias,2017-05-07,2017-07-23,colunas,colunas
148281,158955,0.859375,Aviso,Aviso de férias,2017-05-07,2017-07-31,colunas,colunas
148281,163843,0.859375,Aviso,Aviso de férias,2017-05-07,2017-09-07,colunas,colunas
148281,164893,0.859375,Aviso,Aviso,2017-05-07,2017-09-17,colunas,colunas
148303,153319,0.9765625,Aviso,Aviso,2017-05-07,2017-06-16,colunas,colunas
148303,156403,1.0,Aviso,Aviso,2017-05-07,2017-07-09,colunas,colunas
150741,160130,0.921875,Aviso,Aviso,2017-05-26,2017-08-09,colunas,colunas
151987,158381,1.0,Aviso,Aviso,2017-06-04,2017-07-27,colunas,colunas
152264,163741,0.8515625,ProUni oferece 147 mil bolsas de estudo para o 2º semestre de 2017,Terminam nesta sexta as inscrições para 147 mil vagas do ProUni,2017-06-06,2017-09-06,educacao,educacao
152306,159824,1.0,Receita abre nesta quinta consulta ao primeiro lote de restituição do IR 2017,Receita abre nesta quinta consulta ao primeiro lote de restituição do IR 2017,2017-06-06,2017-08-06,mercado,mercado
152711,156562,0.90625,Queda da taxa de juros aciona gatilho que reduz ganho da poupança,Poupança com aniversário neste sábado já rende menos,2017-06-09,2017-07-10,mercado,mercado
152795,160135,0.90625,Aviso,Aviso,2017-06-10,2017-08-09,colunas,colunas
155215,158955,0.8984375,Aviso,Aviso de férias,2017-06-30,2017-07-31,colunas,colunas
155215,163843,0.8984375,Aviso,Aviso de férias,2017-06-30,2017-09-07,colunas,colunas
155215,164893,0.8984375,Aviso,Aviso,2017-06-30,2017-09-17,colunas,colunas
155558,163843,0.8984375,Aviso,Aviso de férias,2017-07-03,2017-09-07,colunas,colunas
155558,164893,0.8984375,Aviso,Aviso,2017-07-03,2017-09-17,colunas,colunas
156146,163843,0.8984375,Aviso,Aviso de férias,2017-07-07,2017-09-07,colunas,colunas
156146,164893,0.8984375,Aviso,Aviso,2017-07-07,2017-09-17,colunas,colunas
156336,160048,1.0,Receita abre consulta ao 3º lote de restituição do Imposto de Renda 2017,Receita libera consulta ao 3º lote de restituição do Imposto de Renda 2017,2017-07-08,2017-08-08,mercado,mercado
156446,160182,1.0,Receita abre consulta ao 4º lote de restituição do Imposto de Renda 2017,Receita abre consulta ao 4º lote de restituição do Imposto de Renda 2017,2017-07-09,2017-08-09,mercado,mercado
156779,163843,0.8984375,Aviso,Aviso de férias,2017-07-14,2017-09-07,colunas,colunas
156779,164893,0.8984375,Aviso,Aviso,2017-07-14,2017-09-17,colunas,colunas
157095,163843,1.0,Aviso de férias,Aviso de férias,2017-07-17,2017-09-07,colunas,colunas
157095,164893,1.0,Aviso de férias,Aviso,2017-07-17,2017-09-17,colunas,colunas
157634,163843,0.8984375,Aviso de férias,Aviso de férias,2017-07-21,2017-09-07,colunas,colunas
157634,164893,0.8984375,Aviso de férias,Aviso,2017-07-21,2017-09-17,colunas,colunas
157638,163843,0.8984375,Aviso,Aviso de férias,2017-07-21,2017-09-07,colunas,colunas
157638,164893,0.8984375,Aviso,Aviso,2017-07-21,2017-09-17,colunas,colunas
157840,163843,1.0,Aviso de férias,Aviso de férias,2017-07-23,2017-09-07,colunas,colunas
157840,164893,1.0,Aviso de férias,Aviso,2017-07-23,2017-09-17,colunas,colunas
158107,166842,1.0,Aviso,Aviso,2017-07-25,2017-09-30,colunas,colunas
158955,163843,1.0,Aviso de férias,Aviso de férias,2017-07-31,2017-09-07,colunas,colunas
158955,164893,1.0,Aviso de férias,Aviso,2017-07-31,2017-09-17,colunas,colunas
159216,163153,0.9609375,"Enquanto Rio faz proposta que amplia a crise, ES mantém as contas em dia",Estado do ES mantém contas em dia depois de ajuste fiscal,2017-08-02,2017-09-02,colunas,cotidiano
160022,164000,1.0,Motorista perde o controle e carro invade padaria na zona norte de SP,Vídeo mostra momento em que carro invade padaria na zona norte de SP,2017-08-08,2017-09-08,cotidiano,cotidiano
